-- ============================================================
-- CoreInventory Mock Data (50+ rows per table)
-- Generated on: 2026-03-14T10:30:20.720Z
-- ============================================================

-- 1. USERS
INSERT INTO users (id, full_name, email, phone_number, password_hash, role, organization) VALUES ('8cc1bc5d-ba52-4663-a50a-8d10041e9e39', 'Admin Operations', 'admin@coreinventory.com', '+91-8134624602', '$2a$10$w8T9/Iu8C1Cg6xR7N0p0/uO.9hE03l.D0E69v8iH.e/.kE2g13z9q', 'inventory_manager', 'CoreInventory HQ');
INSERT INTO users (id, full_name, email, phone_number, password_hash, role, organization) VALUES ('e779c618-17f6-4392-83aa-33abca817e14', 'Aaryan Sengupta', 'aaryan.sengupta.4jjyz2@example.com', '+91-9813584354', '$2a$10$w8T9/Iu8C1Cg6xR7N0p0/uO.9hE03l.D0E69v8iH.e/.kE2g13z9q', 'warehouse_staff', 'CoreInventory HQ');
INSERT INTO users (id, full_name, email, phone_number, password_hash, role, organization) VALUES ('95d50988-abc9-4f4a-a03f-0386de40da89', 'Aarav Patel', 'aarav.patel.bwqsuo@example.com', '+91-9748251705', '$2a$10$w8T9/Iu8C1Cg6xR7N0p0/uO.9hE03l.D0E69v8iH.e/.kE2g13z9q', 'inventory_manager', 'CoreInventory HQ');
INSERT INTO users (id, full_name, email, phone_number, password_hash, role, organization) VALUES ('a601ef30-d6af-41fa-99e6-c405f6f8e581', 'Riya Bannerjee', 'riya.bannerjee.z4ex0d@example.com', '+91-7243205116', '$2a$10$w8T9/Iu8C1Cg6xR7N0p0/uO.9hE03l.D0E69v8iH.e/.kE2g13z9q', 'warehouse_staff', 'CoreInventory HQ');
INSERT INTO users (id, full_name, email, phone_number, password_hash, role, organization) VALUES ('9525d2a6-7a6f-4af7-af54-1710679a1930', 'Rohan Bose', 'rohan.bose.xvzuui@example.com', '+91-7137871659', '$2a$10$w8T9/Iu8C1Cg6xR7N0p0/uO.9hE03l.D0E69v8iH.e/.kE2g13z9q', 'warehouse_staff', 'CoreInventory HQ');
INSERT INTO users (id, full_name, email, phone_number, password_hash, role, organization) VALUES ('64b3bb0a-4804-4916-aac1-fa6aba69bd30', 'Neha Iyer', 'neha.iyer.kyant@example.com', '+91-9746608011', '$2a$10$w8T9/Iu8C1Cg6xR7N0p0/uO.9hE03l.D0E69v8iH.e/.kE2g13z9q', 'warehouse_staff', 'CoreInventory HQ');
INSERT INTO users (id, full_name, email, phone_number, password_hash, role, organization) VALUES ('8ddb30cf-eeca-4755-8ff0-268bfbad68b7', 'Rishi Pandey', 'rishi.pandey.wboipo@example.com', '+91-9182623315', '$2a$10$w8T9/Iu8C1Cg6xR7N0p0/uO.9hE03l.D0E69v8iH.e/.kE2g13z9q', 'warehouse_staff', 'CoreInventory HQ');
INSERT INTO users (id, full_name, email, phone_number, password_hash, role, organization) VALUES ('b567a271-fe11-4814-8b33-4ab4ca8fdcea', 'Kabir Nair', 'kabir.nair.pyikw@example.com', '+91-7881449178', '$2a$10$w8T9/Iu8C1Cg6xR7N0p0/uO.9hE03l.D0E69v8iH.e/.kE2g13z9q', 'inventory_manager', 'CoreInventory HQ');
INSERT INTO users (id, full_name, email, phone_number, password_hash, role, organization) VALUES ('d637f74a-2233-49ca-9c50-da7bd039fc13', 'Avni Menon', 'avni.menon.y15a4h@example.com', '+91-8724676767', '$2a$10$w8T9/Iu8C1Cg6xR7N0p0/uO.9hE03l.D0E69v8iH.e/.kE2g13z9q', 'inventory_manager', 'CoreInventory HQ');
INSERT INTO users (id, full_name, email, phone_number, password_hash, role, organization) VALUES ('590049cb-4666-47f7-a73e-7be69fcbdb71', 'Gauri Yadav', 'gauri.yadav.8o5zdw@example.com', '+91-6623606634', '$2a$10$w8T9/Iu8C1Cg6xR7N0p0/uO.9hE03l.D0E69v8iH.e/.kE2g13z9q', 'inventory_manager', 'CoreInventory HQ');
INSERT INTO users (id, full_name, email, phone_number, password_hash, role, organization) VALUES ('ca38621e-8066-48b0-b5f4-acfc332f51bd', 'Kabir Kaur', 'kabir.kaur.3romvt@example.com', '+91-6690094470', '$2a$10$w8T9/Iu8C1Cg6xR7N0p0/uO.9hE03l.D0E69v8iH.e/.kE2g13z9q', 'inventory_manager', 'CoreInventory HQ');
INSERT INTO users (id, full_name, email, phone_number, password_hash, role, organization) VALUES ('de15c0c5-a19a-424a-aa23-0f02f56a9ba6', 'Vivaan Kumar', 'vivaan.kumar.l7u1ed@example.com', '+91-9708429141', '$2a$10$w8T9/Iu8C1Cg6xR7N0p0/uO.9hE03l.D0E69v8iH.e/.kE2g13z9q', 'warehouse_staff', 'CoreInventory HQ');
INSERT INTO users (id, full_name, email, phone_number, password_hash, role, organization) VALUES ('119476c5-3048-4c8a-b2b7-2fb24901fbc2', 'Diya Yadav', 'diya.yadav.xgx2ob@example.com', '+91-9498417947', '$2a$10$w8T9/Iu8C1Cg6xR7N0p0/uO.9hE03l.D0E69v8iH.e/.kE2g13z9q', 'inventory_manager', 'CoreInventory HQ');
INSERT INTO users (id, full_name, email, phone_number, password_hash, role, organization) VALUES ('0d1283d5-4058-4890-b632-b2222d4821d3', 'Shaurya Gupta', 'shaurya.gupta.d20jov@example.com', '+91-9516192338', '$2a$10$w8T9/Iu8C1Cg6xR7N0p0/uO.9hE03l.D0E69v8iH.e/.kE2g13z9q', 'warehouse_staff', 'CoreInventory HQ');
INSERT INTO users (id, full_name, email, phone_number, password_hash, role, organization) VALUES ('22d5b928-2450-40b2-9131-1ed029b449c4', 'Dhruv Kumar', 'dhruv.kumar.xlk9ih@example.com', '+91-6484126618', '$2a$10$w8T9/Iu8C1Cg6xR7N0p0/uO.9hE03l.D0E69v8iH.e/.kE2g13z9q', 'inventory_manager', 'CoreInventory HQ');
INSERT INTO users (id, full_name, email, phone_number, password_hash, role, organization) VALUES ('745385a3-fbf0-4852-8018-daf647656db7', 'Ishaan Bose', 'ishaan.bose.d0192l@example.com', '+91-8366020501', '$2a$10$w8T9/Iu8C1Cg6xR7N0p0/uO.9hE03l.D0E69v8iH.e/.kE2g13z9q', 'inventory_manager', 'CoreInventory HQ');
INSERT INTO users (id, full_name, email, phone_number, password_hash, role, organization) VALUES ('4abe7ac2-0eeb-47ba-be3c-c9bc969e4bd1', 'Vihaan Pandey', 'vihaan.pandey.ur5vsh@example.com', '+91-7369250976', '$2a$10$w8T9/Iu8C1Cg6xR7N0p0/uO.9hE03l.D0E69v8iH.e/.kE2g13z9q', 'warehouse_staff', 'CoreInventory HQ');
INSERT INTO users (id, full_name, email, phone_number, password_hash, role, organization) VALUES ('61a03009-42b9-4376-8707-57c903e7d745', 'Rishi Bannerjee', 'rishi.bannerjee.bvsq2@example.com', '+91-8531165935', '$2a$10$w8T9/Iu8C1Cg6xR7N0p0/uO.9hE03l.D0E69v8iH.e/.kE2g13z9q', 'warehouse_staff', 'CoreInventory HQ');
INSERT INTO users (id, full_name, email, phone_number, password_hash, role, organization) VALUES ('0fc6204b-c7fb-4bb4-89f8-b09cda007ad1', 'Shaurya Kumar', 'shaurya.kumar.g62wsa@example.com', '+91-7945926952', '$2a$10$w8T9/Iu8C1Cg6xR7N0p0/uO.9hE03l.D0E69v8iH.e/.kE2g13z9q', 'inventory_manager', 'CoreInventory HQ');
INSERT INTO users (id, full_name, email, phone_number, password_hash, role, organization) VALUES ('393bbde3-8e3d-4998-956c-b4b1220b1756', 'Rohan Pandey', 'rohan.pandey.cwgcn@example.com', '+91-7379500502', '$2a$10$w8T9/Iu8C1Cg6xR7N0p0/uO.9hE03l.D0E69v8iH.e/.kE2g13z9q', 'warehouse_staff', 'CoreInventory HQ');
INSERT INTO users (id, full_name, email, phone_number, password_hash, role, organization) VALUES ('d8921905-f6bd-494a-9dff-c11106f592de', 'Riya Bannerjee', 'riya.bannerjee.62ffq@example.com', '+91-9810989786', '$2a$10$w8T9/Iu8C1Cg6xR7N0p0/uO.9hE03l.D0E69v8iH.e/.kE2g13z9q', 'inventory_manager', 'CoreInventory HQ');
INSERT INTO users (id, full_name, email, phone_number, password_hash, role, organization) VALUES ('3559524c-09a4-4b96-a97e-c5bc2d49bbb7', 'Gauri Bhat', 'gauri.bhat.vmfmc2@example.com', '+91-9063610666', '$2a$10$w8T9/Iu8C1Cg6xR7N0p0/uO.9hE03l.D0E69v8iH.e/.kE2g13z9q', 'warehouse_staff', 'CoreInventory HQ');
INSERT INTO users (id, full_name, email, phone_number, password_hash, role, organization) VALUES ('89ed61cf-8cca-4a3f-b6f7-5cd247eb1899', 'Priya Bannerjee', 'priya.bannerjee.gbc1g6@example.com', '+91-6000880515', '$2a$10$w8T9/Iu8C1Cg6xR7N0p0/uO.9hE03l.D0E69v8iH.e/.kE2g13z9q', 'inventory_manager', 'CoreInventory HQ');
INSERT INTO users (id, full_name, email, phone_number, password_hash, role, organization) VALUES ('9fef4b74-fd04-4850-a534-430387bebeab', 'Avni Kumar', 'avni.kumar.3w2bw@example.com', '+91-6764447102', '$2a$10$w8T9/Iu8C1Cg6xR7N0p0/uO.9hE03l.D0E69v8iH.e/.kE2g13z9q', 'warehouse_staff', 'CoreInventory HQ');
INSERT INTO users (id, full_name, email, phone_number, password_hash, role, organization) VALUES ('86492b60-f8fc-42a3-a8ed-8a1a74b43393', 'Reyansh Verma', 'reyansh.verma.fsm3yy@example.com', '+91-9527901826', '$2a$10$w8T9/Iu8C1Cg6xR7N0p0/uO.9hE03l.D0E69v8iH.e/.kE2g13z9q', 'inventory_manager', 'CoreInventory HQ');
INSERT INTO users (id, full_name, email, phone_number, password_hash, role, organization) VALUES ('1e59c0e9-7ebd-4102-80fb-b1abaa3d16f6', 'Vihaan Patel', 'vihaan.patel.f3xx5g@example.com', '+91-6581782754', '$2a$10$w8T9/Iu8C1Cg6xR7N0p0/uO.9hE03l.D0E69v8iH.e/.kE2g13z9q', 'inventory_manager', 'CoreInventory HQ');
INSERT INTO users (id, full_name, email, phone_number, password_hash, role, organization) VALUES ('331ee985-db3e-46b1-8ec1-fd4e36b596f9', 'Dhruv Patel', 'dhruv.patel.34oth@example.com', '+91-9992663345', '$2a$10$w8T9/Iu8C1Cg6xR7N0p0/uO.9hE03l.D0E69v8iH.e/.kE2g13z9q', 'warehouse_staff', 'CoreInventory HQ');
INSERT INTO users (id, full_name, email, phone_number, password_hash, role, organization) VALUES ('230f72da-b2e5-42e3-8d80-7288ef1ebe00', 'Ayaan Jain', 'ayaan.jain.5bjm9k@example.com', '+91-8302709130', '$2a$10$w8T9/Iu8C1Cg6xR7N0p0/uO.9hE03l.D0E69v8iH.e/.kE2g13z9q', 'inventory_manager', 'CoreInventory HQ');
INSERT INTO users (id, full_name, email, phone_number, password_hash, role, organization) VALUES ('7609277e-2130-422a-be54-c69ea35f3062', 'Myra Das', 'myra.das.sdfm94@example.com', '+91-6991765689', '$2a$10$w8T9/Iu8C1Cg6xR7N0p0/uO.9hE03l.D0E69v8iH.e/.kE2g13z9q', 'inventory_manager', 'CoreInventory HQ');
INSERT INTO users (id, full_name, email, phone_number, password_hash, role, organization) VALUES ('45130999-48e2-4b7d-bc3c-a0dac3e113d6', 'Vihaan Jain', 'vihaan.jain.4fac0l@example.com', '+91-8556200719', '$2a$10$w8T9/Iu8C1Cg6xR7N0p0/uO.9hE03l.D0E69v8iH.e/.kE2g13z9q', 'inventory_manager', 'CoreInventory HQ');
INSERT INTO users (id, full_name, email, phone_number, password_hash, role, organization) VALUES ('6c15979c-728c-4fc1-a79e-1cadd1729b4f', 'Neha Das', 'neha.das.orglqk@example.com', '+91-7166765406', '$2a$10$w8T9/Iu8C1Cg6xR7N0p0/uO.9hE03l.D0E69v8iH.e/.kE2g13z9q', 'inventory_manager', 'CoreInventory HQ');
INSERT INTO users (id, full_name, email, phone_number, password_hash, role, organization) VALUES ('5dca3407-7d37-425d-abb3-e85abb4ec7aa', 'Vivaan Jain', 'vivaan.jain.nygwgw@example.com', '+91-8706260499', '$2a$10$w8T9/Iu8C1Cg6xR7N0p0/uO.9hE03l.D0E69v8iH.e/.kE2g13z9q', 'warehouse_staff', 'CoreInventory HQ');
INSERT INTO users (id, full_name, email, phone_number, password_hash, role, organization) VALUES ('94210c26-a797-4415-a3e5-1a7fd572b27a', 'Shaurya Verma', 'shaurya.verma.kgs5ur@example.com', '+91-8825017615', '$2a$10$w8T9/Iu8C1Cg6xR7N0p0/uO.9hE03l.D0E69v8iH.e/.kE2g13z9q', 'inventory_manager', 'CoreInventory HQ');
INSERT INTO users (id, full_name, email, phone_number, password_hash, role, organization) VALUES ('6dcf86d5-6cd3-4406-998f-1803ab00ed53', 'Aarav Pandey', 'aarav.pandey.ilqr6h@example.com', '+91-6452901682', '$2a$10$w8T9/Iu8C1Cg6xR7N0p0/uO.9hE03l.D0E69v8iH.e/.kE2g13z9q', 'inventory_manager', 'CoreInventory HQ');
INSERT INTO users (id, full_name, email, phone_number, password_hash, role, organization) VALUES ('ad750edf-c1ac-4031-adac-3a48f67126dd', 'Karan Nair', 'karan.nair.djyflu@example.com', '+91-9276245433', '$2a$10$w8T9/Iu8C1Cg6xR7N0p0/uO.9hE03l.D0E69v8iH.e/.kE2g13z9q', 'inventory_manager', 'CoreInventory HQ');
INSERT INTO users (id, full_name, email, phone_number, password_hash, role, organization) VALUES ('def724a2-bc98-407c-9633-503918bfaa1f', 'Priya Choudhary', 'priya.choudhary.rwxbmb@example.com', '+91-7429067675', '$2a$10$w8T9/Iu8C1Cg6xR7N0p0/uO.9hE03l.D0E69v8iH.e/.kE2g13z9q', 'warehouse_staff', 'CoreInventory HQ');
INSERT INTO users (id, full_name, email, phone_number, password_hash, role, organization) VALUES ('6d3c00a7-a355-4ee2-83b6-7b8e320ccf59', 'Sai Gupta', 'sai.gupta.gne9lh@example.com', '+91-8574540857', '$2a$10$w8T9/Iu8C1Cg6xR7N0p0/uO.9hE03l.D0E69v8iH.e/.kE2g13z9q', 'warehouse_staff', 'CoreInventory HQ');
INSERT INTO users (id, full_name, email, phone_number, password_hash, role, organization) VALUES ('7c7cc594-72c0-464f-917a-ab5da13a3aa9', 'Ayaan Sharma', 'ayaan.sharma.m3yjfs@example.com', '+91-9799347895', '$2a$10$w8T9/Iu8C1Cg6xR7N0p0/uO.9hE03l.D0E69v8iH.e/.kE2g13z9q', 'warehouse_staff', 'CoreInventory HQ');
INSERT INTO users (id, full_name, email, phone_number, password_hash, role, organization) VALUES ('843a2ef8-90b0-47e6-9c22-cd9a8ddfa885', 'Isha Sengupta', 'isha.sengupta.k8od2@example.com', '+91-7007304568', '$2a$10$w8T9/Iu8C1Cg6xR7N0p0/uO.9hE03l.D0E69v8iH.e/.kE2g13z9q', 'warehouse_staff', 'CoreInventory HQ');
INSERT INTO users (id, full_name, email, phone_number, password_hash, role, organization) VALUES ('a5c0e6f5-ac94-441c-b546-5cddd809243b', 'Aadhya Gupta', 'aadhya.gupta.oponhv@example.com', '+91-7483010570', '$2a$10$w8T9/Iu8C1Cg6xR7N0p0/uO.9hE03l.D0E69v8iH.e/.kE2g13z9q', 'warehouse_staff', 'CoreInventory HQ');
INSERT INTO users (id, full_name, email, phone_number, password_hash, role, organization) VALUES ('d6443725-9296-4756-9f8c-7a98df672b31', 'Gauri Sengupta', 'gauri.sengupta.8s4ssi@example.com', '+91-9858252880', '$2a$10$w8T9/Iu8C1Cg6xR7N0p0/uO.9hE03l.D0E69v8iH.e/.kE2g13z9q', 'inventory_manager', 'CoreInventory HQ');
INSERT INTO users (id, full_name, email, phone_number, password_hash, role, organization) VALUES ('51eb0bc5-3fdb-4cec-8a98-77ec45ac4069', 'Isha Iyer', 'isha.iyer.tsrnv5c@example.com', '+91-9727378283', '$2a$10$w8T9/Iu8C1Cg6xR7N0p0/uO.9hE03l.D0E69v8iH.e/.kE2g13z9q', 'warehouse_staff', 'CoreInventory HQ');
INSERT INTO users (id, full_name, email, phone_number, password_hash, role, organization) VALUES ('5f697995-bd67-4fb0-aba6-398c6a7013b7', 'Suhana Menon', 'suhana.menon.916bj@example.com', '+91-9882758464', '$2a$10$w8T9/Iu8C1Cg6xR7N0p0/uO.9hE03l.D0E69v8iH.e/.kE2g13z9q', 'inventory_manager', 'CoreInventory HQ');
INSERT INTO users (id, full_name, email, phone_number, password_hash, role, organization) VALUES ('126e2142-46da-4732-9111-a8bdea780a50', 'Aditya Verma', 'aditya.verma.bmijvt@example.com', '+91-7640819775', '$2a$10$w8T9/Iu8C1Cg6xR7N0p0/uO.9hE03l.D0E69v8iH.e/.kE2g13z9q', 'warehouse_staff', 'CoreInventory HQ');
INSERT INTO users (id, full_name, email, phone_number, password_hash, role, organization) VALUES ('83a03042-67f5-458e-be99-a02d92650c39', 'Gauri Kaur', 'gauri.kaur.sxlch@example.com', '+91-8744943846', '$2a$10$w8T9/Iu8C1Cg6xR7N0p0/uO.9hE03l.D0E69v8iH.e/.kE2g13z9q', 'inventory_manager', 'CoreInventory HQ');
INSERT INTO users (id, full_name, email, phone_number, password_hash, role, organization) VALUES ('a5ff0611-f9b3-489f-a472-d356909d5f83', 'Aisha Bose', 'aisha.bose.24qmml@example.com', '+91-7596436464', '$2a$10$w8T9/Iu8C1Cg6xR7N0p0/uO.9hE03l.D0E69v8iH.e/.kE2g13z9q', 'warehouse_staff', 'CoreInventory HQ');
INSERT INTO users (id, full_name, email, phone_number, password_hash, role, organization) VALUES ('6525c1b8-27fd-4a44-b30b-9d65c1474f4d', 'Sai Thakur', 'sai.thakur.lyndvo@example.com', '+91-6923249013', '$2a$10$w8T9/Iu8C1Cg6xR7N0p0/uO.9hE03l.D0E69v8iH.e/.kE2g13z9q', 'inventory_manager', 'CoreInventory HQ');
INSERT INTO users (id, full_name, email, phone_number, password_hash, role, organization) VALUES ('21074ecf-55dd-4b77-ba3c-7a6cf6b68c66', 'Ananya Thakur', 'ananya.thakur.81lski@example.com', '+91-8136871818', '$2a$10$w8T9/Iu8C1Cg6xR7N0p0/uO.9hE03l.D0E69v8iH.e/.kE2g13z9q', 'warehouse_staff', 'CoreInventory HQ');
INSERT INTO users (id, full_name, email, phone_number, password_hash, role, organization) VALUES ('c0bdadbf-cb38-4e9d-8a3d-583ab8f337a9', 'Vivaan Singh', 'vivaan.singh.r4r1j@example.com', '+91-9630968524', '$2a$10$w8T9/Iu8C1Cg6xR7N0p0/uO.9hE03l.D0E69v8iH.e/.kE2g13z9q', 'warehouse_staff', 'CoreInventory HQ');
INSERT INTO users (id, full_name, email, phone_number, password_hash, role, organization) VALUES ('b0da52ea-883d-4771-b79f-f8dc77251641', 'Shaurya Verma', 'shaurya.verma.tmdz7o@example.com', '+91-6834708747', '$2a$10$w8T9/Iu8C1Cg6xR7N0p0/uO.9hE03l.D0E69v8iH.e/.kE2g13z9q', 'inventory_manager', 'CoreInventory HQ');

-- 2. CATEGORIES
INSERT INTO categories (id, name, description) VALUES ('f65e5c7e-7153-4c0f-9370-ad0517d5ec2a', 'Electronics', 'Electronics Category Description');
INSERT INTO categories (id, name, description) VALUES ('44a5367c-07ff-4528-8ad7-32131f78813f', 'Accessories', 'Accessories Category Description');
INSERT INTO categories (id, name, description) VALUES ('f08de6e7-0d7a-43b7-9768-ab021f002b6a', 'Peripherals', 'Peripherals Category Description');
INSERT INTO categories (id, name, description) VALUES ('34641c5a-73c1-49ec-84b8-6262347c7dc2', 'Networking', 'Networking Category Description');
INSERT INTO categories (id, name, description) VALUES ('5d475eda-f200-4bf8-a8a6-652568a42578', 'Storage', 'Storage Category Description');
INSERT INTO categories (id, name, description) VALUES ('c03b97e0-0dce-4608-b621-9b02a053386c', 'Components', 'Components Category Description');
INSERT INTO categories (id, name, description) VALUES ('e57bd897-c7fa-4626-a269-8998dc2c6b91', 'Cables', 'Cables Category Description');
INSERT INTO categories (id, name, description) VALUES ('c59128cd-04ee-453b-8dfb-48c25cdbbf12', 'Power', 'Power Category Description');
INSERT INTO categories (id, name, description) VALUES ('69f70031-7527-48a2-ace9-f5dc8e06b6fe', 'Audio', 'Audio Category Description');
INSERT INTO categories (id, name, description) VALUES ('8ba8b263-2018-4188-b871-5d4e0f818291', 'Visual', 'Visual Category Description');
INSERT INTO categories (id, name, description) VALUES ('74eeebc7-c3a5-4c52-89e0-8605304605af', 'Printing', 'Printing Category Description');
INSERT INTO categories (id, name, description) VALUES ('8d478fb8-816a-44d5-8de9-9cec4aa1b178', 'Servers', 'Servers Category Description');
INSERT INTO categories (id, name, description) VALUES ('61b62364-4922-4e26-8beb-e680381eb3a0', 'Smart Home', 'Smart Home Category Description');
INSERT INTO categories (id, name, description) VALUES ('378122ce-c9fe-473a-a4dd-96c505843fd5', 'Wearables', 'Wearables Category Description');
INSERT INTO categories (id, name, description) VALUES ('06580854-54d8-4cb0-b388-473a49d3f553', 'Security', 'Security Category Description');
INSERT INTO categories (id, name, description) VALUES ('70cd531f-4fd5-48ef-8dec-404b87ef8388', 'Cooling', 'Cooling Category Description');
INSERT INTO categories (id, name, description) VALUES ('bf72f592-2abf-41ed-87f0-d18ac5a4541b', 'Tools', 'Tools Category Description');
INSERT INTO categories (id, name, description) VALUES ('b1fef44c-9fa4-42fd-b5fa-239f4d080ddb', 'Furniture', 'Furniture Category Description');
INSERT INTO categories (id, name, description) VALUES ('e5ca173a-96f1-4e7f-929c-7d28073dd5f2', 'Software', 'Software Category Description');
INSERT INTO categories (id, name, description) VALUES ('c2a0f9b9-6de4-47ec-94a7-b16ac637eaf0', 'Services', 'Services Category Description');

-- 3. SUPPLIERS
INSERT INTO suppliers (id, name, email, phone) VALUES ('b2ce096e-b8a3-432e-9a77-f0869e096390', 'Kabir Corp Pvt Ltd', 'kabir.corp.pvt.ltd.95153i@example.com', '+91-8124525884');
INSERT INTO suppliers (id, name, email, phone) VALUES ('c38cd234-34a9-4b07-9b97-565efdbd2ed9', 'Vihaan Logistics Pvt Ltd', 'vihaan.logistics.pvt.ltd.wygs0g@example.com', '+91-6868321816');
INSERT INTO suppliers (id, name, email, phone) VALUES ('d62038c4-d0fc-451b-a830-2ff422b807c3', 'Riya Tech Pvt Ltd', 'riya.tech.pvt.ltd.u1it1@example.com', '+91-8988302088');
INSERT INTO suppliers (id, name, email, phone) VALUES ('9f1bd86f-ccc2-4642-ba4b-686a78bedd9f', 'Diya Solutions Pvt Ltd', 'diya.solutions.pvt.ltd.ihgcq@example.com', '+91-7275288893');
INSERT INTO suppliers (id, name, email, phone) VALUES ('7d37e95a-0eb3-4aac-8f5c-503f802a7d9c', 'Aadhya Solutions Pvt Ltd', 'aadhya.solutions.pvt.ltd.gyrj1@example.com', '+91-6028396333');
INSERT INTO suppliers (id, name, email, phone) VALUES ('2b0bd77f-83a0-4edc-a634-61203d37b6e2', 'Kabir Enterprises Pvt Ltd', 'kabir.enterprises.pvt.ltd.onrvte@example.com', '+91-8606225586');
INSERT INTO suppliers (id, name, email, phone) VALUES ('d96349c0-f5f2-47a6-ba9b-bf48ed069130', 'Aditya Industries Pvt Ltd', 'aditya.industries.pvt.ltd.9oxqfk@example.com', '+91-9727188368');
INSERT INTO suppliers (id, name, email, phone) VALUES ('87154f1b-7159-4c46-9f8a-8da31a711388', 'Aisha Tech Pvt Ltd', 'aisha.tech.pvt.ltd.up7lo@example.com', '+91-9977245025');
INSERT INTO suppliers (id, name, email, phone) VALUES ('b2beef56-befc-4b19-946d-803c8f090bc0', 'Isha Solutions Pvt Ltd', 'isha.solutions.pvt.ltd.mglcuq@example.com', '+91-6661381981');
INSERT INTO suppliers (id, name, email, phone) VALUES ('5338544a-50ac-4cf6-88ad-7f6ef3aa3a27', 'Priya Tech Pvt Ltd', 'priya.tech.pvt.ltd.yc51kk@example.com', '+91-8496674285');
INSERT INTO suppliers (id, name, email, phone) VALUES ('f361e925-b8a0-49dd-b016-2009c0e454e0', 'Dhruv Enterprises Pvt Ltd', 'dhruv.enterprises.pvt.ltd.p4focb@example.com', '+91-7141935859');
INSERT INTO suppliers (id, name, email, phone) VALUES ('c3160367-2582-402c-93ff-df965820d623', 'Riya Tech Pvt Ltd', 'riya.tech.pvt.ltd.0uio5@example.com', '+91-7606054110');
INSERT INTO suppliers (id, name, email, phone) VALUES ('b5e9df76-a9b1-44c4-9d63-01c380f00b66', 'Sai Logistics Pvt Ltd', 'sai.logistics.pvt.ltd.wvpq0w@example.com', '+91-7032369138');
INSERT INTO suppliers (id, name, email, phone) VALUES ('59add1e1-eea7-4d1c-b2af-19fe6d8a4ada', 'Shaurya Corp Pvt Ltd', 'shaurya.corp.pvt.ltd.40ni8@example.com', '+91-6188180744');
INSERT INTO suppliers (id, name, email, phone) VALUES ('cfae697d-6834-42d3-adc6-877e2dcd2c73', 'Ishaan Logistics Pvt Ltd', 'ishaan.logistics.pvt.ltd.q3nv3u@example.com', '+91-6000303748');
INSERT INTO suppliers (id, name, email, phone) VALUES ('38424585-c604-4ed6-9fd5-206c95a0f03f', 'Avni Logistics Pvt Ltd', 'avni.logistics.pvt.ltd.5qi4mr@example.com', '+91-6310572699');
INSERT INTO suppliers (id, name, email, phone) VALUES ('8f2b22f3-5108-4715-a7ce-288cce16e2e9', 'Gauri Logistics Pvt Ltd', 'gauri.logistics.pvt.ltd.9e7s4v@example.com', '+91-9901796384');
INSERT INTO suppliers (id, name, email, phone) VALUES ('ec746e5c-2344-4522-8e3b-26536e2dd81f', 'Myra Solutions Pvt Ltd', 'myra.solutions.pvt.ltd.zwdqet@example.com', '+91-8893899317');
INSERT INTO suppliers (id, name, email, phone) VALUES ('12576533-76ea-4802-8a0c-72daffc4b6c7', 'Arjun Logistics Pvt Ltd', 'arjun.logistics.pvt.ltd.k8fi1j@example.com', '+91-6381094954');
INSERT INTO suppliers (id, name, email, phone) VALUES ('a83b4d5a-f495-4470-b69a-a3acabaa1ec5', 'Aarav Corp Pvt Ltd', 'aarav.corp.pvt.ltd.qrap88@example.com', '+91-9288777353');
INSERT INTO suppliers (id, name, email, phone) VALUES ('f3b205ea-8921-4a1c-bdea-943e1b07f96c', 'Aarav Solutions Pvt Ltd', 'aarav.solutions.pvt.ltd.4kfbne@example.com', '+91-8692791870');
INSERT INTO suppliers (id, name, email, phone) VALUES ('c5a3d9f2-5a6f-496a-816d-b781f9e27033', 'Suhana Solutions Pvt Ltd', 'suhana.solutions.pvt.ltd.ijo0y@example.com', '+91-6315266593');
INSERT INTO suppliers (id, name, email, phone) VALUES ('0f7fb82e-2c85-4a8a-89c0-9e8f54cd242f', 'Suhana Solutions Pvt Ltd', 'suhana.solutions.pvt.ltd.gie6uo@example.com', '+91-7635559756');
INSERT INTO suppliers (id, name, email, phone) VALUES ('777dfa85-abbb-4886-8f89-d5b8d5972d83', 'Priya Tech Pvt Ltd', 'priya.tech.pvt.ltd.qr3rkg@example.com', '+91-6534236189');
INSERT INTO suppliers (id, name, email, phone) VALUES ('f97ab6fd-6a53-4e0a-9174-2f46b7f525b0', 'Aadhya Logistics Pvt Ltd', 'aadhya.logistics.pvt.ltd.bspdar@example.com', '+91-6220808285');
INSERT INTO suppliers (id, name, email, phone) VALUES ('58068676-423f-422e-836d-d9dbfaa3cc69', 'Riya Corp Pvt Ltd', 'riya.corp.pvt.ltd.5de1x@example.com', '+91-7431855862');
INSERT INTO suppliers (id, name, email, phone) VALUES ('2e41dd65-d536-47d1-a50c-5189a2386137', 'Kavya Industries Pvt Ltd', 'kavya.industries.pvt.ltd.kx8ufi@example.com', '+91-6306636963');
INSERT INTO suppliers (id, name, email, phone) VALUES ('0bb83565-8b0b-48a2-a5c3-9fc02bec1a49', 'Karan Tech Pvt Ltd', 'karan.tech.pvt.ltd.hestk@example.com', '+91-7858406552');
INSERT INTO suppliers (id, name, email, phone) VALUES ('159f482b-b8f5-4e8c-b195-05939b24f2de', 'Dhruv Tech Pvt Ltd', 'dhruv.tech.pvt.ltd.jy5dg@example.com', '+91-9532855413');
INSERT INTO suppliers (id, name, email, phone) VALUES ('b77683ec-30b6-4c9a-bd64-5dba19eae261', 'Aisha Solutions Pvt Ltd', 'aisha.solutions.pvt.ltd.jgsh0e@example.com', '+91-9133938867');
INSERT INTO suppliers (id, name, email, phone) VALUES ('3c82d026-771b-48b8-a0b9-e25656ce61d0', 'Priya Tech Pvt Ltd', 'priya.tech.pvt.ltd.1tbdg@example.com', '+91-7771178634');
INSERT INTO suppliers (id, name, email, phone) VALUES ('5a1601e6-b8d2-44bd-8592-a1f2f6efc53e', 'Vihaan Logistics Pvt Ltd', 'vihaan.logistics.pvt.ltd.qp552@example.com', '+91-6088747068');
INSERT INTO suppliers (id, name, email, phone) VALUES ('7b87dbdc-1583-45a8-a4f8-c191c8de88da', 'Suhana Corp Pvt Ltd', 'suhana.corp.pvt.ltd.t0c47m@example.com', '+91-7507802617');
INSERT INTO suppliers (id, name, email, phone) VALUES ('e447ceac-6e84-4c07-ad21-28203d7fd060', 'Arjun Trading Pvt Ltd', 'arjun.trading.pvt.ltd.hfrier@example.com', '+91-9667105560');
INSERT INTO suppliers (id, name, email, phone) VALUES ('9bc8f6a0-3223-40d7-9790-f20c7100550a', 'Aisha Corp Pvt Ltd', 'aisha.corp.pvt.ltd.nukn@example.com', '+91-6771581191');
INSERT INTO suppliers (id, name, email, phone) VALUES ('fa8dc5b4-a81f-4df3-98ce-6922096091ec', 'Rishi Corp Pvt Ltd', 'rishi.corp.pvt.ltd.urnys9@example.com', '+91-6144305485');
INSERT INTO suppliers (id, name, email, phone) VALUES ('06e63a81-c47b-4cdc-8611-ea094ebb8a7a', 'Aisha Solutions Pvt Ltd', 'aisha.solutions.pvt.ltd.v1zb5@example.com', '+91-6968274598');
INSERT INTO suppliers (id, name, email, phone) VALUES ('cc9f0a3b-efdc-4375-b3b0-40dc29e52536', 'Priya Tech Pvt Ltd', 'priya.tech.pvt.ltd.pe29c9@example.com', '+91-6203523771');
INSERT INTO suppliers (id, name, email, phone) VALUES ('26c60d65-6a4f-4a94-a5df-82af96e1b6dc', 'Myra Tech Pvt Ltd', 'myra.tech.pvt.ltd.nxhzb@example.com', '+91-8133311201');
INSERT INTO suppliers (id, name, email, phone) VALUES ('5ae98491-3b2f-4fa1-a9f0-7781699ea247', 'Myra Industries Pvt Ltd', 'myra.industries.pvt.ltd.4kpcq@example.com', '+91-6579871523');
INSERT INTO suppliers (id, name, email, phone) VALUES ('1132b3a5-2883-4a72-80bb-32e843d8f4eb', 'Aadhya Solutions Pvt Ltd', 'aadhya.solutions.pvt.ltd.zxyd2r@example.com', '+91-6358930410');
INSERT INTO suppliers (id, name, email, phone) VALUES ('75e7bc40-9608-47d6-8394-2ea9f72f78c2', 'Aarav Logistics Pvt Ltd', 'aarav.logistics.pvt.ltd.yfxawl@example.com', '+91-6976085426');
INSERT INTO suppliers (id, name, email, phone) VALUES ('e50cca28-69e3-45f2-ae15-b2f8ca1df6c8', 'Aisha Industries Pvt Ltd', 'aisha.industries.pvt.ltd.oj7nc@example.com', '+91-6340592627');
INSERT INTO suppliers (id, name, email, phone) VALUES ('11912d66-95ac-43fe-88f9-83f8ae43c536', 'Diya Logistics Pvt Ltd', 'diya.logistics.pvt.ltd.k663d@example.com', '+91-7813176360');
INSERT INTO suppliers (id, name, email, phone) VALUES ('e89005b4-7f74-4d38-bbbf-15f17acda66d', 'Ayaan Logistics Pvt Ltd', 'ayaan.logistics.pvt.ltd.0ne81@example.com', '+91-8076999678');
INSERT INTO suppliers (id, name, email, phone) VALUES ('52a5bb53-00f3-4bd8-84eb-05f630645910', 'Kavya Solutions Pvt Ltd', 'kavya.solutions.pvt.ltd.q2xcic@example.com', '+91-6521271402');
INSERT INTO suppliers (id, name, email, phone) VALUES ('6ff9896f-ebe4-4e0b-b222-6c25e14e127e', 'Suhana Industries Pvt Ltd', 'suhana.industries.pvt.ltd.v8n27h@example.com', '+91-9446814456');
INSERT INTO suppliers (id, name, email, phone) VALUES ('7849c12c-3268-4004-a399-816c7f285417', 'Diya Logistics Pvt Ltd', 'diya.logistics.pvt.ltd.y452kt@example.com', '+91-6510810655');
INSERT INTO suppliers (id, name, email, phone) VALUES ('c83ff1a4-b135-4034-ad91-cf6b3c866c12', 'Aaryan Solutions Pvt Ltd', 'aaryan.solutions.pvt.ltd.y3rpe@example.com', '+91-9033583005');
INSERT INTO suppliers (id, name, email, phone) VALUES ('2979d411-28ad-445a-bebd-0a24b1f713fb', 'Vihaan Solutions Pvt Ltd', 'vihaan.solutions.pvt.ltd.vksgp@example.com', '+91-8994545844');

-- 4. WAREHOUSES
INSERT INTO warehouses (id, name, address, is_active) VALUES ('7b5fba80-1c7c-44d8-b26e-b0eaf8b4f309', 'Warehouse Mumbai', '906, South Ex, Chennai', true);
INSERT INTO warehouses (id, name, address, is_active) VALUES ('255c9a71-5010-4774-8b7c-415fdd45a213', 'Warehouse Delhi', '406, Commercial Street, Kanpur', true);
INSERT INTO warehouses (id, name, address, is_active) VALUES ('d82a3fca-0a89-48ff-be03-578ad5819686', 'Warehouse Bengaluru', '562, Brigade Road, Kanpur', true);
INSERT INTO warehouses (id, name, address, is_active) VALUES ('1f3b3627-346d-46e3-b2cb-50eff1cb46f5', 'Warehouse Hyderabad', '753, Bandra, Kolkata', true);
INSERT INTO warehouses (id, name, address, is_active) VALUES ('42c11fda-ae4c-485f-9ba5-17d643b9f9d7', 'Warehouse Ahmedabad', '111, Koramangala, Thane', true);
INSERT INTO warehouses (id, name, address, is_active) VALUES ('9743ce1f-4993-4882-a2d5-42f901139cb3', 'Warehouse Chennai', '851, Park Street, Bhopal', true);
INSERT INTO warehouses (id, name, address, is_active) VALUES ('8f89a2a3-ea9e-4367-aaac-8a90f1000d80', 'Warehouse Kolkata', '589, Andheri, Indore', true);
INSERT INTO warehouses (id, name, address, is_active) VALUES ('2dcd7c8c-5eb0-4845-97f3-bdb9dd1581f7', 'Warehouse Surat', '645, Connaught Place, Thane', true);
INSERT INTO warehouses (id, name, address, is_active) VALUES ('6b08f2ae-f8ff-4471-9e29-66bf15044c71', 'Warehouse Pune', '286, Brigade Road, Chennai', true);
INSERT INTO warehouses (id, name, address, is_active) VALUES ('4cb2f979-857e-41cc-9c29-b2c677d3bbbc', 'Warehouse Jaipur', '953, Brigade Road, Chennai', true);

-- 5. LOCATIONS
INSERT INTO locations (id, warehouse_id, name, zone) VALUES ('1389579d-d85b-45b3-8ace-4ab7bcbef648', '7b5fba80-1c7c-44d8-b26e-b0eaf8b4f309', 'Receiving Zone 1', 'Receiving');
INSERT INTO locations (id, warehouse_id, name, zone) VALUES ('63df3b10-84e7-4f2a-9509-426207996a36', '7b5fba80-1c7c-44d8-b26e-b0eaf8b4f309', 'Storage Zone 2', 'Storage');
INSERT INTO locations (id, warehouse_id, name, zone) VALUES ('d2b6c2b8-93e7-4000-8c2e-f2a57631d60c', '7b5fba80-1c7c-44d8-b26e-b0eaf8b4f309', 'Storage Zone 3', 'Storage');
INSERT INTO locations (id, warehouse_id, name, zone) VALUES ('c9e92d47-9168-4689-b38e-64afb4920d88', '7b5fba80-1c7c-44d8-b26e-b0eaf8b4f309', 'Shipping Zone 4', 'Shipping');
INSERT INTO locations (id, warehouse_id, name, zone) VALUES ('3852a7b3-f655-4f16-8d61-f31e8a182483', '7b5fba80-1c7c-44d8-b26e-b0eaf8b4f309', 'Quality Zone 5', 'Quality');
INSERT INTO locations (id, warehouse_id, name, zone) VALUES ('ffdfb574-d3a1-46cd-ad3b-3563c7480673', '255c9a71-5010-4774-8b7c-415fdd45a213', 'Receiving Zone 1', 'Receiving');
INSERT INTO locations (id, warehouse_id, name, zone) VALUES ('cf2c0920-a9e0-411e-bf22-1e2881815ba3', '255c9a71-5010-4774-8b7c-415fdd45a213', 'Storage Zone 2', 'Storage');
INSERT INTO locations (id, warehouse_id, name, zone) VALUES ('a9b3032a-32eb-41ac-ad9b-462d27a72500', '255c9a71-5010-4774-8b7c-415fdd45a213', 'Storage Zone 3', 'Storage');
INSERT INTO locations (id, warehouse_id, name, zone) VALUES ('e5b15470-abf4-4b54-89d6-ebdebe056dde', '255c9a71-5010-4774-8b7c-415fdd45a213', 'Shipping Zone 4', 'Shipping');
INSERT INTO locations (id, warehouse_id, name, zone) VALUES ('1576efc7-20bb-4eb1-8b20-f292f265bd4a', '255c9a71-5010-4774-8b7c-415fdd45a213', 'Quality Zone 5', 'Quality');
INSERT INTO locations (id, warehouse_id, name, zone) VALUES ('126e04f3-64e2-4730-8409-2e548d0152cf', 'd82a3fca-0a89-48ff-be03-578ad5819686', 'Receiving Zone 1', 'Receiving');
INSERT INTO locations (id, warehouse_id, name, zone) VALUES ('a1cab631-22d0-463e-bf9b-71ecd48a580c', 'd82a3fca-0a89-48ff-be03-578ad5819686', 'Storage Zone 2', 'Storage');
INSERT INTO locations (id, warehouse_id, name, zone) VALUES ('1050eaeb-bc5f-4e04-89ac-902a7a79622a', 'd82a3fca-0a89-48ff-be03-578ad5819686', 'Storage Zone 3', 'Storage');
INSERT INTO locations (id, warehouse_id, name, zone) VALUES ('ec77a02b-ad51-42f9-a4d3-6b7d64a99b49', 'd82a3fca-0a89-48ff-be03-578ad5819686', 'Shipping Zone 4', 'Shipping');
INSERT INTO locations (id, warehouse_id, name, zone) VALUES ('88381029-bb75-4ba1-868a-25bd2176c27b', 'd82a3fca-0a89-48ff-be03-578ad5819686', 'Quality Zone 5', 'Quality');
INSERT INTO locations (id, warehouse_id, name, zone) VALUES ('23514c14-16d8-4d7a-b8ed-1935e60f3e81', '1f3b3627-346d-46e3-b2cb-50eff1cb46f5', 'Receiving Zone 1', 'Receiving');
INSERT INTO locations (id, warehouse_id, name, zone) VALUES ('aa0bfb79-7358-4643-a1ca-e90eabdee0fd', '1f3b3627-346d-46e3-b2cb-50eff1cb46f5', 'Storage Zone 2', 'Storage');
INSERT INTO locations (id, warehouse_id, name, zone) VALUES ('32e7dce7-4b31-4da9-b31b-1cf593dda08d', '1f3b3627-346d-46e3-b2cb-50eff1cb46f5', 'Storage Zone 3', 'Storage');
INSERT INTO locations (id, warehouse_id, name, zone) VALUES ('e0e9c369-4809-477a-8ad6-b175af3ec874', '1f3b3627-346d-46e3-b2cb-50eff1cb46f5', 'Shipping Zone 4', 'Shipping');
INSERT INTO locations (id, warehouse_id, name, zone) VALUES ('5ec13c2e-b42e-430f-8937-87133bde1daf', '1f3b3627-346d-46e3-b2cb-50eff1cb46f5', 'Quality Zone 5', 'Quality');
INSERT INTO locations (id, warehouse_id, name, zone) VALUES ('5851c86b-baa5-45c5-90b5-d1fdacb3eb83', '42c11fda-ae4c-485f-9ba5-17d643b9f9d7', 'Receiving Zone 1', 'Receiving');
INSERT INTO locations (id, warehouse_id, name, zone) VALUES ('aa26af2f-9b28-4543-a9f2-c67bf33072d2', '42c11fda-ae4c-485f-9ba5-17d643b9f9d7', 'Storage Zone 2', 'Storage');
INSERT INTO locations (id, warehouse_id, name, zone) VALUES ('3314d3ae-1334-48be-a617-7242f0ce20ed', '42c11fda-ae4c-485f-9ba5-17d643b9f9d7', 'Storage Zone 3', 'Storage');
INSERT INTO locations (id, warehouse_id, name, zone) VALUES ('458a3bba-af36-4551-941c-cc517827facd', '42c11fda-ae4c-485f-9ba5-17d643b9f9d7', 'Shipping Zone 4', 'Shipping');
INSERT INTO locations (id, warehouse_id, name, zone) VALUES ('34b29f53-0e00-4a1a-bb3c-11012804ce72', '42c11fda-ae4c-485f-9ba5-17d643b9f9d7', 'Quality Zone 5', 'Quality');
INSERT INTO locations (id, warehouse_id, name, zone) VALUES ('09615797-833b-4a30-b057-0c87e8c45642', '9743ce1f-4993-4882-a2d5-42f901139cb3', 'Receiving Zone 1', 'Receiving');
INSERT INTO locations (id, warehouse_id, name, zone) VALUES ('94ae51e4-66f5-4ca3-ab58-71c577fd7ea7', '9743ce1f-4993-4882-a2d5-42f901139cb3', 'Storage Zone 2', 'Storage');
INSERT INTO locations (id, warehouse_id, name, zone) VALUES ('66930ff7-e2cf-414b-ae08-4577ec2836dd', '9743ce1f-4993-4882-a2d5-42f901139cb3', 'Storage Zone 3', 'Storage');
INSERT INTO locations (id, warehouse_id, name, zone) VALUES ('d939a685-e6cd-42e7-b976-4a5ac488e50e', '9743ce1f-4993-4882-a2d5-42f901139cb3', 'Shipping Zone 4', 'Shipping');
INSERT INTO locations (id, warehouse_id, name, zone) VALUES ('a235b113-5d3d-49d4-a203-d32f04eb0032', '9743ce1f-4993-4882-a2d5-42f901139cb3', 'Quality Zone 5', 'Quality');
INSERT INTO locations (id, warehouse_id, name, zone) VALUES ('a7f81690-7b46-4ad2-968c-1376d93da0e1', '8f89a2a3-ea9e-4367-aaac-8a90f1000d80', 'Receiving Zone 1', 'Receiving');
INSERT INTO locations (id, warehouse_id, name, zone) VALUES ('3486a17a-96ca-4822-80c8-59ad7b37683f', '8f89a2a3-ea9e-4367-aaac-8a90f1000d80', 'Storage Zone 2', 'Storage');
INSERT INTO locations (id, warehouse_id, name, zone) VALUES ('db30e5ad-68ee-4337-beea-22396dda808d', '8f89a2a3-ea9e-4367-aaac-8a90f1000d80', 'Storage Zone 3', 'Storage');
INSERT INTO locations (id, warehouse_id, name, zone) VALUES ('cb052f8a-3399-4f83-81c6-d3ecf432aff2', '8f89a2a3-ea9e-4367-aaac-8a90f1000d80', 'Shipping Zone 4', 'Shipping');
INSERT INTO locations (id, warehouse_id, name, zone) VALUES ('746e8269-238f-4fd4-8020-c7acac8a476b', '8f89a2a3-ea9e-4367-aaac-8a90f1000d80', 'Quality Zone 5', 'Quality');
INSERT INTO locations (id, warehouse_id, name, zone) VALUES ('b0393836-d416-4a6c-a19b-333906829c49', '2dcd7c8c-5eb0-4845-97f3-bdb9dd1581f7', 'Receiving Zone 1', 'Receiving');
INSERT INTO locations (id, warehouse_id, name, zone) VALUES ('377d3890-ca20-4839-9a14-f0a807339209', '2dcd7c8c-5eb0-4845-97f3-bdb9dd1581f7', 'Storage Zone 2', 'Storage');
INSERT INTO locations (id, warehouse_id, name, zone) VALUES ('52a0d542-7526-475e-ba69-9eb68de75cda', '2dcd7c8c-5eb0-4845-97f3-bdb9dd1581f7', 'Storage Zone 3', 'Storage');
INSERT INTO locations (id, warehouse_id, name, zone) VALUES ('172f236c-b0cc-4a36-bf71-cbb3a6ae6be2', '2dcd7c8c-5eb0-4845-97f3-bdb9dd1581f7', 'Shipping Zone 4', 'Shipping');
INSERT INTO locations (id, warehouse_id, name, zone) VALUES ('20577fc0-82ad-4dcd-8e11-01cf7c30a514', '2dcd7c8c-5eb0-4845-97f3-bdb9dd1581f7', 'Quality Zone 5', 'Quality');
INSERT INTO locations (id, warehouse_id, name, zone) VALUES ('d06de196-6687-4d43-82d0-0f34963ef80c', '6b08f2ae-f8ff-4471-9e29-66bf15044c71', 'Receiving Zone 1', 'Receiving');
INSERT INTO locations (id, warehouse_id, name, zone) VALUES ('70072616-5b58-4c8f-8eff-290e999cdfb8', '6b08f2ae-f8ff-4471-9e29-66bf15044c71', 'Storage Zone 2', 'Storage');
INSERT INTO locations (id, warehouse_id, name, zone) VALUES ('03aea7d3-ebec-437b-86c5-48ad21188edc', '6b08f2ae-f8ff-4471-9e29-66bf15044c71', 'Storage Zone 3', 'Storage');
INSERT INTO locations (id, warehouse_id, name, zone) VALUES ('52052163-13a2-41ae-8522-1ca3ef8337a5', '6b08f2ae-f8ff-4471-9e29-66bf15044c71', 'Shipping Zone 4', 'Shipping');
INSERT INTO locations (id, warehouse_id, name, zone) VALUES ('6f5bc62b-b4fb-4344-940f-4775ebd8851d', '6b08f2ae-f8ff-4471-9e29-66bf15044c71', 'Quality Zone 5', 'Quality');
INSERT INTO locations (id, warehouse_id, name, zone) VALUES ('ad75dfeb-fa23-4eac-8f38-95b9d3b10bd4', '4cb2f979-857e-41cc-9c29-b2c677d3bbbc', 'Receiving Zone 1', 'Receiving');
INSERT INTO locations (id, warehouse_id, name, zone) VALUES ('149415f8-3a14-4864-b6a5-d892fb7af719', '4cb2f979-857e-41cc-9c29-b2c677d3bbbc', 'Storage Zone 2', 'Storage');
INSERT INTO locations (id, warehouse_id, name, zone) VALUES ('3b93c1c0-daa7-4826-9a3c-90f99b2d9710', '4cb2f979-857e-41cc-9c29-b2c677d3bbbc', 'Storage Zone 3', 'Storage');
INSERT INTO locations (id, warehouse_id, name, zone) VALUES ('8e520804-271c-442c-aaf9-523920cd3ac1', '4cb2f979-857e-41cc-9c29-b2c677d3bbbc', 'Shipping Zone 4', 'Shipping');
INSERT INTO locations (id, warehouse_id, name, zone) VALUES ('fdc73375-1d89-40b0-b053-da789aba3989', '4cb2f979-857e-41cc-9c29-b2c677d3bbbc', 'Quality Zone 5', 'Quality');

-- 6. PRODUCTS
INSERT INTO products (id, name, sku, category_id, unit_of_measure, reorder_point, reorder_qty, created_at) VALUES ('5afd699a-66a5-41ae-9e4f-6aba016893c9', 'Kingston Docking Station Model 520', 'SKU-19802', 'e57bd897-c7fa-4626-a269-8998dc2c6b91', 'units', 17, 55, '2025-05-05T02:17:20.723Z');
INSERT INTO products (id, name, sku, category_id, unit_of_measure, reorder_point, reorder_qty, created_at) VALUES ('1fd13a42-e0d4-4b37-871d-913dc1e7bdb4', 'Netgear Laptop Model 509', 'SKU-63292', 'e5ca173a-96f1-4e7f-929c-7d28073dd5f2', 'pieces', 7, 30, '2025-03-30T11:49:20.723Z');
INSERT INTO products (id, name, sku, category_id, unit_of_measure, reorder_point, reorder_qty, created_at) VALUES ('341564ac-060c-4c59-abb5-9e4789c3ee0d', 'Cisco SSD Model 101', 'SKU-14540', 'c59128cd-04ee-453b-8dfb-48c25cdbbf12', 'pieces', 7, 58, '2025-08-16T09:23:20.723Z');
INSERT INTO products (id, name, sku, category_id, unit_of_measure, reorder_point, reorder_qty, created_at) VALUES ('9ae0e00b-cccb-4bfd-b146-0add98ebf2e7', 'Nvidia Printer Model 410', 'SKU-83984', '69f70031-7527-48a2-ace9-f5dc8e06b6fe', 'pieces', 11, 36, '2025-11-07T01:38:20.723Z');
INSERT INTO products (id, name, sku, category_id, unit_of_measure, reorder_point, reorder_qty, created_at) VALUES ('4cecf198-08ad-46bf-8f28-3830403c166c', 'TP-Link Keyboard Model 517', 'SKU-59196', '74eeebc7-c3a5-4c52-89e0-8605304605af', 'units', 18, 57, '2025-10-23T08:51:20.723Z');
INSERT INTO products (id, name, sku, category_id, unit_of_measure, reorder_point, reorder_qty, created_at) VALUES ('6364f679-b2cc-4571-a98f-b170ec1cdfb4', 'AMD Headset Model 932', 'SKU-28006', '06580854-54d8-4cb0-b388-473a49d3f553', 'boxes', 11, 97, '2025-05-05T07:15:20.723Z');
INSERT INTO products (id, name, sku, category_id, unit_of_measure, reorder_point, reorder_qty, created_at) VALUES ('67a18037-e61f-443d-9abf-c942bd70afa8', 'Cisco Server Rack Model 308', 'SKU-15598', '69f70031-7527-48a2-ace9-f5dc8e06b6fe', 'pieces', 19, 53, '2025-04-21T04:56:20.723Z');
INSERT INTO products (id, name, sku, category_id, unit_of_measure, reorder_point, reorder_qty, created_at) VALUES ('fcbf99fa-d095-44e2-a0c3-bd8a62d49de2', 'LG Laptop Model 570', 'SKU-90644', '44a5367c-07ff-4528-8ad7-32131f78813f', 'boxes', 7, 84, '2025-10-16T15:01:20.723Z');
INSERT INTO products (id, name, sku, category_id, unit_of_measure, reorder_point, reorder_qty, created_at) VALUES ('b0622c6e-94ff-454f-835c-1e6da5975727', 'HP Microphone Model 339', 'SKU-72445', '69f70031-7527-48a2-ace9-f5dc8e06b6fe', 'units', 11, 29, '2025-09-04T01:27:20.723Z');
INSERT INTO products (id, name, sku, category_id, unit_of_measure, reorder_point, reorder_qty, created_at) VALUES ('d2b3d8e3-b42d-421c-9486-66bf40968391', 'Razer Switch Model 774', 'SKU-57879', '61b62364-4922-4e26-8beb-e680381eb3a0', 'pieces', 6, 26, '2025-11-07T06:21:20.723Z');
INSERT INTO products (id, name, sku, category_id, unit_of_measure, reorder_point, reorder_qty, created_at) VALUES ('3e2ce3c3-3e37-4268-a410-0cb4fb78e7c1', 'Asus Printer Model 918', 'SKU-30879', 'e5ca173a-96f1-4e7f-929c-7d28073dd5f2', 'units', 20, 91, '2026-01-08T09:04:20.723Z');
INSERT INTO products (id, name, sku, category_id, unit_of_measure, reorder_point, reorder_qty, created_at) VALUES ('bae0590b-d7cc-40d6-b857-fbf7d0c17ae1', 'Jabra Microphone Model 888', 'SKU-22598', 'bf72f592-2abf-41ed-87f0-d18ac5a4541b', 'units', 10, 43, '2025-11-23T09:15:20.723Z');
INSERT INTO products (id, name, sku, category_id, unit_of_measure, reorder_point, reorder_qty, created_at) VALUES ('b79c27fc-9cf8-439f-b371-840f66da4c6e', 'Jabra Laptop Model 316', 'SKU-46062', 'c59128cd-04ee-453b-8dfb-48c25cdbbf12', 'units', 7, 58, '2025-06-02T09:36:20.723Z');
INSERT INTO products (id, name, sku, category_id, unit_of_measure, reorder_point, reorder_qty, created_at) VALUES ('2bf7ab0f-c764-4bab-8bfb-c1328e539141', 'TP-Link GPU Model 763', 'SKU-69456', '5d475eda-f200-4bf8-a8a6-652568a42578', 'units', 12, 21, '2025-06-29T08:11:20.723Z');
INSERT INTO products (id, name, sku, category_id, unit_of_measure, reorder_point, reorder_qty, created_at) VALUES ('bdb7b550-fb84-4f61-b9d3-11b7c9866602', 'AMD SSD Model 541', 'SKU-73484', '69f70031-7527-48a2-ace9-f5dc8e06b6fe', 'pieces', 19, 98, '2025-05-17T14:31:20.723Z');
INSERT INTO products (id, name, sku, category_id, unit_of_measure, reorder_point, reorder_qty, created_at) VALUES ('b2970da4-dbd4-4c34-a193-b8d7915946bb', 'Cisco Server Rack Model 893', 'SKU-11580', 'c2a0f9b9-6de4-47ec-94a7-b16ac637eaf0', 'pieces', 8, 34, '2025-04-28T04:02:20.723Z');
INSERT INTO products (id, name, sku, category_id, unit_of_measure, reorder_point, reorder_qty, created_at) VALUES ('1ca9862f-d128-47f7-bc19-537e7d985236', 'LG Headset Model 923', 'SKU-17579', 'bf72f592-2abf-41ed-87f0-d18ac5a4541b', 'units', 11, 83, '2026-02-11T06:22:20.723Z');
INSERT INTO products (id, name, sku, category_id, unit_of_measure, reorder_point, reorder_qty, created_at) VALUES ('77e55e80-d93d-481c-a018-853695be93cd', 'WD Monitor Model 664', 'SKU-96625', '44a5367c-07ff-4528-8ad7-32131f78813f', 'pieces', 20, 99, '2025-04-06T01:04:20.723Z');
INSERT INTO products (id, name, sku, category_id, unit_of_measure, reorder_point, reorder_qty, created_at) VALUES ('030e0aff-620e-4a76-82fe-e9cc4484b720', 'Cisco Printer Model 584', 'SKU-47883', 'f08de6e7-0d7a-43b7-9768-ab021f002b6a', 'pieces', 16, 74, '2025-12-22T09:24:20.723Z');
INSERT INTO products (id, name, sku, category_id, unit_of_measure, reorder_point, reorder_qty, created_at) VALUES ('f381d105-3cbd-4328-9598-29bd0cd22b65', 'Corsair GPU Model 216', 'SKU-38434', '44a5367c-07ff-4528-8ad7-32131f78813f', 'boxes', 9, 71, '2025-03-25T04:44:20.723Z');
INSERT INTO products (id, name, sku, category_id, unit_of_measure, reorder_point, reorder_qty, created_at) VALUES ('055543a7-bf87-4cac-946a-c6d9832c109a', 'LG GPU Model 878', 'SKU-68764', 'f08de6e7-0d7a-43b7-9768-ab021f002b6a', 'units', 13, 28, '2025-12-03T07:02:20.723Z');
INSERT INTO products (id, name, sku, category_id, unit_of_measure, reorder_point, reorder_qty, created_at) VALUES ('11396fec-6686-4512-aa0e-1fd12f13607f', 'Intel GPU Model 554', 'SKU-14117', 'c03b97e0-0dce-4608-b621-9b02a053386c', 'boxes', 6, 21, '2025-09-01T02:40:20.723Z');
INSERT INTO products (id, name, sku, category_id, unit_of_measure, reorder_point, reorder_qty, created_at) VALUES ('994eeec5-6ca1-4c11-a020-384270659149', 'BenQ Microphone Model 537', 'SKU-31103', '5d475eda-f200-4bf8-a8a6-652568a42578', 'boxes', 18, 43, '2025-04-16T07:00:20.723Z');
INSERT INTO products (id, name, sku, category_id, unit_of_measure, reorder_point, reorder_qty, created_at) VALUES ('335d8910-4c05-4cfb-824f-5eba82ecbf57', 'Lenovo Monitor Model 271', 'SKU-90463', '378122ce-c9fe-473a-a4dd-96c505843fd5', 'pieces', 5, 43, '2026-02-05T01:36:20.723Z');
INSERT INTO products (id, name, sku, category_id, unit_of_measure, reorder_point, reorder_qty, created_at) VALUES ('379facbf-0ad1-4e0c-bb0d-6613c91f762b', 'AMD Microphone Model 838', 'SKU-53504', '378122ce-c9fe-473a-a4dd-96c505843fd5', 'pieces', 6, 29, '2026-02-25T03:56:20.723Z');
INSERT INTO products (id, name, sku, category_id, unit_of_measure, reorder_point, reorder_qty, created_at) VALUES ('5e65ff4b-3cb2-4c5d-b204-93b3255a0f0a', 'Jabra Adapter Model 200', 'SKU-93299', 'f08de6e7-0d7a-43b7-9768-ab021f002b6a', 'boxes', 16, 39, '2025-08-28T14:05:20.723Z');
INSERT INTO products (id, name, sku, category_id, unit_of_measure, reorder_point, reorder_qty, created_at) VALUES ('23d55237-5a97-4d59-9ecc-ebd73ad7d5f2', 'Kingston Mouse Model 885', 'SKU-76791', 'c03b97e0-0dce-4608-b621-9b02a053386c', 'boxes', 10, 61, '2025-08-18T13:06:20.723Z');
INSERT INTO products (id, name, sku, category_id, unit_of_measure, reorder_point, reorder_qty, created_at) VALUES ('d088ec4f-fad7-43e5-b887-15d33233e2b5', 'Cisco Headset Model 766', 'SKU-78649', '34641c5a-73c1-49ec-84b8-6262347c7dc2', 'pieces', 6, 52, '2025-12-25T09:54:20.723Z');
INSERT INTO products (id, name, sku, category_id, unit_of_measure, reorder_point, reorder_qty, created_at) VALUES ('894d7f03-cb13-4ab2-856e-ce053c948fe5', 'BenQ GPU Model 160', 'SKU-39169', '61b62364-4922-4e26-8beb-e680381eb3a0', 'pieces', 9, 25, '2025-09-01T10:06:20.723Z');
INSERT INTO products (id, name, sku, category_id, unit_of_measure, reorder_point, reorder_qty, created_at) VALUES ('9f750834-e2d8-4a5c-a53f-c549f9ede5c0', 'Apple Docking Station Model 591', 'SKU-71816', '74eeebc7-c3a5-4c52-89e0-8605304605af', 'pieces', 7, 88, '2025-04-06T12:50:20.723Z');
INSERT INTO products (id, name, sku, category_id, unit_of_measure, reorder_point, reorder_qty, created_at) VALUES ('ee1dbb2e-1c80-4938-8f26-fb741deae50b', 'Jabra Server Rack Model 744', 'SKU-25480', 'e57bd897-c7fa-4626-a269-8998dc2c6b91', 'units', 10, 86, '2025-07-04T12:16:20.723Z');
INSERT INTO products (id, name, sku, category_id, unit_of_measure, reorder_point, reorder_qty, created_at) VALUES ('bafbf66d-6912-429a-b46c-181f8d3cf9de', 'Cisco RAM Model 234', 'SKU-79394', '70cd531f-4fd5-48ef-8dec-404b87ef8388', 'units', 16, 49, '2025-08-19T10:24:20.723Z');
INSERT INTO products (id, name, sku, category_id, unit_of_measure, reorder_point, reorder_qty, created_at) VALUES ('22edc269-5362-4ca5-841d-917a3625dfbc', 'Acer Webcam Model 708', 'SKU-78374', 'e5ca173a-96f1-4e7f-929c-7d28073dd5f2', 'units', 19, 99, '2025-11-27T01:11:20.723Z');
INSERT INTO products (id, name, sku, category_id, unit_of_measure, reorder_point, reorder_qty, created_at) VALUES ('a3f90fe5-0d1b-450b-8244-3c931e9c51b4', 'Corsair Microphone Model 798', 'SKU-89430', '69f70031-7527-48a2-ace9-f5dc8e06b6fe', 'units', 19, 61, '2026-02-14T14:04:20.723Z');
INSERT INTO products (id, name, sku, category_id, unit_of_measure, reorder_point, reorder_qty, created_at) VALUES ('0a547981-603e-443e-ac30-68e39c8ecdee', 'LG Charger Model 778', 'SKU-40034', '61b62364-4922-4e26-8beb-e680381eb3a0', 'boxes', 15, 87, '2025-04-14T05:57:20.723Z');
INSERT INTO products (id, name, sku, category_id, unit_of_measure, reorder_point, reorder_qty, created_at) VALUES ('8d8e82da-291f-4f43-ad37-199474551254', 'Sony Microphone Model 262', 'SKU-39967', '44a5367c-07ff-4528-8ad7-32131f78813f', 'pieces', 15, 96, '2026-01-17T04:53:20.723Z');
INSERT INTO products (id, name, sku, category_id, unit_of_measure, reorder_point, reorder_qty, created_at) VALUES ('bc69d07f-398b-4266-b778-576b070bd779', 'Acer SSD Model 188', 'SKU-48878', 'e5ca173a-96f1-4e7f-929c-7d28073dd5f2', 'units', 15, 96, '2025-03-27T02:50:20.723Z');
INSERT INTO products (id, name, sku, category_id, unit_of_measure, reorder_point, reorder_qty, created_at) VALUES ('fb2050b4-2cd7-445b-a36f-70ce79bb8273', 'Jabra UPS Model 939', 'SKU-24521', 'c2a0f9b9-6de4-47ec-94a7-b16ac637eaf0', 'boxes', 17, 58, '2025-09-12T11:57:20.723Z');
INSERT INTO products (id, name, sku, category_id, unit_of_measure, reorder_point, reorder_qty, created_at) VALUES ('3aedcc6c-cc44-4a12-a7ce-7120912e008b', 'Apple Mouse Model 868', 'SKU-38458', '5d475eda-f200-4bf8-a8a6-652568a42578', 'units', 13, 89, '2025-08-21T12:46:20.723Z');
INSERT INTO products (id, name, sku, category_id, unit_of_measure, reorder_point, reorder_qty, created_at) VALUES ('b5422929-a4b9-44fd-832a-6fe71682fbcc', 'Razer Mouse Model 732', 'SKU-63223', '44a5367c-07ff-4528-8ad7-32131f78813f', 'pieces', 11, 84, '2025-08-30T04:56:20.723Z');
INSERT INTO products (id, name, sku, category_id, unit_of_measure, reorder_point, reorder_qty, created_at) VALUES ('949aad1e-b01e-4746-9104-b0537ff072bf', 'AMD RAM Model 110', 'SKU-48020', 'c2a0f9b9-6de4-47ec-94a7-b16ac637eaf0', 'units', 10, 88, '2025-05-21T01:18:20.723Z');
INSERT INTO products (id, name, sku, category_id, unit_of_measure, reorder_point, reorder_qty, created_at) VALUES ('125e2cad-205c-4313-b17b-2119f96c7523', 'Samsung Server Rack Model 557', 'SKU-91850', 'e57bd897-c7fa-4626-a269-8998dc2c6b91', 'boxes', 20, 80, '2025-08-13T12:55:20.723Z');
INSERT INTO products (id, name, sku, category_id, unit_of_measure, reorder_point, reorder_qty, created_at) VALUES ('5ee1e659-db33-491b-a1c1-22d704fb03fc', 'Jabra Server Rack Model 692', 'SKU-74662', '61b62364-4922-4e26-8beb-e680381eb3a0', 'boxes', 16, 77, '2025-03-31T12:29:20.724Z');
INSERT INTO products (id, name, sku, category_id, unit_of_measure, reorder_point, reorder_qty, created_at) VALUES ('77706992-46a5-470a-bbc3-390658ac1579', 'Sony UPS Model 393', 'SKU-27774', 'c2a0f9b9-6de4-47ec-94a7-b16ac637eaf0', 'pieces', 19, 27, '2025-05-03T09:30:20.724Z');
INSERT INTO products (id, name, sku, category_id, unit_of_measure, reorder_point, reorder_qty, created_at) VALUES ('3a88ce42-5d14-4306-8458-f6fb0bbdc851', 'Seagate Webcam Model 753', 'SKU-94541', 'bf72f592-2abf-41ed-87f0-d18ac5a4541b', 'boxes', 12, 91, '2025-04-10T03:52:20.724Z');
INSERT INTO products (id, name, sku, category_id, unit_of_measure, reorder_point, reorder_qty, created_at) VALUES ('4c5a10a2-fb8c-45c4-8323-552053be7c49', 'Nvidia SSD Model 182', 'SKU-51711', '5d475eda-f200-4bf8-a8a6-652568a42578', 'units', 10, 95, '2025-09-21T01:09:20.724Z');
INSERT INTO products (id, name, sku, category_id, unit_of_measure, reorder_point, reorder_qty, created_at) VALUES ('d2b7a318-a871-4f4d-a9a4-4a5e20e2c282', 'Seagate Adapter Model 828', 'SKU-52743', '69f70031-7527-48a2-ace9-f5dc8e06b6fe', 'units', 6, 70, '2025-08-13T03:58:20.724Z');
INSERT INTO products (id, name, sku, category_id, unit_of_measure, reorder_point, reorder_qty, created_at) VALUES ('abffdbb7-5129-405c-aaad-7505948fb8d1', 'Logitech Mouse Model 249', 'SKU-25790', '8ba8b263-2018-4188-b871-5d4e0f818291', 'pieces', 20, 58, '2025-07-11T13:50:20.724Z');
INSERT INTO products (id, name, sku, category_id, unit_of_measure, reorder_point, reorder_qty, created_at) VALUES ('2b2d6d2f-5fd0-4aef-b462-f6d84959d51a', 'Logitech Webcam Model 848', 'SKU-25976', 'f65e5c7e-7153-4c0f-9370-ad0517d5ec2a', 'pieces', 10, 40, '2025-08-21T01:06:20.724Z');
INSERT INTO products (id, name, sku, category_id, unit_of_measure, reorder_point, reorder_qty, created_at) VALUES ('c009c438-fed7-40b0-8cf6-7833258eb0dc', 'Razer RAM Model 624', 'SKU-79565', 'b1fef44c-9fa4-42fd-b5fa-239f4d080ddb', 'units', 15, 77, '2025-08-25T02:01:20.724Z');

-- 7. STOCK LEVELS
INSERT INTO stock_levels (id, product_id, location_id, quantity, updated_at) VALUES ('843ebeaa-45be-4fd2-bdf6-e14fe60c00e0', '994eeec5-6ca1-4c11-a020-384270659149', '377d3890-ca20-4839-9a14-f0a807339209', 288, '2026-02-18T12:33:20.724Z') ON CONFLICT (product_id, location_id) DO UPDATE SET quantity = EXCLUDED.quantity;
INSERT INTO stock_levels (id, product_id, location_id, quantity, updated_at) VALUES ('13a436fe-c207-4f09-ad2c-298396538a4d', '341564ac-060c-4c59-abb5-9e4789c3ee0d', '149415f8-3a14-4864-b6a5-d892fb7af719', 180, '2026-03-12T09:18:20.724Z') ON CONFLICT (product_id, location_id) DO UPDATE SET quantity = EXCLUDED.quantity;
INSERT INTO stock_levels (id, product_id, location_id, quantity, updated_at) VALUES ('8dd82687-a89d-4cc1-a947-d128b6de101e', '125e2cad-205c-4313-b17b-2119f96c7523', 'a1cab631-22d0-463e-bf9b-71ecd48a580c', 176, '2026-03-03T01:54:20.724Z') ON CONFLICT (product_id, location_id) DO UPDATE SET quantity = EXCLUDED.quantity;
INSERT INTO stock_levels (id, product_id, location_id, quantity, updated_at) VALUES ('d3b20076-029e-49ef-902f-8a4496c27990', 'd088ec4f-fad7-43e5-b887-15d33233e2b5', '66930ff7-e2cf-414b-ae08-4577ec2836dd', 154, '2026-02-18T10:58:20.724Z') ON CONFLICT (product_id, location_id) DO UPDATE SET quantity = EXCLUDED.quantity;
INSERT INTO stock_levels (id, product_id, location_id, quantity, updated_at) VALUES ('d8561859-f2b4-4fe3-8f79-587b173ac6f0', '3e2ce3c3-3e37-4268-a410-0cb4fb78e7c1', 'aa0bfb79-7358-4643-a1ca-e90eabdee0fd', 241, '2026-03-09T06:17:20.724Z') ON CONFLICT (product_id, location_id) DO UPDATE SET quantity = EXCLUDED.quantity;
INSERT INTO stock_levels (id, product_id, location_id, quantity, updated_at) VALUES ('cc65ad43-214a-41b9-9e8b-fc908c37c950', 'c009c438-fed7-40b0-8cf6-7833258eb0dc', '1050eaeb-bc5f-4e04-89ac-902a7a79622a', 206, '2026-03-04T14:32:20.724Z') ON CONFLICT (product_id, location_id) DO UPDATE SET quantity = EXCLUDED.quantity;
INSERT INTO stock_levels (id, product_id, location_id, quantity, updated_at) VALUES ('30228dff-1910-4df4-9eb9-3221bf47c7c0', '125e2cad-205c-4313-b17b-2119f96c7523', 'aa26af2f-9b28-4543-a9f2-c67bf33072d2', 150, '2026-02-12T02:02:20.724Z') ON CONFLICT (product_id, location_id) DO UPDATE SET quantity = EXCLUDED.quantity;
INSERT INTO stock_levels (id, product_id, location_id, quantity, updated_at) VALUES ('08639a16-b802-4cbe-840c-47b4d35df725', '125e2cad-205c-4313-b17b-2119f96c7523', '3486a17a-96ca-4822-80c8-59ad7b37683f', 196, '2026-02-24T13:04:20.724Z') ON CONFLICT (product_id, location_id) DO UPDATE SET quantity = EXCLUDED.quantity;
INSERT INTO stock_levels (id, product_id, location_id, quantity, updated_at) VALUES ('496ca1bd-6e0e-4071-8047-711c2bcc43f4', '2bf7ab0f-c764-4bab-8bfb-c1328e539141', '3b93c1c0-daa7-4826-9a3c-90f99b2d9710', 284, '2026-03-12T07:54:20.724Z') ON CONFLICT (product_id, location_id) DO UPDATE SET quantity = EXCLUDED.quantity;
INSERT INTO stock_levels (id, product_id, location_id, quantity, updated_at) VALUES ('7e48b019-48eb-433c-b94c-f84db441d58a', '4c5a10a2-fb8c-45c4-8323-552053be7c49', '3314d3ae-1334-48be-a617-7242f0ce20ed', 466, '2026-02-20T09:28:20.724Z') ON CONFLICT (product_id, location_id) DO UPDATE SET quantity = EXCLUDED.quantity;
INSERT INTO stock_levels (id, product_id, location_id, quantity, updated_at) VALUES ('f72f99c5-8f1c-44ca-8a32-1f7126806883', '1ca9862f-d128-47f7-bc19-537e7d985236', 'db30e5ad-68ee-4337-beea-22396dda808d', 465, '2026-02-14T10:09:20.724Z') ON CONFLICT (product_id, location_id) DO UPDATE SET quantity = EXCLUDED.quantity;
INSERT INTO stock_levels (id, product_id, location_id, quantity, updated_at) VALUES ('c4f74ca3-8852-478c-bc8b-4247751314a9', '0a547981-603e-443e-ac30-68e39c8ecdee', '1050eaeb-bc5f-4e04-89ac-902a7a79622a', 70, '2026-03-02T14:01:20.724Z') ON CONFLICT (product_id, location_id) DO UPDATE SET quantity = EXCLUDED.quantity;
INSERT INTO stock_levels (id, product_id, location_id, quantity, updated_at) VALUES ('ff4cfcea-a9bb-425d-bdc2-d09f12aca151', 'b5422929-a4b9-44fd-832a-6fe71682fbcc', '377d3890-ca20-4839-9a14-f0a807339209', 206, '2026-02-12T03:21:20.724Z') ON CONFLICT (product_id, location_id) DO UPDATE SET quantity = EXCLUDED.quantity;
INSERT INTO stock_levels (id, product_id, location_id, quantity, updated_at) VALUES ('91190e40-14ca-4270-b83d-39b21bb73239', '4cecf198-08ad-46bf-8f28-3830403c166c', '3486a17a-96ca-4822-80c8-59ad7b37683f', 482, '2026-02-15T02:39:20.724Z') ON CONFLICT (product_id, location_id) DO UPDATE SET quantity = EXCLUDED.quantity;
INSERT INTO stock_levels (id, product_id, location_id, quantity, updated_at) VALUES ('4701cf7f-7c38-4c87-9cca-762cc2ae5b08', 'bc69d07f-398b-4266-b778-576b070bd779', 'a9b3032a-32eb-41ac-ad9b-462d27a72500', 310, '2026-03-05T00:56:20.724Z') ON CONFLICT (product_id, location_id) DO UPDATE SET quantity = EXCLUDED.quantity;
INSERT INTO stock_levels (id, product_id, location_id, quantity, updated_at) VALUES ('098f78d0-aa8e-4f20-8a53-c7233c9ac1ac', '125e2cad-205c-4313-b17b-2119f96c7523', '63df3b10-84e7-4f2a-9509-426207996a36', 358, '2026-03-02T10:44:20.724Z') ON CONFLICT (product_id, location_id) DO UPDATE SET quantity = EXCLUDED.quantity;
INSERT INTO stock_levels (id, product_id, location_id, quantity, updated_at) VALUES ('6f51d8e0-7a85-405a-8143-2712d171d52b', '23d55237-5a97-4d59-9ecc-ebd73ad7d5f2', 'db30e5ad-68ee-4337-beea-22396dda808d', 165, '2026-03-07T08:57:20.724Z') ON CONFLICT (product_id, location_id) DO UPDATE SET quantity = EXCLUDED.quantity;
INSERT INTO stock_levels (id, product_id, location_id, quantity, updated_at) VALUES ('aa6ce470-bb25-4e6d-9901-7147943f11f5', 'f381d105-3cbd-4328-9598-29bd0cd22b65', '377d3890-ca20-4839-9a14-f0a807339209', 486, '2026-02-16T03:03:20.724Z') ON CONFLICT (product_id, location_id) DO UPDATE SET quantity = EXCLUDED.quantity;
INSERT INTO stock_levels (id, product_id, location_id, quantity, updated_at) VALUES ('17b5f4a2-e901-48c8-b81b-780106eed58e', '3a88ce42-5d14-4306-8458-f6fb0bbdc851', '149415f8-3a14-4864-b6a5-d892fb7af719', 230, '2026-03-10T02:01:20.724Z') ON CONFLICT (product_id, location_id) DO UPDATE SET quantity = EXCLUDED.quantity;
INSERT INTO stock_levels (id, product_id, location_id, quantity, updated_at) VALUES ('56d056f9-373e-42d3-b7cb-7e4baea9cd97', '379facbf-0ad1-4e0c-bb0d-6613c91f762b', '94ae51e4-66f5-4ca3-ab58-71c577fd7ea7', 129, '2026-03-09T09:50:20.724Z') ON CONFLICT (product_id, location_id) DO UPDATE SET quantity = EXCLUDED.quantity;
INSERT INTO stock_levels (id, product_id, location_id, quantity, updated_at) VALUES ('4d1a8970-938d-429f-ac87-eefd9b67f8b9', '2b2d6d2f-5fd0-4aef-b462-f6d84959d51a', '1050eaeb-bc5f-4e04-89ac-902a7a79622a', 447, '2026-03-10T05:57:20.724Z') ON CONFLICT (product_id, location_id) DO UPDATE SET quantity = EXCLUDED.quantity;
INSERT INTO stock_levels (id, product_id, location_id, quantity, updated_at) VALUES ('23553d8a-132f-43ac-9d76-b66641bc1660', 'a3f90fe5-0d1b-450b-8244-3c931e9c51b4', '3314d3ae-1334-48be-a617-7242f0ce20ed', 420, '2026-02-22T14:43:20.724Z') ON CONFLICT (product_id, location_id) DO UPDATE SET quantity = EXCLUDED.quantity;
INSERT INTO stock_levels (id, product_id, location_id, quantity, updated_at) VALUES ('ee931d9d-c0cb-4dea-90c1-8d8151b3f2af', 'fcbf99fa-d095-44e2-a0c3-bd8a62d49de2', '1050eaeb-bc5f-4e04-89ac-902a7a79622a', 320, '2026-03-03T11:34:20.724Z') ON CONFLICT (product_id, location_id) DO UPDATE SET quantity = EXCLUDED.quantity;
INSERT INTO stock_levels (id, product_id, location_id, quantity, updated_at) VALUES ('f3b4aafe-5338-40c8-8fc2-3e7550824bb6', 'bc69d07f-398b-4266-b778-576b070bd779', '377d3890-ca20-4839-9a14-f0a807339209', 143, '2026-03-11T13:33:20.724Z') ON CONFLICT (product_id, location_id) DO UPDATE SET quantity = EXCLUDED.quantity;
INSERT INTO stock_levels (id, product_id, location_id, quantity, updated_at) VALUES ('19986c59-2d9c-4669-abd1-1bf33dc98ca7', '11396fec-6686-4512-aa0e-1fd12f13607f', '03aea7d3-ebec-437b-86c5-48ad21188edc', 478, '2026-03-05T10:27:20.724Z') ON CONFLICT (product_id, location_id) DO UPDATE SET quantity = EXCLUDED.quantity;
INSERT INTO stock_levels (id, product_id, location_id, quantity, updated_at) VALUES ('32a44e51-f14a-42a4-839d-9e8b69432bf6', '2bf7ab0f-c764-4bab-8bfb-c1328e539141', 'a9b3032a-32eb-41ac-ad9b-462d27a72500', 373, '2026-02-26T03:57:20.724Z') ON CONFLICT (product_id, location_id) DO UPDATE SET quantity = EXCLUDED.quantity;
INSERT INTO stock_levels (id, product_id, location_id, quantity, updated_at) VALUES ('90038f3e-4a95-462b-bc7e-6cc7edede26d', 'f381d105-3cbd-4328-9598-29bd0cd22b65', '3314d3ae-1334-48be-a617-7242f0ce20ed', 443, '2026-03-10T02:57:20.724Z') ON CONFLICT (product_id, location_id) DO UPDATE SET quantity = EXCLUDED.quantity;
INSERT INTO stock_levels (id, product_id, location_id, quantity, updated_at) VALUES ('fd72a75c-0070-4b0f-a664-6d47c17dc826', '6364f679-b2cc-4571-a98f-b170ec1cdfb4', '70072616-5b58-4c8f-8eff-290e999cdfb8', 298, '2026-03-10T15:00:20.724Z') ON CONFLICT (product_id, location_id) DO UPDATE SET quantity = EXCLUDED.quantity;
INSERT INTO stock_levels (id, product_id, location_id, quantity, updated_at) VALUES ('9ff15593-ff9b-4d39-ab41-8a70ea6d0e43', '3aedcc6c-cc44-4a12-a7ce-7120912e008b', '94ae51e4-66f5-4ca3-ab58-71c577fd7ea7', 360, '2026-02-14T13:21:20.724Z') ON CONFLICT (product_id, location_id) DO UPDATE SET quantity = EXCLUDED.quantity;
INSERT INTO stock_levels (id, product_id, location_id, quantity, updated_at) VALUES ('35719b88-29e1-485a-9811-76bd7a8bf075', '6364f679-b2cc-4571-a98f-b170ec1cdfb4', '3486a17a-96ca-4822-80c8-59ad7b37683f', 149, '2026-02-23T15:17:20.724Z') ON CONFLICT (product_id, location_id) DO UPDATE SET quantity = EXCLUDED.quantity;
INSERT INTO stock_levels (id, product_id, location_id, quantity, updated_at) VALUES ('e1bdec8a-6c6c-456d-92ce-b5348c542821', '894d7f03-cb13-4ab2-856e-ce053c948fe5', 'aa0bfb79-7358-4643-a1ca-e90eabdee0fd', 482, '2026-03-08T12:42:20.724Z') ON CONFLICT (product_id, location_id) DO UPDATE SET quantity = EXCLUDED.quantity;
INSERT INTO stock_levels (id, product_id, location_id, quantity, updated_at) VALUES ('49d6b7f7-fa50-4495-831b-1b135c241715', 'c009c438-fed7-40b0-8cf6-7833258eb0dc', 'cf2c0920-a9e0-411e-bf22-1e2881815ba3', 477, '2026-03-02T06:03:20.724Z') ON CONFLICT (product_id, location_id) DO UPDATE SET quantity = EXCLUDED.quantity;
INSERT INTO stock_levels (id, product_id, location_id, quantity, updated_at) VALUES ('b1cf4d8c-c67c-4d5d-b288-2e2b2d81fc0c', '5e65ff4b-3cb2-4c5d-b204-93b3255a0f0a', '377d3890-ca20-4839-9a14-f0a807339209', 356, '2026-03-03T05:09:20.724Z') ON CONFLICT (product_id, location_id) DO UPDATE SET quantity = EXCLUDED.quantity;
INSERT INTO stock_levels (id, product_id, location_id, quantity, updated_at) VALUES ('3c66d669-81f2-42e1-8ed1-60b126e8843d', 'b0622c6e-94ff-454f-835c-1e6da5975727', 'd2b6c2b8-93e7-4000-8c2e-f2a57631d60c', 262, '2026-02-17T10:36:20.724Z') ON CONFLICT (product_id, location_id) DO UPDATE SET quantity = EXCLUDED.quantity;
INSERT INTO stock_levels (id, product_id, location_id, quantity, updated_at) VALUES ('6543587d-33a6-4488-a36d-b399150c3b1c', '055543a7-bf87-4cac-946a-c6d9832c109a', '63df3b10-84e7-4f2a-9509-426207996a36', 100, '2026-02-27T06:26:20.724Z') ON CONFLICT (product_id, location_id) DO UPDATE SET quantity = EXCLUDED.quantity;
INSERT INTO stock_levels (id, product_id, location_id, quantity, updated_at) VALUES ('11670572-7e66-4e28-bda4-8b3461a3e488', 'b79c27fc-9cf8-439f-b371-840f66da4c6e', 'a1cab631-22d0-463e-bf9b-71ecd48a580c', 213, '2026-03-12T08:35:20.724Z') ON CONFLICT (product_id, location_id) DO UPDATE SET quantity = EXCLUDED.quantity;
INSERT INTO stock_levels (id, product_id, location_id, quantity, updated_at) VALUES ('0fae5ed0-5c15-4615-8db5-4e9b5e2f4e8b', 'abffdbb7-5129-405c-aaad-7505948fb8d1', '377d3890-ca20-4839-9a14-f0a807339209', 78, '2026-03-10T01:00:20.724Z') ON CONFLICT (product_id, location_id) DO UPDATE SET quantity = EXCLUDED.quantity;
INSERT INTO stock_levels (id, product_id, location_id, quantity, updated_at) VALUES ('c771eb9d-5f9f-4015-b04e-cd27805e7c3a', '3e2ce3c3-3e37-4268-a410-0cb4fb78e7c1', 'a9b3032a-32eb-41ac-ad9b-462d27a72500', 105, '2026-02-26T08:10:20.724Z') ON CONFLICT (product_id, location_id) DO UPDATE SET quantity = EXCLUDED.quantity;
INSERT INTO stock_levels (id, product_id, location_id, quantity, updated_at) VALUES ('a4154cfe-9107-476a-9a55-4b59c0b05bf1', '3a88ce42-5d14-4306-8458-f6fb0bbdc851', '32e7dce7-4b31-4da9-b31b-1cf593dda08d', 431, '2026-03-11T01:01:20.724Z') ON CONFLICT (product_id, location_id) DO UPDATE SET quantity = EXCLUDED.quantity;
INSERT INTO stock_levels (id, product_id, location_id, quantity, updated_at) VALUES ('58cc9b0f-3abc-4601-8ec2-2813d0cc6857', 'b79c27fc-9cf8-439f-b371-840f66da4c6e', 'cf2c0920-a9e0-411e-bf22-1e2881815ba3', 286, '2026-03-08T14:02:20.724Z') ON CONFLICT (product_id, location_id) DO UPDATE SET quantity = EXCLUDED.quantity;
INSERT INTO stock_levels (id, product_id, location_id, quantity, updated_at) VALUES ('9011dc61-5876-4e38-bd2b-c2caa97f4196', '894d7f03-cb13-4ab2-856e-ce053c948fe5', '52a0d542-7526-475e-ba69-9eb68de75cda', 83, '2026-02-12T07:50:20.724Z') ON CONFLICT (product_id, location_id) DO UPDATE SET quantity = EXCLUDED.quantity;
INSERT INTO stock_levels (id, product_id, location_id, quantity, updated_at) VALUES ('6e33121d-906c-4b85-83d6-9a901c2443ff', '3e2ce3c3-3e37-4268-a410-0cb4fb78e7c1', '149415f8-3a14-4864-b6a5-d892fb7af719', 360, '2026-02-21T11:12:20.724Z') ON CONFLICT (product_id, location_id) DO UPDATE SET quantity = EXCLUDED.quantity;
INSERT INTO stock_levels (id, product_id, location_id, quantity, updated_at) VALUES ('3ea167aa-ba76-4679-a139-d5fb3b9060e2', '894d7f03-cb13-4ab2-856e-ce053c948fe5', '1050eaeb-bc5f-4e04-89ac-902a7a79622a', 388, '2026-02-23T06:12:20.724Z') ON CONFLICT (product_id, location_id) DO UPDATE SET quantity = EXCLUDED.quantity;
INSERT INTO stock_levels (id, product_id, location_id, quantity, updated_at) VALUES ('e567a0d6-85bc-4032-b57e-d2b25be2c0bb', '6364f679-b2cc-4571-a98f-b170ec1cdfb4', '63df3b10-84e7-4f2a-9509-426207996a36', 227, '2026-02-18T05:51:20.724Z') ON CONFLICT (product_id, location_id) DO UPDATE SET quantity = EXCLUDED.quantity;
INSERT INTO stock_levels (id, product_id, location_id, quantity, updated_at) VALUES ('f078262e-dabf-45c9-bc90-4ac300c03df9', '2b2d6d2f-5fd0-4aef-b462-f6d84959d51a', '377d3890-ca20-4839-9a14-f0a807339209', 90, '2026-03-06T12:23:20.724Z') ON CONFLICT (product_id, location_id) DO UPDATE SET quantity = EXCLUDED.quantity;
INSERT INTO stock_levels (id, product_id, location_id, quantity, updated_at) VALUES ('efcd8e95-609c-4e6c-8c44-c618e54eccdd', '3a88ce42-5d14-4306-8458-f6fb0bbdc851', '03aea7d3-ebec-437b-86c5-48ad21188edc', 418, '2026-02-16T14:00:20.724Z') ON CONFLICT (product_id, location_id) DO UPDATE SET quantity = EXCLUDED.quantity;
INSERT INTO stock_levels (id, product_id, location_id, quantity, updated_at) VALUES ('daf16658-b281-453a-8011-c30d3a88f7c9', '4cecf198-08ad-46bf-8f28-3830403c166c', '32e7dce7-4b31-4da9-b31b-1cf593dda08d', 498, '2026-03-12T11:56:20.724Z') ON CONFLICT (product_id, location_id) DO UPDATE SET quantity = EXCLUDED.quantity;
INSERT INTO stock_levels (id, product_id, location_id, quantity, updated_at) VALUES ('df9a2662-0785-409b-8f17-8e3f2ea82167', '1fd13a42-e0d4-4b37-871d-913dc1e7bdb4', '3486a17a-96ca-4822-80c8-59ad7b37683f', 222, '2026-02-13T09:18:20.724Z') ON CONFLICT (product_id, location_id) DO UPDATE SET quantity = EXCLUDED.quantity;
INSERT INTO stock_levels (id, product_id, location_id, quantity, updated_at) VALUES ('4ef69372-97c1-4e59-89dd-f504033dbc52', '5ee1e659-db33-491b-a1c1-22d704fb03fc', '1050eaeb-bc5f-4e04-89ac-902a7a79622a', 135, '2026-02-23T11:56:20.724Z') ON CONFLICT (product_id, location_id) DO UPDATE SET quantity = EXCLUDED.quantity;
INSERT INTO stock_levels (id, product_id, location_id, quantity, updated_at) VALUES ('9dcee3ac-13f9-49fc-85f7-d62fdb9e1845', 'fcbf99fa-d095-44e2-a0c3-bd8a62d49de2', '377d3890-ca20-4839-9a14-f0a807339209', 358, '2026-02-19T13:14:20.724Z') ON CONFLICT (product_id, location_id) DO UPDATE SET quantity = EXCLUDED.quantity;

-- 8. RECEIPTS & LINES & LEDGER
INSERT INTO receipts (id, reference, supplier_id, warehouse_id, status, created_by, created_at, validated_at) VALUES ('486e0956-8479-4ae6-967c-650f58f79d0a', 'REC-MMQ6PQNP0001', '26c60d65-6a4f-4a94-a5df-82af96e1b6dc', '2dcd7c8c-5eb0-4845-97f3-bdb9dd1581f7', 'done', 'def724a2-bc98-407c-9633-503918bfaa1f', '2026-03-09T02:29:20.725Z', '2026-03-09T02:29:20.725Z');
INSERT INTO receipt_lines (id, receipt_id, product_id, expected_qty, received_qty) VALUES ('45cf716b-7e12-4170-aa2c-726dd08381ec', '486e0956-8479-4ae6-967c-650f58f79d0a', 'fb2050b4-2cd7-445b-a36f-70ce79bb8273', 77, 77);
INSERT INTO stock_levels (id, product_id, location_id, quantity, updated_at) VALUES ('7cc3e768-1642-4b53-990f-25b59a990063', 'fb2050b4-2cd7-445b-a36f-70ce79bb8273', '377d3890-ca20-4839-9a14-f0a807339209', 77, '2026-03-09T02:29:20.725Z') ON CONFLICT (product_id, location_id) DO UPDATE SET quantity = EXCLUDED.quantity;
INSERT INTO stock_ledger (id, product_id, location_id, txn_type, txn_ref, qty_change, qty_after, created_at) VALUES ('e354043f-b140-4e57-8cd4-036762b7c5c8', 'fb2050b4-2cd7-445b-a36f-70ce79bb8273', '377d3890-ca20-4839-9a14-f0a807339209', 'receipt', 'REC-MMQ6PQNP0002', 77, 77, '2026-03-09T02:29:20.725Z');
INSERT INTO receipt_lines (id, receipt_id, product_id, expected_qty, received_qty) VALUES ('bfb93c87-8fd1-431b-a4fb-c20f91fa882d', '486e0956-8479-4ae6-967c-650f58f79d0a', 'b79c27fc-9cf8-439f-b371-840f66da4c6e', 51, 51);
INSERT INTO stock_levels (id, product_id, location_id, quantity, updated_at) VALUES ('3d689dbc-7ac1-487d-b76c-3149473d38e6', 'b79c27fc-9cf8-439f-b371-840f66da4c6e', '52a0d542-7526-475e-ba69-9eb68de75cda', 51, '2026-03-09T02:29:20.725Z') ON CONFLICT (product_id, location_id) DO UPDATE SET quantity = EXCLUDED.quantity;
INSERT INTO stock_ledger (id, product_id, location_id, txn_type, txn_ref, qty_change, qty_after, created_at) VALUES ('0832baf1-397a-4d21-90fd-7affdd5127cf', 'b79c27fc-9cf8-439f-b371-840f66da4c6e', '52a0d542-7526-475e-ba69-9eb68de75cda', 'receipt', 'REC-MMQ6PQNP0003', 51, 51, '2026-03-09T02:29:20.725Z');
INSERT INTO receipt_lines (id, receipt_id, product_id, expected_qty, received_qty) VALUES ('f5014b8f-82f6-4f24-833a-f4db5f3ffe43', '486e0956-8479-4ae6-967c-650f58f79d0a', '3aedcc6c-cc44-4a12-a7ce-7120912e008b', 88, 88);
INSERT INTO stock_levels (id, product_id, location_id, quantity, updated_at) VALUES ('d41b448e-7cb1-4d91-9c37-f33245b8a859', '3aedcc6c-cc44-4a12-a7ce-7120912e008b', '377d3890-ca20-4839-9a14-f0a807339209', 88, '2026-03-09T02:29:20.725Z') ON CONFLICT (product_id, location_id) DO UPDATE SET quantity = EXCLUDED.quantity;
INSERT INTO stock_ledger (id, product_id, location_id, txn_type, txn_ref, qty_change, qty_after, created_at) VALUES ('ccbf88a7-884b-4dcf-89d4-3402c915c06a', '3aedcc6c-cc44-4a12-a7ce-7120912e008b', '377d3890-ca20-4839-9a14-f0a807339209', 'receipt', 'REC-MMQ6PQNP0004', 88, 88, '2026-03-09T02:29:20.725Z');
INSERT INTO receipts (id, reference, supplier_id, warehouse_id, status, created_by, created_at, validated_at) VALUES ('32049422-18fe-4f72-b995-71231d243637', 'REC-MMQ6PQNP0005', '0bb83565-8b0b-48a2-a5c3-9fc02bec1a49', '42c11fda-ae4c-485f-9ba5-17d643b9f9d7', 'done', '51eb0bc5-3fdb-4cec-8a98-77ec45ac4069', '2026-01-19T11:52:20.725Z', '2026-01-19T11:52:20.725Z');
INSERT INTO receipt_lines (id, receipt_id, product_id, expected_qty, received_qty) VALUES ('eb73f49a-1a8e-4835-bd35-2f0b54412c7a', '32049422-18fe-4f72-b995-71231d243637', '67a18037-e61f-443d-9abf-c942bd70afa8', 81, 81);
INSERT INTO stock_levels (id, product_id, location_id, quantity, updated_at) VALUES ('0310fd6e-db94-4800-b0ca-ba96a6d824ec', '67a18037-e61f-443d-9abf-c942bd70afa8', '3314d3ae-1334-48be-a617-7242f0ce20ed', 81, '2026-01-19T11:52:20.725Z') ON CONFLICT (product_id, location_id) DO UPDATE SET quantity = EXCLUDED.quantity;
INSERT INTO stock_ledger (id, product_id, location_id, txn_type, txn_ref, qty_change, qty_after, created_at) VALUES ('e65bf6aa-bb97-4dd8-bf92-b86b80e8b67b', '67a18037-e61f-443d-9abf-c942bd70afa8', '3314d3ae-1334-48be-a617-7242f0ce20ed', 'receipt', 'REC-MMQ6PQNP0006', 81, 81, '2026-01-19T11:52:20.725Z');
INSERT INTO receipts (id, reference, supplier_id, warehouse_id, status, created_by, created_at, validated_at) VALUES ('fc64eb51-f1fc-48aa-ba52-01e87fdc6e05', 'REC-MMQ6PQNP0007', 'c5a3d9f2-5a6f-496a-816d-b781f9e27033', '1f3b3627-346d-46e3-b2cb-50eff1cb46f5', 'done', '1e59c0e9-7ebd-4102-80fb-b1abaa3d16f6', '2026-01-25T01:59:20.725Z', '2026-01-25T01:59:20.725Z');
INSERT INTO receipt_lines (id, receipt_id, product_id, expected_qty, received_qty) VALUES ('aaab54c3-af76-4f3f-bb7f-ddc2cdfc2c36', 'fc64eb51-f1fc-48aa-ba52-01e87fdc6e05', '1ca9862f-d128-47f7-bc19-537e7d985236', 81, 81);
INSERT INTO stock_levels (id, product_id, location_id, quantity, updated_at) VALUES ('02949c35-46f0-4cd6-992c-f7036c70e56d', '1ca9862f-d128-47f7-bc19-537e7d985236', 'aa0bfb79-7358-4643-a1ca-e90eabdee0fd', 81, '2026-01-25T01:59:20.725Z') ON CONFLICT (product_id, location_id) DO UPDATE SET quantity = EXCLUDED.quantity;
INSERT INTO stock_ledger (id, product_id, location_id, txn_type, txn_ref, qty_change, qty_after, created_at) VALUES ('c3bfaba9-3fb8-4c2e-9e20-d00cda3ec21c', '1ca9862f-d128-47f7-bc19-537e7d985236', 'aa0bfb79-7358-4643-a1ca-e90eabdee0fd', 'receipt', 'REC-MMQ6PQNP0008', 81, 81, '2026-01-25T01:59:20.725Z');
INSERT INTO receipt_lines (id, receipt_id, product_id, expected_qty, received_qty) VALUES ('4697a899-15bb-463d-8aaf-d818d2a08018', 'fc64eb51-f1fc-48aa-ba52-01e87fdc6e05', '3e2ce3c3-3e37-4268-a410-0cb4fb78e7c1', 92, 92);
INSERT INTO stock_levels (id, product_id, location_id, quantity, updated_at) VALUES ('f4d7cce7-3209-4976-8762-9e5e545e0aeb', '3e2ce3c3-3e37-4268-a410-0cb4fb78e7c1', 'aa0bfb79-7358-4643-a1ca-e90eabdee0fd', 333, '2026-01-25T01:59:20.725Z') ON CONFLICT (product_id, location_id) DO UPDATE SET quantity = EXCLUDED.quantity;
INSERT INTO stock_ledger (id, product_id, location_id, txn_type, txn_ref, qty_change, qty_after, created_at) VALUES ('96551375-3186-4a54-90fe-f1623f6c48db', '3e2ce3c3-3e37-4268-a410-0cb4fb78e7c1', 'aa0bfb79-7358-4643-a1ca-e90eabdee0fd', 'receipt', 'REC-MMQ6PQNP0009', 92, 333, '2026-01-25T01:59:20.725Z');
INSERT INTO receipts (id, reference, supplier_id, warehouse_id, status, created_by, created_at, validated_at) VALUES ('9683afd8-1b43-4418-ba88-980a8435a3fa', 'REC-MMQ6PQNP0010', 'e89005b4-7f74-4d38-bbbf-15f17acda66d', '2dcd7c8c-5eb0-4845-97f3-bdb9dd1581f7', 'done', '7609277e-2130-422a-be54-c69ea35f3062', '2026-01-17T12:32:20.725Z', '2026-01-17T12:32:20.725Z');
INSERT INTO receipt_lines (id, receipt_id, product_id, expected_qty, received_qty) VALUES ('4c841735-c980-4e7d-9bb3-75134f602314', '9683afd8-1b43-4418-ba88-980a8435a3fa', '77e55e80-d93d-481c-a018-853695be93cd', 69, 69);
INSERT INTO stock_levels (id, product_id, location_id, quantity, updated_at) VALUES ('fab64443-c9b1-436a-bdd2-7667b740cee2', '77e55e80-d93d-481c-a018-853695be93cd', '52a0d542-7526-475e-ba69-9eb68de75cda', 69, '2026-01-17T12:32:20.725Z') ON CONFLICT (product_id, location_id) DO UPDATE SET quantity = EXCLUDED.quantity;
INSERT INTO stock_ledger (id, product_id, location_id, txn_type, txn_ref, qty_change, qty_after, created_at) VALUES ('89a698df-3c42-41db-8247-191bcc68ee4f', '77e55e80-d93d-481c-a018-853695be93cd', '52a0d542-7526-475e-ba69-9eb68de75cda', 'receipt', 'REC-MMQ6PQNP0011', 69, 69, '2026-01-17T12:32:20.725Z');
INSERT INTO receipts (id, reference, supplier_id, warehouse_id, status, created_by, created_at, validated_at) VALUES ('b8cda6a9-6ce9-4f4c-939f-44a4fbd2ae06', 'REC-MMQ6PQNP0012', 'cfae697d-6834-42d3-adc6-877e2dcd2c73', '9743ce1f-4993-4882-a2d5-42f901139cb3', 'done', 'a5c0e6f5-ac94-441c-b546-5cddd809243b', '2026-03-09T14:26:20.725Z', '2026-03-09T14:26:20.725Z');
INSERT INTO receipt_lines (id, receipt_id, product_id, expected_qty, received_qty) VALUES ('c3182a18-d39b-4a0a-b775-b57915a3c0dd', 'b8cda6a9-6ce9-4f4c-939f-44a4fbd2ae06', '5e65ff4b-3cb2-4c5d-b204-93b3255a0f0a', 40, 40);
INSERT INTO stock_levels (id, product_id, location_id, quantity, updated_at) VALUES ('e5c9246d-41cc-4672-a54d-43b91f1b51cd', '5e65ff4b-3cb2-4c5d-b204-93b3255a0f0a', '94ae51e4-66f5-4ca3-ab58-71c577fd7ea7', 40, '2026-03-09T14:26:20.725Z') ON CONFLICT (product_id, location_id) DO UPDATE SET quantity = EXCLUDED.quantity;
INSERT INTO stock_ledger (id, product_id, location_id, txn_type, txn_ref, qty_change, qty_after, created_at) VALUES ('aa311950-1d71-4cb2-965c-715cff7afae0', '5e65ff4b-3cb2-4c5d-b204-93b3255a0f0a', '94ae51e4-66f5-4ca3-ab58-71c577fd7ea7', 'receipt', 'REC-MMQ6PQNP0013', 40, 40, '2026-03-09T14:26:20.725Z');
INSERT INTO receipt_lines (id, receipt_id, product_id, expected_qty, received_qty) VALUES ('768a7345-5baa-4246-91a3-4e02f041b030', 'b8cda6a9-6ce9-4f4c-939f-44a4fbd2ae06', '3e2ce3c3-3e37-4268-a410-0cb4fb78e7c1', 83, 83);
INSERT INTO stock_levels (id, product_id, location_id, quantity, updated_at) VALUES ('cffded6a-939c-4565-9d0c-ecb69edc9cbe', '3e2ce3c3-3e37-4268-a410-0cb4fb78e7c1', '66930ff7-e2cf-414b-ae08-4577ec2836dd', 83, '2026-03-09T14:26:20.725Z') ON CONFLICT (product_id, location_id) DO UPDATE SET quantity = EXCLUDED.quantity;
INSERT INTO stock_ledger (id, product_id, location_id, txn_type, txn_ref, qty_change, qty_after, created_at) VALUES ('4cdb32f3-a939-4668-aedd-1142a32289ca', '3e2ce3c3-3e37-4268-a410-0cb4fb78e7c1', '66930ff7-e2cf-414b-ae08-4577ec2836dd', 'receipt', 'REC-MMQ6PQNP0014', 83, 83, '2026-03-09T14:26:20.725Z');
INSERT INTO receipts (id, reference, supplier_id, warehouse_id, status, created_by, created_at, validated_at) VALUES ('b4147ed3-2c62-44f2-a217-006db76fc479', 'REC-MMQ6PQNP0015', '8f2b22f3-5108-4715-a7ce-288cce16e2e9', '4cb2f979-857e-41cc-9c29-b2c677d3bbbc', 'done', '7c7cc594-72c0-464f-917a-ab5da13a3aa9', '2026-02-16T12:31:20.725Z', '2026-02-16T12:31:20.725Z');
INSERT INTO receipt_lines (id, receipt_id, product_id, expected_qty, received_qty) VALUES ('a310e469-6874-42fe-b9d1-6245c700f881', 'b4147ed3-2c62-44f2-a217-006db76fc479', '4cecf198-08ad-46bf-8f28-3830403c166c', 11, 11);
INSERT INTO stock_levels (id, product_id, location_id, quantity, updated_at) VALUES ('db430d66-87ed-41d4-b08e-13c9884fd5cd', '4cecf198-08ad-46bf-8f28-3830403c166c', '3b93c1c0-daa7-4826-9a3c-90f99b2d9710', 11, '2026-02-16T12:31:20.725Z') ON CONFLICT (product_id, location_id) DO UPDATE SET quantity = EXCLUDED.quantity;
INSERT INTO stock_ledger (id, product_id, location_id, txn_type, txn_ref, qty_change, qty_after, created_at) VALUES ('d8dac4a0-f694-4b0a-900a-a1d19b146bc5', '4cecf198-08ad-46bf-8f28-3830403c166c', '3b93c1c0-daa7-4826-9a3c-90f99b2d9710', 'receipt', 'REC-MMQ6PQNP0016', 11, 11, '2026-02-16T12:31:20.725Z');
INSERT INTO receipt_lines (id, receipt_id, product_id, expected_qty, received_qty) VALUES ('b0bde3ec-12de-4513-9589-b8c3ab90c002', 'b4147ed3-2c62-44f2-a217-006db76fc479', '1ca9862f-d128-47f7-bc19-537e7d985236', 36, 36);
INSERT INTO stock_levels (id, product_id, location_id, quantity, updated_at) VALUES ('809d079e-3b00-4e3e-ab04-b9be72bbd710', '1ca9862f-d128-47f7-bc19-537e7d985236', '149415f8-3a14-4864-b6a5-d892fb7af719', 36, '2026-02-16T12:31:20.725Z') ON CONFLICT (product_id, location_id) DO UPDATE SET quantity = EXCLUDED.quantity;
INSERT INTO stock_ledger (id, product_id, location_id, txn_type, txn_ref, qty_change, qty_after, created_at) VALUES ('99bfffce-bcab-476d-843e-0401d9dec34c', '1ca9862f-d128-47f7-bc19-537e7d985236', '149415f8-3a14-4864-b6a5-d892fb7af719', 'receipt', 'REC-MMQ6PQNP0017', 36, 36, '2026-02-16T12:31:20.725Z');
INSERT INTO receipts (id, reference, supplier_id, warehouse_id, status, created_by, created_at, validated_at) VALUES ('636b1a00-6fee-4208-b685-34ed71b94e07', 'REC-MMQ6PQNP0018', 'b77683ec-30b6-4c9a-bd64-5dba19eae261', '2dcd7c8c-5eb0-4845-97f3-bdb9dd1581f7', 'done', '86492b60-f8fc-42a3-a8ed-8a1a74b43393', '2026-03-10T02:17:20.725Z', '2026-03-10T02:17:20.725Z');
INSERT INTO receipt_lines (id, receipt_id, product_id, expected_qty, received_qty) VALUES ('0acfe96c-3a00-4a2d-8661-5250b23e377f', '636b1a00-6fee-4208-b685-34ed71b94e07', 'abffdbb7-5129-405c-aaad-7505948fb8d1', 52, 52);
INSERT INTO stock_levels (id, product_id, location_id, quantity, updated_at) VALUES ('679dbe8c-a556-459f-b53a-f5041019f8fd', 'abffdbb7-5129-405c-aaad-7505948fb8d1', '52a0d542-7526-475e-ba69-9eb68de75cda', 52, '2026-03-10T02:17:20.725Z') ON CONFLICT (product_id, location_id) DO UPDATE SET quantity = EXCLUDED.quantity;
INSERT INTO stock_ledger (id, product_id, location_id, txn_type, txn_ref, qty_change, qty_after, created_at) VALUES ('543beece-470e-42f7-9321-4872f9bf5675', 'abffdbb7-5129-405c-aaad-7505948fb8d1', '52a0d542-7526-475e-ba69-9eb68de75cda', 'receipt', 'REC-MMQ6PQNQ0019', 52, 52, '2026-03-10T02:17:20.725Z');
INSERT INTO receipt_lines (id, receipt_id, product_id, expected_qty, received_qty) VALUES ('302b5b65-7158-4bfe-9c08-4d799a301a22', '636b1a00-6fee-4208-b685-34ed71b94e07', '0a547981-603e-443e-ac30-68e39c8ecdee', 36, 36);
INSERT INTO stock_levels (id, product_id, location_id, quantity, updated_at) VALUES ('1ed88748-79e3-4562-81f5-bb3e3adfabad', '0a547981-603e-443e-ac30-68e39c8ecdee', '52a0d542-7526-475e-ba69-9eb68de75cda', 36, '2026-03-10T02:17:20.725Z') ON CONFLICT (product_id, location_id) DO UPDATE SET quantity = EXCLUDED.quantity;
INSERT INTO stock_ledger (id, product_id, location_id, txn_type, txn_ref, qty_change, qty_after, created_at) VALUES ('2da25647-99ac-4ed8-ad44-dc105beecd80', '0a547981-603e-443e-ac30-68e39c8ecdee', '52a0d542-7526-475e-ba69-9eb68de75cda', 'receipt', 'REC-MMQ6PQNQ0020', 36, 36, '2026-03-10T02:17:20.725Z');
INSERT INTO receipt_lines (id, receipt_id, product_id, expected_qty, received_qty) VALUES ('085b29f8-524a-42b3-9531-44773d8080a0', '636b1a00-6fee-4208-b685-34ed71b94e07', '5ee1e659-db33-491b-a1c1-22d704fb03fc', 24, 24);
INSERT INTO stock_levels (id, product_id, location_id, quantity, updated_at) VALUES ('927dbebc-a143-4ad4-b3dd-f7e6ef2ffafa', '5ee1e659-db33-491b-a1c1-22d704fb03fc', '52a0d542-7526-475e-ba69-9eb68de75cda', 24, '2026-03-10T02:17:20.725Z') ON CONFLICT (product_id, location_id) DO UPDATE SET quantity = EXCLUDED.quantity;
INSERT INTO stock_ledger (id, product_id, location_id, txn_type, txn_ref, qty_change, qty_after, created_at) VALUES ('b1bc8a43-686a-47ba-b496-4a1e90a1ad98', '5ee1e659-db33-491b-a1c1-22d704fb03fc', '52a0d542-7526-475e-ba69-9eb68de75cda', 'receipt', 'REC-MMQ6PQNQ0021', 24, 24, '2026-03-10T02:17:20.725Z');
INSERT INTO receipts (id, reference, supplier_id, warehouse_id, status, created_by, created_at, validated_at) VALUES ('e9780fad-4ac7-4037-911e-e1ff881a9c0d', 'REC-MMQ6PQNQ0022', 'd62038c4-d0fc-451b-a830-2ff422b807c3', '255c9a71-5010-4774-8b7c-415fdd45a213', 'done', 'b567a271-fe11-4814-8b33-4ab4ca8fdcea', '2026-01-22T04:29:20.726Z', '2026-01-22T04:29:20.726Z');
INSERT INTO receipt_lines (id, receipt_id, product_id, expected_qty, received_qty) VALUES ('aec87186-e9c1-4576-8341-b6c972e52a9a', 'e9780fad-4ac7-4037-911e-e1ff881a9c0d', '2bf7ab0f-c764-4bab-8bfb-c1328e539141', 52, 52);
INSERT INTO stock_levels (id, product_id, location_id, quantity, updated_at) VALUES ('2bd29326-a7e2-4113-8bf6-c0c8c485e27e', '2bf7ab0f-c764-4bab-8bfb-c1328e539141', 'a9b3032a-32eb-41ac-ad9b-462d27a72500', 425, '2026-01-22T04:29:20.726Z') ON CONFLICT (product_id, location_id) DO UPDATE SET quantity = EXCLUDED.quantity;
INSERT INTO stock_ledger (id, product_id, location_id, txn_type, txn_ref, qty_change, qty_after, created_at) VALUES ('627ffda2-7465-4cb9-ac12-3ad2f4dd096e', '2bf7ab0f-c764-4bab-8bfb-c1328e539141', 'a9b3032a-32eb-41ac-ad9b-462d27a72500', 'receipt', 'REC-MMQ6PQNQ0023', 52, 425, '2026-01-22T04:29:20.726Z');
INSERT INTO receipts (id, reference, supplier_id, warehouse_id, status, created_by, created_at, validated_at) VALUES ('c3bfb4bd-aa32-4696-a10a-707b85f5eed8', 'REC-MMQ6PQNQ0024', 'e50cca28-69e3-45f2-ae15-b2f8ca1df6c8', '6b08f2ae-f8ff-4471-9e29-66bf15044c71', 'done', '590049cb-4666-47f7-a73e-7be69fcbdb71', '2026-02-10T05:24:20.726Z', '2026-02-10T05:24:20.726Z');
INSERT INTO receipt_lines (id, receipt_id, product_id, expected_qty, received_qty) VALUES ('964cb3b4-1537-4250-937e-52308fbaa5f6', 'c3bfb4bd-aa32-4696-a10a-707b85f5eed8', 'b79c27fc-9cf8-439f-b371-840f66da4c6e', 74, 74);
INSERT INTO stock_levels (id, product_id, location_id, quantity, updated_at) VALUES ('7970c2be-cd8c-4b04-a16e-0ab43ab7ab6b', 'b79c27fc-9cf8-439f-b371-840f66da4c6e', '03aea7d3-ebec-437b-86c5-48ad21188edc', 74, '2026-02-10T05:24:20.726Z') ON CONFLICT (product_id, location_id) DO UPDATE SET quantity = EXCLUDED.quantity;
INSERT INTO stock_ledger (id, product_id, location_id, txn_type, txn_ref, qty_change, qty_after, created_at) VALUES ('dc6f8f71-0e05-4cdd-82de-9eb91a2b3c3a', 'b79c27fc-9cf8-439f-b371-840f66da4c6e', '03aea7d3-ebec-437b-86c5-48ad21188edc', 'receipt', 'REC-MMQ6PQNQ0025', 74, 74, '2026-02-10T05:24:20.726Z');
INSERT INTO receipt_lines (id, receipt_id, product_id, expected_qty, received_qty) VALUES ('98e9bdf2-16a9-40d2-8440-c0be8773658e', 'c3bfb4bd-aa32-4696-a10a-707b85f5eed8', 'a3f90fe5-0d1b-450b-8244-3c931e9c51b4', 93, 93);
INSERT INTO stock_levels (id, product_id, location_id, quantity, updated_at) VALUES ('fd09802c-d225-4a8c-adff-22631c560a8f', 'a3f90fe5-0d1b-450b-8244-3c931e9c51b4', '03aea7d3-ebec-437b-86c5-48ad21188edc', 93, '2026-02-10T05:24:20.726Z') ON CONFLICT (product_id, location_id) DO UPDATE SET quantity = EXCLUDED.quantity;
INSERT INTO stock_ledger (id, product_id, location_id, txn_type, txn_ref, qty_change, qty_after, created_at) VALUES ('20a2668b-818e-42a1-81da-0eaa4dbb3f73', 'a3f90fe5-0d1b-450b-8244-3c931e9c51b4', '03aea7d3-ebec-437b-86c5-48ad21188edc', 'receipt', 'REC-MMQ6PQNQ0026', 93, 93, '2026-02-10T05:24:20.726Z');
INSERT INTO receipts (id, reference, supplier_id, warehouse_id, status, created_by, created_at, validated_at) VALUES ('f9c207d2-bca8-442d-9fe2-300d6d2cd0d6', 'REC-MMQ6PQNQ0027', '5ae98491-3b2f-4fa1-a9f0-7781699ea247', '6b08f2ae-f8ff-4471-9e29-66bf15044c71', 'done', '22d5b928-2450-40b2-9131-1ed029b449c4', '2026-01-17T02:03:20.726Z', '2026-01-17T02:03:20.726Z');
INSERT INTO receipt_lines (id, receipt_id, product_id, expected_qty, received_qty) VALUES ('61f54f7d-9c1f-4fd2-a743-17350fcc1b9d', 'f9c207d2-bca8-442d-9fe2-300d6d2cd0d6', 'd2b7a318-a871-4f4d-a9a4-4a5e20e2c282', 67, 67);
INSERT INTO stock_levels (id, product_id, location_id, quantity, updated_at) VALUES ('a1f3bcb3-8091-45f0-a98f-afb395711148', 'd2b7a318-a871-4f4d-a9a4-4a5e20e2c282', '70072616-5b58-4c8f-8eff-290e999cdfb8', 67, '2026-01-17T02:03:20.726Z') ON CONFLICT (product_id, location_id) DO UPDATE SET quantity = EXCLUDED.quantity;
INSERT INTO stock_ledger (id, product_id, location_id, txn_type, txn_ref, qty_change, qty_after, created_at) VALUES ('e95188c3-4a0e-4b88-94b1-aa3822359a49', 'd2b7a318-a871-4f4d-a9a4-4a5e20e2c282', '70072616-5b58-4c8f-8eff-290e999cdfb8', 'receipt', 'REC-MMQ6PQNQ0028', 67, 67, '2026-01-17T02:03:20.726Z');
INSERT INTO receipts (id, reference, supplier_id, warehouse_id, status, created_by, created_at, validated_at) VALUES ('347b47be-2094-43a2-9fbb-552f4698a872', 'REC-MMQ6PQNQ0029', 'c83ff1a4-b135-4034-ad91-cf6b3c866c12', '1f3b3627-346d-46e3-b2cb-50eff1cb46f5', 'done', 'de15c0c5-a19a-424a-aa23-0f02f56a9ba6', '2026-02-13T14:03:20.726Z', '2026-02-13T14:03:20.726Z');
INSERT INTO receipt_lines (id, receipt_id, product_id, expected_qty, received_qty) VALUES ('ea9b91cc-dfa3-4aab-be27-5c4a7c9320bb', '347b47be-2094-43a2-9fbb-552f4698a872', '1ca9862f-d128-47f7-bc19-537e7d985236', 56, 56);
INSERT INTO stock_levels (id, product_id, location_id, quantity, updated_at) VALUES ('680c04e5-1a40-4024-8d6c-3f7292651e47', '1ca9862f-d128-47f7-bc19-537e7d985236', 'aa0bfb79-7358-4643-a1ca-e90eabdee0fd', 137, '2026-02-13T14:03:20.726Z') ON CONFLICT (product_id, location_id) DO UPDATE SET quantity = EXCLUDED.quantity;
INSERT INTO stock_ledger (id, product_id, location_id, txn_type, txn_ref, qty_change, qty_after, created_at) VALUES ('3ac823d9-9914-4a48-b44d-f63d7d6024ab', '1ca9862f-d128-47f7-bc19-537e7d985236', 'aa0bfb79-7358-4643-a1ca-e90eabdee0fd', 'receipt', 'REC-MMQ6PQNQ0030', 56, 137, '2026-02-13T14:03:20.726Z');
INSERT INTO receipt_lines (id, receipt_id, product_id, expected_qty, received_qty) VALUES ('fd9e943a-143a-44f0-b7ac-2d8c5255dca0', '347b47be-2094-43a2-9fbb-552f4698a872', 'b5422929-a4b9-44fd-832a-6fe71682fbcc', 32, 32);
INSERT INTO stock_levels (id, product_id, location_id, quantity, updated_at) VALUES ('26f7648a-1b50-4ed0-8ba2-30be5921eeed', 'b5422929-a4b9-44fd-832a-6fe71682fbcc', 'aa0bfb79-7358-4643-a1ca-e90eabdee0fd', 32, '2026-02-13T14:03:20.726Z') ON CONFLICT (product_id, location_id) DO UPDATE SET quantity = EXCLUDED.quantity;
INSERT INTO stock_ledger (id, product_id, location_id, txn_type, txn_ref, qty_change, qty_after, created_at) VALUES ('7c7f7222-a4f2-4dad-b462-1279ece9d63d', 'b5422929-a4b9-44fd-832a-6fe71682fbcc', 'aa0bfb79-7358-4643-a1ca-e90eabdee0fd', 'receipt', 'REC-MMQ6PQNQ0031', 32, 32, '2026-02-13T14:03:20.726Z');
INSERT INTO receipts (id, reference, supplier_id, warehouse_id, status, created_by, created_at, validated_at) VALUES ('319c43b8-26b3-4243-80ac-5d1bf57c7518', 'REC-MMQ6PQNQ0032', 'f3b205ea-8921-4a1c-bdea-943e1b07f96c', '4cb2f979-857e-41cc-9c29-b2c677d3bbbc', 'done', 'b0da52ea-883d-4771-b79f-f8dc77251641', '2026-01-21T00:31:20.726Z', '2026-01-21T00:31:20.726Z');
INSERT INTO receipt_lines (id, receipt_id, product_id, expected_qty, received_qty) VALUES ('5b3ac917-0c27-494b-a7ae-6a708c6433e6', '319c43b8-26b3-4243-80ac-5d1bf57c7518', 'fcbf99fa-d095-44e2-a0c3-bd8a62d49de2', 95, 95);
INSERT INTO stock_levels (id, product_id, location_id, quantity, updated_at) VALUES ('630ff3bc-fbc6-4a60-8c48-0fc714d3fea0', 'fcbf99fa-d095-44e2-a0c3-bd8a62d49de2', '149415f8-3a14-4864-b6a5-d892fb7af719', 95, '2026-01-21T00:31:20.726Z') ON CONFLICT (product_id, location_id) DO UPDATE SET quantity = EXCLUDED.quantity;
INSERT INTO stock_ledger (id, product_id, location_id, txn_type, txn_ref, qty_change, qty_after, created_at) VALUES ('60b6761c-28d3-45f2-bed4-cdc18436d089', 'fcbf99fa-d095-44e2-a0c3-bd8a62d49de2', '149415f8-3a14-4864-b6a5-d892fb7af719', 'receipt', 'REC-MMQ6PQNQ0033', 95, 95, '2026-01-21T00:31:20.726Z');
INSERT INTO receipts (id, reference, supplier_id, warehouse_id, status, created_by, created_at, validated_at) VALUES ('8a6222ff-5b2a-4c0b-bb90-0394a39b4aeb', 'REC-MMQ6PQNQ0034', '7b87dbdc-1583-45a8-a4f8-c191c8de88da', '42c11fda-ae4c-485f-9ba5-17d643b9f9d7', 'done', '95d50988-abc9-4f4a-a03f-0386de40da89', '2026-03-11T13:13:20.726Z', '2026-03-11T13:13:20.726Z');
INSERT INTO receipt_lines (id, receipt_id, product_id, expected_qty, received_qty) VALUES ('b715bdcc-7505-475c-ae23-df212cd2563f', '8a6222ff-5b2a-4c0b-bb90-0394a39b4aeb', 'b2970da4-dbd4-4c34-a193-b8d7915946bb', 75, 75);
INSERT INTO stock_levels (id, product_id, location_id, quantity, updated_at) VALUES ('a5b11475-8575-4e68-98fe-c98342f087c5', 'b2970da4-dbd4-4c34-a193-b8d7915946bb', 'aa26af2f-9b28-4543-a9f2-c67bf33072d2', 75, '2026-03-11T13:13:20.726Z') ON CONFLICT (product_id, location_id) DO UPDATE SET quantity = EXCLUDED.quantity;
INSERT INTO stock_ledger (id, product_id, location_id, txn_type, txn_ref, qty_change, qty_after, created_at) VALUES ('91511e84-4d8a-4378-9468-f41a1d128f83', 'b2970da4-dbd4-4c34-a193-b8d7915946bb', 'aa26af2f-9b28-4543-a9f2-c67bf33072d2', 'receipt', 'REC-MMQ6PQNQ0035', 75, 75, '2026-03-11T13:13:20.726Z');
INSERT INTO receipts (id, reference, supplier_id, warehouse_id, status, created_by, created_at, validated_at) VALUES ('1bfd39cf-306e-49c8-8a81-144c9eaf636e', 'REC-MMQ6PQNQ0036', '12576533-76ea-4802-8a0c-72daffc4b6c7', 'd82a3fca-0a89-48ff-be03-578ad5819686', 'done', 'd8921905-f6bd-494a-9dff-c11106f592de', '2026-03-04T03:36:20.726Z', '2026-03-04T03:36:20.726Z');
INSERT INTO receipt_lines (id, receipt_id, product_id, expected_qty, received_qty) VALUES ('d849db60-f079-493e-8932-2d4c1d449b48', '1bfd39cf-306e-49c8-8a81-144c9eaf636e', '125e2cad-205c-4313-b17b-2119f96c7523', 75, 75);
INSERT INTO stock_levels (id, product_id, location_id, quantity, updated_at) VALUES ('65d9932a-4c42-4a39-9a51-52a62ac0f1cd', '125e2cad-205c-4313-b17b-2119f96c7523', '1050eaeb-bc5f-4e04-89ac-902a7a79622a', 75, '2026-03-04T03:36:20.726Z') ON CONFLICT (product_id, location_id) DO UPDATE SET quantity = EXCLUDED.quantity;
INSERT INTO stock_ledger (id, product_id, location_id, txn_type, txn_ref, qty_change, qty_after, created_at) VALUES ('4808e5de-fd17-4d85-a80c-6332c066fc0f', '125e2cad-205c-4313-b17b-2119f96c7523', '1050eaeb-bc5f-4e04-89ac-902a7a79622a', 'receipt', 'REC-MMQ6PQNQ0037', 75, 75, '2026-03-04T03:36:20.726Z');
INSERT INTO receipt_lines (id, receipt_id, product_id, expected_qty, received_qty) VALUES ('430b531b-2c2e-4afe-9d55-9cf7168cb6c0', '1bfd39cf-306e-49c8-8a81-144c9eaf636e', 'ee1dbb2e-1c80-4938-8f26-fb741deae50b', 12, 12);
INSERT INTO stock_levels (id, product_id, location_id, quantity, updated_at) VALUES ('5b603427-9192-48e1-be36-e543297dea7a', 'ee1dbb2e-1c80-4938-8f26-fb741deae50b', '1050eaeb-bc5f-4e04-89ac-902a7a79622a', 12, '2026-03-04T03:36:20.726Z') ON CONFLICT (product_id, location_id) DO UPDATE SET quantity = EXCLUDED.quantity;
INSERT INTO stock_ledger (id, product_id, location_id, txn_type, txn_ref, qty_change, qty_after, created_at) VALUES ('2a05a974-a34a-4ce5-89bf-8ffe75407592', 'ee1dbb2e-1c80-4938-8f26-fb741deae50b', '1050eaeb-bc5f-4e04-89ac-902a7a79622a', 'receipt', 'REC-MMQ6PQNQ0038', 12, 12, '2026-03-04T03:36:20.726Z');
INSERT INTO receipt_lines (id, receipt_id, product_id, expected_qty, received_qty) VALUES ('7a4a463b-4093-42a0-a9f0-07fd2adedaf1', '1bfd39cf-306e-49c8-8a81-144c9eaf636e', 'abffdbb7-5129-405c-aaad-7505948fb8d1', 57, 57);
INSERT INTO stock_levels (id, product_id, location_id, quantity, updated_at) VALUES ('1a67606d-c206-4470-91dc-39e54b5b9a78', 'abffdbb7-5129-405c-aaad-7505948fb8d1', '1050eaeb-bc5f-4e04-89ac-902a7a79622a', 57, '2026-03-04T03:36:20.726Z') ON CONFLICT (product_id, location_id) DO UPDATE SET quantity = EXCLUDED.quantity;
INSERT INTO stock_ledger (id, product_id, location_id, txn_type, txn_ref, qty_change, qty_after, created_at) VALUES ('41adb84c-0e30-45ff-9ad5-74006f3a6f90', 'abffdbb7-5129-405c-aaad-7505948fb8d1', '1050eaeb-bc5f-4e04-89ac-902a7a79622a', 'receipt', 'REC-MMQ6PQNQ0039', 57, 57, '2026-03-04T03:36:20.726Z');
INSERT INTO receipts (id, reference, supplier_id, warehouse_id, status, created_by, created_at, validated_at) VALUES ('0ec9bb70-70a0-434f-af7f-ec0ee99d10d8', 'REC-MMQ6PQNQ0040', '1132b3a5-2883-4a72-80bb-32e843d8f4eb', 'd82a3fca-0a89-48ff-be03-578ad5819686', 'done', '590049cb-4666-47f7-a73e-7be69fcbdb71', '2026-02-18T04:22:20.726Z', '2026-02-18T04:22:20.726Z');
INSERT INTO receipt_lines (id, receipt_id, product_id, expected_qty, received_qty) VALUES ('cb974fd1-e826-4907-8bc0-37ec280c3f29', '0ec9bb70-70a0-434f-af7f-ec0ee99d10d8', 'c009c438-fed7-40b0-8cf6-7833258eb0dc', 13, 13);
INSERT INTO stock_levels (id, product_id, location_id, quantity, updated_at) VALUES ('70a31e7d-e3e5-40ce-b207-3e62e5e81663', 'c009c438-fed7-40b0-8cf6-7833258eb0dc', '1050eaeb-bc5f-4e04-89ac-902a7a79622a', 219, '2026-02-18T04:22:20.726Z') ON CONFLICT (product_id, location_id) DO UPDATE SET quantity = EXCLUDED.quantity;
INSERT INTO stock_ledger (id, product_id, location_id, txn_type, txn_ref, qty_change, qty_after, created_at) VALUES ('ed1cbb8a-9a1b-4324-96d6-280a64d01055', 'c009c438-fed7-40b0-8cf6-7833258eb0dc', '1050eaeb-bc5f-4e04-89ac-902a7a79622a', 'receipt', 'REC-MMQ6PQNQ0041', 13, 219, '2026-02-18T04:22:20.726Z');
INSERT INTO receipts (id, reference, supplier_id, warehouse_id, status, created_by, created_at, validated_at) VALUES ('4085c9cf-0509-4c33-8f6e-de305b9a62b3', 'REC-MMQ6PQNQ0042', 'b2ce096e-b8a3-432e-9a77-f0869e096390', 'd82a3fca-0a89-48ff-be03-578ad5819686', 'done', '64b3bb0a-4804-4916-aac1-fa6aba69bd30', '2026-02-12T14:26:20.726Z', '2026-02-12T14:26:20.726Z');
INSERT INTO receipt_lines (id, receipt_id, product_id, expected_qty, received_qty) VALUES ('5bf166ad-6ecf-44fd-8060-bdb013c69500', '4085c9cf-0509-4c33-8f6e-de305b9a62b3', '2b2d6d2f-5fd0-4aef-b462-f6d84959d51a', 38, 38);
INSERT INTO stock_levels (id, product_id, location_id, quantity, updated_at) VALUES ('d09825bb-ae09-44d2-af3e-e82d22b1cb03', '2b2d6d2f-5fd0-4aef-b462-f6d84959d51a', '1050eaeb-bc5f-4e04-89ac-902a7a79622a', 485, '2026-02-12T14:26:20.726Z') ON CONFLICT (product_id, location_id) DO UPDATE SET quantity = EXCLUDED.quantity;
INSERT INTO stock_ledger (id, product_id, location_id, txn_type, txn_ref, qty_change, qty_after, created_at) VALUES ('092f0943-f7d9-4008-a937-e40bab367e88', '2b2d6d2f-5fd0-4aef-b462-f6d84959d51a', '1050eaeb-bc5f-4e04-89ac-902a7a79622a', 'receipt', 'REC-MMQ6PQNQ0043', 38, 485, '2026-02-12T14:26:20.726Z');
INSERT INTO receipts (id, reference, supplier_id, warehouse_id, status, created_by, created_at, validated_at) VALUES ('706ecff5-a975-40eb-8499-f1a3e603be22', 'REC-MMQ6PQNQ0044', 'fa8dc5b4-a81f-4df3-98ce-6922096091ec', '4cb2f979-857e-41cc-9c29-b2c677d3bbbc', 'done', '843a2ef8-90b0-47e6-9c22-cd9a8ddfa885', '2026-01-19T03:36:20.726Z', '2026-01-19T03:36:20.726Z');
INSERT INTO receipt_lines (id, receipt_id, product_id, expected_qty, received_qty) VALUES ('7df1d716-bcae-448b-9a31-18ab3eb36a5e', '706ecff5-a975-40eb-8499-f1a3e603be22', '0a547981-603e-443e-ac30-68e39c8ecdee', 73, 73);
INSERT INTO stock_levels (id, product_id, location_id, quantity, updated_at) VALUES ('e42653a5-a5f4-4c28-bc4e-bf300e29c263', '0a547981-603e-443e-ac30-68e39c8ecdee', '3b93c1c0-daa7-4826-9a3c-90f99b2d9710', 73, '2026-01-19T03:36:20.726Z') ON CONFLICT (product_id, location_id) DO UPDATE SET quantity = EXCLUDED.quantity;
INSERT INTO stock_ledger (id, product_id, location_id, txn_type, txn_ref, qty_change, qty_after, created_at) VALUES ('5daba30a-c31f-4f7d-ab49-a51b3a9b3e78', '0a547981-603e-443e-ac30-68e39c8ecdee', '3b93c1c0-daa7-4826-9a3c-90f99b2d9710', 'receipt', 'REC-MMQ6PQNQ0045', 73, 73, '2026-01-19T03:36:20.726Z');
INSERT INTO receipts (id, reference, supplier_id, warehouse_id, status, created_by, created_at, validated_at) VALUES ('fd8d98c9-e63e-4f06-adea-d946b70479fd', 'REC-MMQ6PQNQ0046', '159f482b-b8f5-4e8c-b195-05939b24f2de', 'd82a3fca-0a89-48ff-be03-578ad5819686', 'done', '9fef4b74-fd04-4850-a534-430387bebeab', '2026-02-01T08:23:20.726Z', '2026-02-01T08:23:20.726Z');
INSERT INTO receipt_lines (id, receipt_id, product_id, expected_qty, received_qty) VALUES ('aa2ba833-16f8-4d4a-80de-b1d500b1f0e1', 'fd8d98c9-e63e-4f06-adea-d946b70479fd', '23d55237-5a97-4d59-9ecc-ebd73ad7d5f2', 62, 62);
INSERT INTO stock_levels (id, product_id, location_id, quantity, updated_at) VALUES ('360e3bb9-6645-4f08-bf21-6e7c5c086bae', '23d55237-5a97-4d59-9ecc-ebd73ad7d5f2', 'a1cab631-22d0-463e-bf9b-71ecd48a580c', 62, '2026-02-01T08:23:20.726Z') ON CONFLICT (product_id, location_id) DO UPDATE SET quantity = EXCLUDED.quantity;
INSERT INTO stock_ledger (id, product_id, location_id, txn_type, txn_ref, qty_change, qty_after, created_at) VALUES ('8e460e99-ce7a-4c86-b398-292cf51bd45e', '23d55237-5a97-4d59-9ecc-ebd73ad7d5f2', 'a1cab631-22d0-463e-bf9b-71ecd48a580c', 'receipt', 'REC-MMQ6PQNQ0047', 62, 62, '2026-02-01T08:23:20.726Z');
INSERT INTO receipt_lines (id, receipt_id, product_id, expected_qty, received_qty) VALUES ('50ea0594-1fe8-415c-a3d2-a48d667b7018', 'fd8d98c9-e63e-4f06-adea-d946b70479fd', '030e0aff-620e-4a76-82fe-e9cc4484b720', 24, 24);
INSERT INTO stock_levels (id, product_id, location_id, quantity, updated_at) VALUES ('884c6dce-c9be-4217-8361-8d163a3d141d', '030e0aff-620e-4a76-82fe-e9cc4484b720', 'a1cab631-22d0-463e-bf9b-71ecd48a580c', 24, '2026-02-01T08:23:20.726Z') ON CONFLICT (product_id, location_id) DO UPDATE SET quantity = EXCLUDED.quantity;
INSERT INTO stock_ledger (id, product_id, location_id, txn_type, txn_ref, qty_change, qty_after, created_at) VALUES ('131cc35b-40da-4699-9f62-87d1a9312cf5', '030e0aff-620e-4a76-82fe-e9cc4484b720', 'a1cab631-22d0-463e-bf9b-71ecd48a580c', 'receipt', 'REC-MMQ6PQNQ0048', 24, 24, '2026-02-01T08:23:20.726Z');
INSERT INTO receipts (id, reference, supplier_id, warehouse_id, status, created_by, created_at, validated_at) VALUES ('85eac3ca-ba01-4292-ade6-5ed2766ddaff', 'REC-MMQ6PQNQ0049', 'd96349c0-f5f2-47a6-ba9b-bf48ed069130', '6b08f2ae-f8ff-4471-9e29-66bf15044c71', 'done', 'e779c618-17f6-4392-83aa-33abca817e14', '2026-02-23T05:38:20.726Z', '2026-02-23T05:38:20.726Z');
INSERT INTO receipt_lines (id, receipt_id, product_id, expected_qty, received_qty) VALUES ('45024823-a591-43cd-beda-a5e8dcf9a71a', '85eac3ca-ba01-4292-ade6-5ed2766ddaff', '335d8910-4c05-4cfb-824f-5eba82ecbf57', 85, 85);
INSERT INTO stock_levels (id, product_id, location_id, quantity, updated_at) VALUES ('1b93098c-6a0e-4f69-85d7-c458bd180763', '335d8910-4c05-4cfb-824f-5eba82ecbf57', '70072616-5b58-4c8f-8eff-290e999cdfb8', 85, '2026-02-23T05:38:20.726Z') ON CONFLICT (product_id, location_id) DO UPDATE SET quantity = EXCLUDED.quantity;
INSERT INTO stock_ledger (id, product_id, location_id, txn_type, txn_ref, qty_change, qty_after, created_at) VALUES ('b87d3d5c-fbd4-498e-b699-9f96568cdfcd', '335d8910-4c05-4cfb-824f-5eba82ecbf57', '70072616-5b58-4c8f-8eff-290e999cdfb8', 'receipt', 'REC-MMQ6PQNQ0050', 85, 85, '2026-02-23T05:38:20.726Z');
INSERT INTO receipt_lines (id, receipt_id, product_id, expected_qty, received_qty) VALUES ('ffd59177-763c-43f2-8009-938f48d686d8', '85eac3ca-ba01-4292-ade6-5ed2766ddaff', '3aedcc6c-cc44-4a12-a7ce-7120912e008b', 43, 43);
INSERT INTO stock_levels (id, product_id, location_id, quantity, updated_at) VALUES ('ed762635-ad60-4e8d-8101-c734040ed785', '3aedcc6c-cc44-4a12-a7ce-7120912e008b', '03aea7d3-ebec-437b-86c5-48ad21188edc', 43, '2026-02-23T05:38:20.726Z') ON CONFLICT (product_id, location_id) DO UPDATE SET quantity = EXCLUDED.quantity;
INSERT INTO stock_ledger (id, product_id, location_id, txn_type, txn_ref, qty_change, qty_after, created_at) VALUES ('17b8e2e4-305f-4fba-923f-4c08c5e05513', '3aedcc6c-cc44-4a12-a7ce-7120912e008b', '03aea7d3-ebec-437b-86c5-48ad21188edc', 'receipt', 'REC-MMQ6PQNQ0051', 43, 43, '2026-02-23T05:38:20.726Z');
INSERT INTO receipt_lines (id, receipt_id, product_id, expected_qty, received_qty) VALUES ('6ed4bb8b-2255-4df8-a320-264422fbcaae', '85eac3ca-ba01-4292-ade6-5ed2766ddaff', 'b0622c6e-94ff-454f-835c-1e6da5975727', 29, 29);
INSERT INTO stock_levels (id, product_id, location_id, quantity, updated_at) VALUES ('86543fbb-a3f1-4a4d-a005-0e6aadf872f5', 'b0622c6e-94ff-454f-835c-1e6da5975727', '70072616-5b58-4c8f-8eff-290e999cdfb8', 29, '2026-02-23T05:38:20.726Z') ON CONFLICT (product_id, location_id) DO UPDATE SET quantity = EXCLUDED.quantity;
INSERT INTO stock_ledger (id, product_id, location_id, txn_type, txn_ref, qty_change, qty_after, created_at) VALUES ('6295dfaa-82ee-4c34-bb34-e10232a57d16', 'b0622c6e-94ff-454f-835c-1e6da5975727', '70072616-5b58-4c8f-8eff-290e999cdfb8', 'receipt', 'REC-MMQ6PQNQ0052', 29, 29, '2026-02-23T05:38:20.726Z');
INSERT INTO receipts (id, reference, supplier_id, warehouse_id, status, created_by, created_at, validated_at) VALUES ('457e6801-6ef3-42d1-82ca-6a30cb030da5', 'REC-MMQ6PQNQ0053', '7d37e95a-0eb3-4aac-8f5c-503f802a7d9c', '8f89a2a3-ea9e-4367-aaac-8a90f1000d80', 'done', '331ee985-db3e-46b1-8ec1-fd4e36b596f9', '2026-03-11T02:05:20.726Z', '2026-03-11T02:05:20.726Z');
INSERT INTO receipt_lines (id, receipt_id, product_id, expected_qty, received_qty) VALUES ('91d8b674-8836-4354-bac8-ce89f7551a55', '457e6801-6ef3-42d1-82ca-6a30cb030da5', 'b2970da4-dbd4-4c34-a193-b8d7915946bb', 47, 47);
INSERT INTO stock_levels (id, product_id, location_id, quantity, updated_at) VALUES ('e21df99d-7f72-475e-95a9-8442405ed7a1', 'b2970da4-dbd4-4c34-a193-b8d7915946bb', '3486a17a-96ca-4822-80c8-59ad7b37683f', 47, '2026-03-11T02:05:20.726Z') ON CONFLICT (product_id, location_id) DO UPDATE SET quantity = EXCLUDED.quantity;
INSERT INTO stock_ledger (id, product_id, location_id, txn_type, txn_ref, qty_change, qty_after, created_at) VALUES ('6e5810d0-45e6-4c26-b108-1529c6eea526', 'b2970da4-dbd4-4c34-a193-b8d7915946bb', '3486a17a-96ca-4822-80c8-59ad7b37683f', 'receipt', 'REC-MMQ6PQNQ0054', 47, 47, '2026-03-11T02:05:20.726Z');
INSERT INTO receipt_lines (id, receipt_id, product_id, expected_qty, received_qty) VALUES ('e7a1453c-1e98-46dd-8179-80904f3f2d54', '457e6801-6ef3-42d1-82ca-6a30cb030da5', '9ae0e00b-cccb-4bfd-b146-0add98ebf2e7', 11, 11);
INSERT INTO stock_levels (id, product_id, location_id, quantity, updated_at) VALUES ('ba7abf89-96aa-4c73-a2db-4796c11102a7', '9ae0e00b-cccb-4bfd-b146-0add98ebf2e7', 'db30e5ad-68ee-4337-beea-22396dda808d', 11, '2026-03-11T02:05:20.726Z') ON CONFLICT (product_id, location_id) DO UPDATE SET quantity = EXCLUDED.quantity;
INSERT INTO stock_ledger (id, product_id, location_id, txn_type, txn_ref, qty_change, qty_after, created_at) VALUES ('d7aba622-009e-4a03-9480-fc7435db4648', '9ae0e00b-cccb-4bfd-b146-0add98ebf2e7', 'db30e5ad-68ee-4337-beea-22396dda808d', 'receipt', 'REC-MMQ6PQNQ0055', 11, 11, '2026-03-11T02:05:20.726Z');
INSERT INTO receipts (id, reference, supplier_id, warehouse_id, status, created_by, created_at, validated_at) VALUES ('d2819075-0799-4595-80ff-49c8c8e8bdd9', 'REC-MMQ6PQNQ0056', 'cc9f0a3b-efdc-4375-b3b0-40dc29e52536', 'd82a3fca-0a89-48ff-be03-578ad5819686', 'done', '86492b60-f8fc-42a3-a8ed-8a1a74b43393', '2026-02-26T08:24:20.726Z', '2026-02-26T08:24:20.726Z');
INSERT INTO receipt_lines (id, receipt_id, product_id, expected_qty, received_qty) VALUES ('4b8f4014-b10b-4b3c-95f7-36510693e65e', 'd2819075-0799-4595-80ff-49c8c8e8bdd9', '125e2cad-205c-4313-b17b-2119f96c7523', 40, 40);
INSERT INTO stock_levels (id, product_id, location_id, quantity, updated_at) VALUES ('1ecd29ef-f618-426e-8bc5-96e49a7887c0', '125e2cad-205c-4313-b17b-2119f96c7523', '1050eaeb-bc5f-4e04-89ac-902a7a79622a', 115, '2026-02-26T08:24:20.726Z') ON CONFLICT (product_id, location_id) DO UPDATE SET quantity = EXCLUDED.quantity;
INSERT INTO stock_ledger (id, product_id, location_id, txn_type, txn_ref, qty_change, qty_after, created_at) VALUES ('ecc1e615-f90a-47c6-969c-06a5fc8081e4', '125e2cad-205c-4313-b17b-2119f96c7523', '1050eaeb-bc5f-4e04-89ac-902a7a79622a', 'receipt', 'REC-MMQ6PQNQ0057', 40, 115, '2026-02-26T08:24:20.726Z');
INSERT INTO receipt_lines (id, receipt_id, product_id, expected_qty, received_qty) VALUES ('e4929415-685e-4b88-99ca-682c856734d1', 'd2819075-0799-4595-80ff-49c8c8e8bdd9', 'f381d105-3cbd-4328-9598-29bd0cd22b65', 93, 93);
INSERT INTO stock_levels (id, product_id, location_id, quantity, updated_at) VALUES ('0d0a21ce-bf93-43ea-977c-42e3ae28bd63', 'f381d105-3cbd-4328-9598-29bd0cd22b65', '1050eaeb-bc5f-4e04-89ac-902a7a79622a', 93, '2026-02-26T08:24:20.726Z') ON CONFLICT (product_id, location_id) DO UPDATE SET quantity = EXCLUDED.quantity;
INSERT INTO stock_ledger (id, product_id, location_id, txn_type, txn_ref, qty_change, qty_after, created_at) VALUES ('ecc8da8d-44e2-4c5b-904b-38f8e130d852', 'f381d105-3cbd-4328-9598-29bd0cd22b65', '1050eaeb-bc5f-4e04-89ac-902a7a79622a', 'receipt', 'REC-MMQ6PQNQ0058', 93, 93, '2026-02-26T08:24:20.726Z');
INSERT INTO receipts (id, reference, supplier_id, warehouse_id, status, created_by, created_at, validated_at) VALUES ('cf2f059e-38b5-46a9-8cf0-4667aea6c998', 'REC-MMQ6PQNQ0059', 'c3160367-2582-402c-93ff-df965820d623', '1f3b3627-346d-46e3-b2cb-50eff1cb46f5', 'done', 'de15c0c5-a19a-424a-aa23-0f02f56a9ba6', '2026-01-28T12:38:20.726Z', '2026-01-28T12:38:20.726Z');
INSERT INTO receipt_lines (id, receipt_id, product_id, expected_qty, received_qty) VALUES ('b9ea0128-c141-477b-b59c-c2c6aba99dff', 'cf2f059e-38b5-46a9-8cf0-4667aea6c998', 'bae0590b-d7cc-40d6-b857-fbf7d0c17ae1', 97, 97);
INSERT INTO stock_levels (id, product_id, location_id, quantity, updated_at) VALUES ('6143ef7c-aa71-47ed-8598-723b06a18af9', 'bae0590b-d7cc-40d6-b857-fbf7d0c17ae1', 'aa0bfb79-7358-4643-a1ca-e90eabdee0fd', 97, '2026-01-28T12:38:20.726Z') ON CONFLICT (product_id, location_id) DO UPDATE SET quantity = EXCLUDED.quantity;
INSERT INTO stock_ledger (id, product_id, location_id, txn_type, txn_ref, qty_change, qty_after, created_at) VALUES ('82f9207e-5cb0-44af-8235-d65f420bf96f', 'bae0590b-d7cc-40d6-b857-fbf7d0c17ae1', 'aa0bfb79-7358-4643-a1ca-e90eabdee0fd', 'receipt', 'REC-MMQ6PQNQ0060', 97, 97, '2026-01-28T12:38:20.726Z');
INSERT INTO receipt_lines (id, receipt_id, product_id, expected_qty, received_qty) VALUES ('860ed1f5-fd41-4f48-aa94-0aab3af1014b', 'cf2f059e-38b5-46a9-8cf0-4667aea6c998', 'c009c438-fed7-40b0-8cf6-7833258eb0dc', 18, 18);
INSERT INTO stock_levels (id, product_id, location_id, quantity, updated_at) VALUES ('191566a3-6e00-42dd-901f-f84d15a98c93', 'c009c438-fed7-40b0-8cf6-7833258eb0dc', '32e7dce7-4b31-4da9-b31b-1cf593dda08d', 18, '2026-01-28T12:38:20.726Z') ON CONFLICT (product_id, location_id) DO UPDATE SET quantity = EXCLUDED.quantity;
INSERT INTO stock_ledger (id, product_id, location_id, txn_type, txn_ref, qty_change, qty_after, created_at) VALUES ('ba6164c1-877b-45aa-a3b3-de731cc08d3d', 'c009c438-fed7-40b0-8cf6-7833258eb0dc', '32e7dce7-4b31-4da9-b31b-1cf593dda08d', 'receipt', 'REC-MMQ6PQNQ0061', 18, 18, '2026-01-28T12:38:20.726Z');
INSERT INTO receipts (id, reference, supplier_id, warehouse_id, status, created_by, created_at, validated_at) VALUES ('f9c6f80d-9dd7-466e-af84-cf86cb5f4868', 'REC-MMQ6PQNQ0062', 'b2beef56-befc-4b19-946d-803c8f090bc0', '8f89a2a3-ea9e-4367-aaac-8a90f1000d80', 'done', 'ad750edf-c1ac-4031-adac-3a48f67126dd', '2026-03-05T01:38:20.726Z', '2026-03-05T01:38:20.726Z');
INSERT INTO receipt_lines (id, receipt_id, product_id, expected_qty, received_qty) VALUES ('bf614148-a4d6-474a-b19f-8522b4368b5e', 'f9c6f80d-9dd7-466e-af84-cf86cb5f4868', 'bafbf66d-6912-429a-b46c-181f8d3cf9de', 86, 86);
INSERT INTO stock_levels (id, product_id, location_id, quantity, updated_at) VALUES ('304cf491-2cef-4244-8762-34d88af52116', 'bafbf66d-6912-429a-b46c-181f8d3cf9de', '3486a17a-96ca-4822-80c8-59ad7b37683f', 86, '2026-03-05T01:38:20.726Z') ON CONFLICT (product_id, location_id) DO UPDATE SET quantity = EXCLUDED.quantity;
INSERT INTO stock_ledger (id, product_id, location_id, txn_type, txn_ref, qty_change, qty_after, created_at) VALUES ('aa74d4a2-650f-4daf-8d91-44b1fc5be574', 'bafbf66d-6912-429a-b46c-181f8d3cf9de', '3486a17a-96ca-4822-80c8-59ad7b37683f', 'receipt', 'REC-MMQ6PQNQ0063', 86, 86, '2026-03-05T01:38:20.726Z');
INSERT INTO receipt_lines (id, receipt_id, product_id, expected_qty, received_qty) VALUES ('5416a4a3-c4ec-4500-b1e8-ea2ed1fae952', 'f9c6f80d-9dd7-466e-af84-cf86cb5f4868', '949aad1e-b01e-4746-9104-b0537ff072bf', 14, 14);
INSERT INTO stock_levels (id, product_id, location_id, quantity, updated_at) VALUES ('d6977d20-6c7c-4425-b234-e27923e38143', '949aad1e-b01e-4746-9104-b0537ff072bf', 'db30e5ad-68ee-4337-beea-22396dda808d', 14, '2026-03-05T01:38:20.726Z') ON CONFLICT (product_id, location_id) DO UPDATE SET quantity = EXCLUDED.quantity;
INSERT INTO stock_ledger (id, product_id, location_id, txn_type, txn_ref, qty_change, qty_after, created_at) VALUES ('f489042b-1e7d-4298-8c90-26141ef4c7b4', '949aad1e-b01e-4746-9104-b0537ff072bf', 'db30e5ad-68ee-4337-beea-22396dda808d', 'receipt', 'REC-MMQ6PQNQ0064', 14, 14, '2026-03-05T01:38:20.726Z');
INSERT INTO receipt_lines (id, receipt_id, product_id, expected_qty, received_qty) VALUES ('36971819-d798-4d0a-8190-88a5153c0536', 'f9c6f80d-9dd7-466e-af84-cf86cb5f4868', '994eeec5-6ca1-4c11-a020-384270659149', 84, 84);
INSERT INTO stock_levels (id, product_id, location_id, quantity, updated_at) VALUES ('d0178b12-cbde-4c6a-9090-fa0ad30bd2f5', '994eeec5-6ca1-4c11-a020-384270659149', 'db30e5ad-68ee-4337-beea-22396dda808d', 84, '2026-03-05T01:38:20.726Z') ON CONFLICT (product_id, location_id) DO UPDATE SET quantity = EXCLUDED.quantity;
INSERT INTO stock_ledger (id, product_id, location_id, txn_type, txn_ref, qty_change, qty_after, created_at) VALUES ('a5e77abf-dfae-4f60-bf6b-89e692bb1bf7', '994eeec5-6ca1-4c11-a020-384270659149', 'db30e5ad-68ee-4337-beea-22396dda808d', 'receipt', 'REC-MMQ6PQNQ0065', 84, 84, '2026-03-05T01:38:20.726Z');
INSERT INTO receipts (id, reference, supplier_id, warehouse_id, status, created_by, created_at, validated_at) VALUES ('9f702130-9cec-42a5-af69-5ed5c199d58a', 'REC-MMQ6PQNQ0066', 'c3160367-2582-402c-93ff-df965820d623', '1f3b3627-346d-46e3-b2cb-50eff1cb46f5', 'done', '83a03042-67f5-458e-be99-a02d92650c39', '2026-01-13T13:26:20.726Z', '2026-01-13T13:26:20.726Z');
INSERT INTO receipt_lines (id, receipt_id, product_id, expected_qty, received_qty) VALUES ('6d6922ac-735f-4df9-908e-58674d28ef17', '9f702130-9cec-42a5-af69-5ed5c199d58a', '1fd13a42-e0d4-4b37-871d-913dc1e7bdb4', 82, 82);
INSERT INTO stock_levels (id, product_id, location_id, quantity, updated_at) VALUES ('b99a7ce6-c05e-4400-b8c8-0c193e167905', '1fd13a42-e0d4-4b37-871d-913dc1e7bdb4', '32e7dce7-4b31-4da9-b31b-1cf593dda08d', 82, '2026-01-13T13:26:20.726Z') ON CONFLICT (product_id, location_id) DO UPDATE SET quantity = EXCLUDED.quantity;
INSERT INTO stock_ledger (id, product_id, location_id, txn_type, txn_ref, qty_change, qty_after, created_at) VALUES ('67e05512-985c-479c-a3c1-26717232226a', '1fd13a42-e0d4-4b37-871d-913dc1e7bdb4', '32e7dce7-4b31-4da9-b31b-1cf593dda08d', 'receipt', 'REC-MMQ6PQNQ0067', 82, 82, '2026-01-13T13:26:20.726Z');
INSERT INTO receipt_lines (id, receipt_id, product_id, expected_qty, received_qty) VALUES ('e90e3332-2b33-4a55-b7cd-28d89a02a8ee', '9f702130-9cec-42a5-af69-5ed5c199d58a', 'ee1dbb2e-1c80-4938-8f26-fb741deae50b', 62, 62);
INSERT INTO stock_levels (id, product_id, location_id, quantity, updated_at) VALUES ('9dc23797-7685-447d-aad4-a9a129864266', 'ee1dbb2e-1c80-4938-8f26-fb741deae50b', 'aa0bfb79-7358-4643-a1ca-e90eabdee0fd', 62, '2026-01-13T13:26:20.726Z') ON CONFLICT (product_id, location_id) DO UPDATE SET quantity = EXCLUDED.quantity;
INSERT INTO stock_ledger (id, product_id, location_id, txn_type, txn_ref, qty_change, qty_after, created_at) VALUES ('3cca3a46-cb61-4b7b-a737-b608618c1183', 'ee1dbb2e-1c80-4938-8f26-fb741deae50b', 'aa0bfb79-7358-4643-a1ca-e90eabdee0fd', 'receipt', 'REC-MMQ6PQNQ0068', 62, 62, '2026-01-13T13:26:20.726Z');
INSERT INTO receipts (id, reference, supplier_id, warehouse_id, status, created_by, created_at, validated_at) VALUES ('4b3d9e31-4e04-452d-8fee-0f7be5b7296d', 'REC-MMQ6PQNQ0069', 'a83b4d5a-f495-4470-b69a-a3acabaa1ec5', '9743ce1f-4993-4882-a2d5-42f901139cb3', 'done', '5f697995-bd67-4fb0-aba6-398c6a7013b7', '2026-02-17T15:16:20.726Z', '2026-02-17T15:16:20.726Z');
INSERT INTO receipt_lines (id, receipt_id, product_id, expected_qty, received_qty) VALUES ('c5aa31e6-a2c2-4986-a0e8-d62df8346274', '4b3d9e31-4e04-452d-8fee-0f7be5b7296d', '1ca9862f-d128-47f7-bc19-537e7d985236', 25, 25);
INSERT INTO stock_levels (id, product_id, location_id, quantity, updated_at) VALUES ('8c1dc950-43d2-4be8-8f91-0d395859f2bf', '1ca9862f-d128-47f7-bc19-537e7d985236', '66930ff7-e2cf-414b-ae08-4577ec2836dd', 25, '2026-02-17T15:16:20.726Z') ON CONFLICT (product_id, location_id) DO UPDATE SET quantity = EXCLUDED.quantity;
INSERT INTO stock_ledger (id, product_id, location_id, txn_type, txn_ref, qty_change, qty_after, created_at) VALUES ('fb674a9e-9859-4597-a3f8-c75b36d67806', '1ca9862f-d128-47f7-bc19-537e7d985236', '66930ff7-e2cf-414b-ae08-4577ec2836dd', 'receipt', 'REC-MMQ6PQNQ0070', 25, 25, '2026-02-17T15:16:20.726Z');
INSERT INTO receipt_lines (id, receipt_id, product_id, expected_qty, received_qty) VALUES ('64e8dbc2-268a-469e-975d-98920756a310', '4b3d9e31-4e04-452d-8fee-0f7be5b7296d', '3e2ce3c3-3e37-4268-a410-0cb4fb78e7c1', 34, 34);
INSERT INTO stock_levels (id, product_id, location_id, quantity, updated_at) VALUES ('ee2546ad-32e7-47f4-86be-9e74b02f0731', '3e2ce3c3-3e37-4268-a410-0cb4fb78e7c1', '66930ff7-e2cf-414b-ae08-4577ec2836dd', 117, '2026-02-17T15:16:20.726Z') ON CONFLICT (product_id, location_id) DO UPDATE SET quantity = EXCLUDED.quantity;
INSERT INTO stock_ledger (id, product_id, location_id, txn_type, txn_ref, qty_change, qty_after, created_at) VALUES ('00c91cba-3409-43ac-aa04-5f39cf01185a', '3e2ce3c3-3e37-4268-a410-0cb4fb78e7c1', '66930ff7-e2cf-414b-ae08-4577ec2836dd', 'receipt', 'REC-MMQ6PQNQ0071', 34, 117, '2026-02-17T15:16:20.726Z');
INSERT INTO receipts (id, reference, supplier_id, warehouse_id, status, created_by, created_at, validated_at) VALUES ('44724689-378b-4eed-848c-e5c61986cd82', 'REC-MMQ6PQNQ0072', '38424585-c604-4ed6-9fd5-206c95a0f03f', '4cb2f979-857e-41cc-9c29-b2c677d3bbbc', 'done', '745385a3-fbf0-4852-8018-daf647656db7', '2026-02-08T09:03:20.726Z', '2026-02-08T09:03:20.726Z');
INSERT INTO receipt_lines (id, receipt_id, product_id, expected_qty, received_qty) VALUES ('33ebe3ad-1453-4273-990f-9ae6f88c6857', '44724689-378b-4eed-848c-e5c61986cd82', 'b2970da4-dbd4-4c34-a193-b8d7915946bb', 92, 92);
INSERT INTO stock_levels (id, product_id, location_id, quantity, updated_at) VALUES ('ae277c13-c578-4c35-82d3-c80ddff20d12', 'b2970da4-dbd4-4c34-a193-b8d7915946bb', '149415f8-3a14-4864-b6a5-d892fb7af719', 92, '2026-02-08T09:03:20.726Z') ON CONFLICT (product_id, location_id) DO UPDATE SET quantity = EXCLUDED.quantity;
INSERT INTO stock_ledger (id, product_id, location_id, txn_type, txn_ref, qty_change, qty_after, created_at) VALUES ('b3bab0c4-9898-433f-97bb-288f71237f2d', 'b2970da4-dbd4-4c34-a193-b8d7915946bb', '149415f8-3a14-4864-b6a5-d892fb7af719', 'receipt', 'REC-MMQ6PQNQ0073', 92, 92, '2026-02-08T09:03:20.726Z');
INSERT INTO receipt_lines (id, receipt_id, product_id, expected_qty, received_qty) VALUES ('d6d92465-02ca-46ad-bc5d-c09dcae95588', '44724689-378b-4eed-848c-e5c61986cd82', 'fcbf99fa-d095-44e2-a0c3-bd8a62d49de2', 96, 96);
INSERT INTO stock_levels (id, product_id, location_id, quantity, updated_at) VALUES ('563a1e70-3c2f-4088-a0c2-ec36270db288', 'fcbf99fa-d095-44e2-a0c3-bd8a62d49de2', '3b93c1c0-daa7-4826-9a3c-90f99b2d9710', 96, '2026-02-08T09:03:20.726Z') ON CONFLICT (product_id, location_id) DO UPDATE SET quantity = EXCLUDED.quantity;
INSERT INTO stock_ledger (id, product_id, location_id, txn_type, txn_ref, qty_change, qty_after, created_at) VALUES ('c854212f-6512-446b-b248-63c5d86b4dc8', 'fcbf99fa-d095-44e2-a0c3-bd8a62d49de2', '3b93c1c0-daa7-4826-9a3c-90f99b2d9710', 'receipt', 'REC-MMQ6PQNQ0074', 96, 96, '2026-02-08T09:03:20.726Z');
INSERT INTO receipts (id, reference, supplier_id, warehouse_id, status, created_by, created_at, validated_at) VALUES ('d115bbd6-c690-4ee7-baeb-9b55a63252d6', 'REC-MMQ6PQNQ0075', '26c60d65-6a4f-4a94-a5df-82af96e1b6dc', '8f89a2a3-ea9e-4367-aaac-8a90f1000d80', 'done', '89ed61cf-8cca-4a3f-b6f7-5cd247eb1899', '2026-02-19T04:23:20.726Z', '2026-02-19T04:23:20.726Z');
INSERT INTO receipt_lines (id, receipt_id, product_id, expected_qty, received_qty) VALUES ('966d7991-cd25-4858-99c2-e44a6e44ba8a', 'd115bbd6-c690-4ee7-baeb-9b55a63252d6', '22edc269-5362-4ca5-841d-917a3625dfbc', 74, 74);
INSERT INTO stock_levels (id, product_id, location_id, quantity, updated_at) VALUES ('da0afcc7-3b6f-456e-9b35-367d9b51eeca', '22edc269-5362-4ca5-841d-917a3625dfbc', 'db30e5ad-68ee-4337-beea-22396dda808d', 74, '2026-02-19T04:23:20.726Z') ON CONFLICT (product_id, location_id) DO UPDATE SET quantity = EXCLUDED.quantity;
INSERT INTO stock_ledger (id, product_id, location_id, txn_type, txn_ref, qty_change, qty_after, created_at) VALUES ('1fdab599-0f31-4daa-b86d-80e0f12c7167', '22edc269-5362-4ca5-841d-917a3625dfbc', 'db30e5ad-68ee-4337-beea-22396dda808d', 'receipt', 'REC-MMQ6PQNQ0076', 74, 74, '2026-02-19T04:23:20.726Z');
INSERT INTO receipts (id, reference, supplier_id, warehouse_id, status, created_by, created_at, validated_at) VALUES ('8dcb3e23-562e-4f22-ab46-d72b3bab836d', 'REC-MMQ6PQNQ0077', 'c5a3d9f2-5a6f-496a-816d-b781f9e27033', '4cb2f979-857e-41cc-9c29-b2c677d3bbbc', 'done', '7c7cc594-72c0-464f-917a-ab5da13a3aa9', '2026-02-23T06:51:20.726Z', '2026-02-23T06:51:20.726Z');
INSERT INTO receipt_lines (id, receipt_id, product_id, expected_qty, received_qty) VALUES ('9b32cae4-e273-4be0-b4be-2a07f6029320', '8dcb3e23-562e-4f22-ab46-d72b3bab836d', 'abffdbb7-5129-405c-aaad-7505948fb8d1', 18, 18);
INSERT INTO stock_levels (id, product_id, location_id, quantity, updated_at) VALUES ('4f472910-5b62-4b37-80f8-bbec3d36b1a6', 'abffdbb7-5129-405c-aaad-7505948fb8d1', '149415f8-3a14-4864-b6a5-d892fb7af719', 18, '2026-02-23T06:51:20.726Z') ON CONFLICT (product_id, location_id) DO UPDATE SET quantity = EXCLUDED.quantity;
INSERT INTO stock_ledger (id, product_id, location_id, txn_type, txn_ref, qty_change, qty_after, created_at) VALUES ('a931acfd-1645-46a4-b9fb-051c8cb321f1', 'abffdbb7-5129-405c-aaad-7505948fb8d1', '149415f8-3a14-4864-b6a5-d892fb7af719', 'receipt', 'REC-MMQ6PQNQ0078', 18, 18, '2026-02-23T06:51:20.726Z');
INSERT INTO receipt_lines (id, receipt_id, product_id, expected_qty, received_qty) VALUES ('0dc4e58c-e76d-4536-95ac-04466441115e', '8dcb3e23-562e-4f22-ab46-d72b3bab836d', '055543a7-bf87-4cac-946a-c6d9832c109a', 30, 30);
INSERT INTO stock_levels (id, product_id, location_id, quantity, updated_at) VALUES ('d8805dda-7cbf-4ec1-beac-0926809fac00', '055543a7-bf87-4cac-946a-c6d9832c109a', '3b93c1c0-daa7-4826-9a3c-90f99b2d9710', 30, '2026-02-23T06:51:20.726Z') ON CONFLICT (product_id, location_id) DO UPDATE SET quantity = EXCLUDED.quantity;
INSERT INTO stock_ledger (id, product_id, location_id, txn_type, txn_ref, qty_change, qty_after, created_at) VALUES ('834b0c0d-308b-44da-8e8d-85a701274838', '055543a7-bf87-4cac-946a-c6d9832c109a', '3b93c1c0-daa7-4826-9a3c-90f99b2d9710', 'receipt', 'REC-MMQ6PQNQ0079', 30, 30, '2026-02-23T06:51:20.726Z');
INSERT INTO receipts (id, reference, supplier_id, warehouse_id, status, created_by, created_at, validated_at) VALUES ('3eb9ec7a-d510-4ab4-a89e-983b00d3f190', 'REC-MMQ6PQNQ0080', '75e7bc40-9608-47d6-8394-2ea9f72f78c2', '6b08f2ae-f8ff-4471-9e29-66bf15044c71', 'done', 'd8921905-f6bd-494a-9dff-c11106f592de', '2026-03-05T01:46:20.726Z', '2026-03-05T01:46:20.726Z');
INSERT INTO receipt_lines (id, receipt_id, product_id, expected_qty, received_qty) VALUES ('2da3c28a-8e52-42f1-bb0e-1d8bace3d6d6', '3eb9ec7a-d510-4ab4-a89e-983b00d3f190', '2bf7ab0f-c764-4bab-8bfb-c1328e539141', 87, 87);
INSERT INTO stock_levels (id, product_id, location_id, quantity, updated_at) VALUES ('c1097038-1078-4539-af96-7bf17aa380f2', '2bf7ab0f-c764-4bab-8bfb-c1328e539141', '70072616-5b58-4c8f-8eff-290e999cdfb8', 87, '2026-03-05T01:46:20.726Z') ON CONFLICT (product_id, location_id) DO UPDATE SET quantity = EXCLUDED.quantity;
INSERT INTO stock_ledger (id, product_id, location_id, txn_type, txn_ref, qty_change, qty_after, created_at) VALUES ('b1bf08ea-bc41-4949-9652-c94f20e57906', '2bf7ab0f-c764-4bab-8bfb-c1328e539141', '70072616-5b58-4c8f-8eff-290e999cdfb8', 'receipt', 'REC-MMQ6PQNQ0081', 87, 87, '2026-03-05T01:46:20.726Z');
INSERT INTO receipt_lines (id, receipt_id, product_id, expected_qty, received_qty) VALUES ('5941eb55-80e3-4a76-a02c-7b562a02a2b2', '3eb9ec7a-d510-4ab4-a89e-983b00d3f190', '5afd699a-66a5-41ae-9e4f-6aba016893c9', 59, 59);
INSERT INTO stock_levels (id, product_id, location_id, quantity, updated_at) VALUES ('fe74db90-1f97-43ed-bd37-5b7cfe1299df', '5afd699a-66a5-41ae-9e4f-6aba016893c9', '03aea7d3-ebec-437b-86c5-48ad21188edc', 59, '2026-03-05T01:46:20.726Z') ON CONFLICT (product_id, location_id) DO UPDATE SET quantity = EXCLUDED.quantity;
INSERT INTO stock_ledger (id, product_id, location_id, txn_type, txn_ref, qty_change, qty_after, created_at) VALUES ('4361f23b-daf8-4340-8278-3049dc48a534', '5afd699a-66a5-41ae-9e4f-6aba016893c9', '03aea7d3-ebec-437b-86c5-48ad21188edc', 'receipt', 'REC-MMQ6PQNQ0082', 59, 59, '2026-03-05T01:46:20.726Z');
INSERT INTO receipts (id, reference, supplier_id, warehouse_id, status, created_by, created_at, validated_at) VALUES ('4c8185f1-1800-4b5b-8df5-cd0d00854869', 'REC-MMQ6PQNQ0083', '7849c12c-3268-4004-a399-816c7f285417', '8f89a2a3-ea9e-4367-aaac-8a90f1000d80', 'done', '590049cb-4666-47f7-a73e-7be69fcbdb71', '2026-02-10T01:25:20.726Z', '2026-02-10T01:25:20.726Z');
INSERT INTO receipt_lines (id, receipt_id, product_id, expected_qty, received_qty) VALUES ('af2642cd-78e6-443f-834b-912eef443c54', '4c8185f1-1800-4b5b-8df5-cd0d00854869', '9ae0e00b-cccb-4bfd-b146-0add98ebf2e7', 92, 92);
INSERT INTO stock_levels (id, product_id, location_id, quantity, updated_at) VALUES ('4307d9dc-99bc-4df0-99de-70226b723007', '9ae0e00b-cccb-4bfd-b146-0add98ebf2e7', '3486a17a-96ca-4822-80c8-59ad7b37683f', 92, '2026-02-10T01:25:20.726Z') ON CONFLICT (product_id, location_id) DO UPDATE SET quantity = EXCLUDED.quantity;
INSERT INTO stock_ledger (id, product_id, location_id, txn_type, txn_ref, qty_change, qty_after, created_at) VALUES ('556cc990-53d0-47b1-98dc-7a4083084151', '9ae0e00b-cccb-4bfd-b146-0add98ebf2e7', '3486a17a-96ca-4822-80c8-59ad7b37683f', 'receipt', 'REC-MMQ6PQNQ0084', 92, 92, '2026-02-10T01:25:20.726Z');
INSERT INTO receipt_lines (id, receipt_id, product_id, expected_qty, received_qty) VALUES ('a67f99cf-e2a4-4de9-bd3d-c90cd4e6c536', '4c8185f1-1800-4b5b-8df5-cd0d00854869', '4c5a10a2-fb8c-45c4-8323-552053be7c49', 32, 32);
INSERT INTO stock_levels (id, product_id, location_id, quantity, updated_at) VALUES ('1ea27937-85be-40ba-8310-816865e8cbbc', '4c5a10a2-fb8c-45c4-8323-552053be7c49', '3486a17a-96ca-4822-80c8-59ad7b37683f', 32, '2026-02-10T01:25:20.726Z') ON CONFLICT (product_id, location_id) DO UPDATE SET quantity = EXCLUDED.quantity;
INSERT INTO stock_ledger (id, product_id, location_id, txn_type, txn_ref, qty_change, qty_after, created_at) VALUES ('32f4640c-7557-4b78-ba6c-7ccd9aef97c5', '4c5a10a2-fb8c-45c4-8323-552053be7c49', '3486a17a-96ca-4822-80c8-59ad7b37683f', 'receipt', 'REC-MMQ6PQNQ0085', 32, 32, '2026-02-10T01:25:20.726Z');
INSERT INTO receipt_lines (id, receipt_id, product_id, expected_qty, received_qty) VALUES ('a0e0f659-29d5-4bf5-b68a-89514af28569', '4c8185f1-1800-4b5b-8df5-cd0d00854869', '994eeec5-6ca1-4c11-a020-384270659149', 44, 44);
INSERT INTO stock_levels (id, product_id, location_id, quantity, updated_at) VALUES ('e25c2531-2952-4806-a276-7a959f88378d', '994eeec5-6ca1-4c11-a020-384270659149', 'db30e5ad-68ee-4337-beea-22396dda808d', 128, '2026-02-10T01:25:20.726Z') ON CONFLICT (product_id, location_id) DO UPDATE SET quantity = EXCLUDED.quantity;
INSERT INTO stock_ledger (id, product_id, location_id, txn_type, txn_ref, qty_change, qty_after, created_at) VALUES ('14815f69-65c5-48c2-8c87-fbd79bf1316f', '994eeec5-6ca1-4c11-a020-384270659149', 'db30e5ad-68ee-4337-beea-22396dda808d', 'receipt', 'REC-MMQ6PQNQ0086', 44, 128, '2026-02-10T01:25:20.726Z');
INSERT INTO receipts (id, reference, supplier_id, warehouse_id, status, created_by, created_at, validated_at) VALUES ('7958b39e-86c1-49b3-86c9-38f57926a354', 'REC-MMQ6PQNQ0087', 'c83ff1a4-b135-4034-ad91-cf6b3c866c12', '6b08f2ae-f8ff-4471-9e29-66bf15044c71', 'done', '6d3c00a7-a355-4ee2-83b6-7b8e320ccf59', '2026-02-03T14:31:20.726Z', '2026-02-03T14:31:20.726Z');
INSERT INTO receipt_lines (id, receipt_id, product_id, expected_qty, received_qty) VALUES ('d221f277-d5c8-4b03-8753-68c784644508', '7958b39e-86c1-49b3-86c9-38f57926a354', '67a18037-e61f-443d-9abf-c942bd70afa8', 18, 18);
INSERT INTO stock_levels (id, product_id, location_id, quantity, updated_at) VALUES ('f1304c9d-bffe-43f5-a7fc-238b2eb327bc', '67a18037-e61f-443d-9abf-c942bd70afa8', '03aea7d3-ebec-437b-86c5-48ad21188edc', 18, '2026-02-03T14:31:20.726Z') ON CONFLICT (product_id, location_id) DO UPDATE SET quantity = EXCLUDED.quantity;
INSERT INTO stock_ledger (id, product_id, location_id, txn_type, txn_ref, qty_change, qty_after, created_at) VALUES ('a1e8f07a-f71a-4fd5-a5b8-6067a1773421', '67a18037-e61f-443d-9abf-c942bd70afa8', '03aea7d3-ebec-437b-86c5-48ad21188edc', 'receipt', 'REC-MMQ6PQNQ0088', 18, 18, '2026-02-03T14:31:20.726Z');
INSERT INTO receipt_lines (id, receipt_id, product_id, expected_qty, received_qty) VALUES ('c018f139-fa2e-4dd7-ad33-270e1096a295', '7958b39e-86c1-49b3-86c9-38f57926a354', '67a18037-e61f-443d-9abf-c942bd70afa8', 52, 52);
INSERT INTO stock_levels (id, product_id, location_id, quantity, updated_at) VALUES ('6543323c-9427-49fc-b396-8fa5786faeaa', '67a18037-e61f-443d-9abf-c942bd70afa8', '03aea7d3-ebec-437b-86c5-48ad21188edc', 70, '2026-02-03T14:31:20.726Z') ON CONFLICT (product_id, location_id) DO UPDATE SET quantity = EXCLUDED.quantity;
INSERT INTO stock_ledger (id, product_id, location_id, txn_type, txn_ref, qty_change, qty_after, created_at) VALUES ('866f23a7-e327-4a89-acae-15e11f09dc46', '67a18037-e61f-443d-9abf-c942bd70afa8', '03aea7d3-ebec-437b-86c5-48ad21188edc', 'receipt', 'REC-MMQ6PQNQ0089', 52, 70, '2026-02-03T14:31:20.726Z');
INSERT INTO receipt_lines (id, receipt_id, product_id, expected_qty, received_qty) VALUES ('58f2a62b-1b04-45e2-afe1-5172211882c9', '7958b39e-86c1-49b3-86c9-38f57926a354', 'ee1dbb2e-1c80-4938-8f26-fb741deae50b', 74, 74);
INSERT INTO stock_levels (id, product_id, location_id, quantity, updated_at) VALUES ('4ea06cd7-404f-44f1-bf98-1c22c1f9e353', 'ee1dbb2e-1c80-4938-8f26-fb741deae50b', '03aea7d3-ebec-437b-86c5-48ad21188edc', 74, '2026-02-03T14:31:20.726Z') ON CONFLICT (product_id, location_id) DO UPDATE SET quantity = EXCLUDED.quantity;
INSERT INTO stock_ledger (id, product_id, location_id, txn_type, txn_ref, qty_change, qty_after, created_at) VALUES ('cd1aef4b-3d04-4882-9102-63ae5117010a', 'ee1dbb2e-1c80-4938-8f26-fb741deae50b', '03aea7d3-ebec-437b-86c5-48ad21188edc', 'receipt', 'REC-MMQ6PQNQ0090', 74, 74, '2026-02-03T14:31:20.726Z');
INSERT INTO receipts (id, reference, supplier_id, warehouse_id, status, created_by, created_at, validated_at) VALUES ('b3d016b2-31c5-45e0-a005-d891de7d40b7', 'REC-MMQ6PQNQ0091', 'f3b205ea-8921-4a1c-bdea-943e1b07f96c', 'd82a3fca-0a89-48ff-be03-578ad5819686', 'done', '6c15979c-728c-4fc1-a79e-1cadd1729b4f', '2026-02-19T14:46:20.726Z', '2026-02-19T14:46:20.726Z');
INSERT INTO receipt_lines (id, receipt_id, product_id, expected_qty, received_qty) VALUES ('8b05776c-9763-41bf-aa37-d433c49a4ed6', 'b3d016b2-31c5-45e0-a005-d891de7d40b7', 'fb2050b4-2cd7-445b-a36f-70ce79bb8273', 40, 40);
INSERT INTO stock_levels (id, product_id, location_id, quantity, updated_at) VALUES ('3ba28bdf-f35e-479b-a2e4-00580a595ebc', 'fb2050b4-2cd7-445b-a36f-70ce79bb8273', 'a1cab631-22d0-463e-bf9b-71ecd48a580c', 40, '2026-02-19T14:46:20.726Z') ON CONFLICT (product_id, location_id) DO UPDATE SET quantity = EXCLUDED.quantity;
INSERT INTO stock_ledger (id, product_id, location_id, txn_type, txn_ref, qty_change, qty_after, created_at) VALUES ('d36e98a6-0e5e-4ed1-8e59-154398521126', 'fb2050b4-2cd7-445b-a36f-70ce79bb8273', 'a1cab631-22d0-463e-bf9b-71ecd48a580c', 'receipt', 'REC-MMQ6PQNQ0092', 40, 40, '2026-02-19T14:46:20.726Z');
INSERT INTO receipts (id, reference, supplier_id, warehouse_id, status, created_by, created_at, validated_at) VALUES ('4f71f659-71e7-41ec-8201-92ab7c612819', 'REC-MMQ6PQNQ0093', 'd96349c0-f5f2-47a6-ba9b-bf48ed069130', '42c11fda-ae4c-485f-9ba5-17d643b9f9d7', 'done', '590049cb-4666-47f7-a73e-7be69fcbdb71', '2026-02-14T09:29:20.726Z', '2026-02-14T09:29:20.726Z');
INSERT INTO receipt_lines (id, receipt_id, product_id, expected_qty, received_qty) VALUES ('8e783e83-f0e3-4f0e-b3dc-461f2e1510bb', '4f71f659-71e7-41ec-8201-92ab7c612819', '379facbf-0ad1-4e0c-bb0d-6613c91f762b', 95, 95);
INSERT INTO stock_levels (id, product_id, location_id, quantity, updated_at) VALUES ('705a44cc-5f55-431a-be9c-83a8f175d9ff', '379facbf-0ad1-4e0c-bb0d-6613c91f762b', '3314d3ae-1334-48be-a617-7242f0ce20ed', 95, '2026-02-14T09:29:20.726Z') ON CONFLICT (product_id, location_id) DO UPDATE SET quantity = EXCLUDED.quantity;
INSERT INTO stock_ledger (id, product_id, location_id, txn_type, txn_ref, qty_change, qty_after, created_at) VALUES ('4b29bfe9-2a6d-4676-b2a2-254cbb7032ba', '379facbf-0ad1-4e0c-bb0d-6613c91f762b', '3314d3ae-1334-48be-a617-7242f0ce20ed', 'receipt', 'REC-MMQ6PQNQ0094', 95, 95, '2026-02-14T09:29:20.726Z');
INSERT INTO receipt_lines (id, receipt_id, product_id, expected_qty, received_qty) VALUES ('931f343e-9906-4d68-a1a0-a0a5242e58ae', '4f71f659-71e7-41ec-8201-92ab7c612819', '4c5a10a2-fb8c-45c4-8323-552053be7c49', 53, 53);
INSERT INTO stock_levels (id, product_id, location_id, quantity, updated_at) VALUES ('6b18f8ef-515b-4554-af73-7983eb725af8', '4c5a10a2-fb8c-45c4-8323-552053be7c49', 'aa26af2f-9b28-4543-a9f2-c67bf33072d2', 53, '2026-02-14T09:29:20.726Z') ON CONFLICT (product_id, location_id) DO UPDATE SET quantity = EXCLUDED.quantity;
INSERT INTO stock_ledger (id, product_id, location_id, txn_type, txn_ref, qty_change, qty_after, created_at) VALUES ('638ec3fa-7035-44e1-9b3e-045d7b9f5cc9', '4c5a10a2-fb8c-45c4-8323-552053be7c49', 'aa26af2f-9b28-4543-a9f2-c67bf33072d2', 'receipt', 'REC-MMQ6PQNQ0095', 53, 53, '2026-02-14T09:29:20.726Z');
INSERT INTO receipts (id, reference, supplier_id, warehouse_id, status, created_by, created_at, validated_at) VALUES ('1845add5-a2a1-4939-af08-7dd647855816', 'REC-MMQ6PQNQ0096', '5338544a-50ac-4cf6-88ad-7f6ef3aa3a27', '7b5fba80-1c7c-44d8-b26e-b0eaf8b4f309', 'done', 'a601ef30-d6af-41fa-99e6-c405f6f8e581', '2026-02-18T00:52:20.726Z', '2026-02-18T00:52:20.726Z');
INSERT INTO receipt_lines (id, receipt_id, product_id, expected_qty, received_qty) VALUES ('c89f443b-90e7-4da0-a874-7ea82dbd137e', '1845add5-a2a1-4939-af08-7dd647855816', 'bae0590b-d7cc-40d6-b857-fbf7d0c17ae1', 34, 34);
INSERT INTO stock_levels (id, product_id, location_id, quantity, updated_at) VALUES ('a40f57f9-3a82-424a-a630-891db6829965', 'bae0590b-d7cc-40d6-b857-fbf7d0c17ae1', 'd2b6c2b8-93e7-4000-8c2e-f2a57631d60c', 34, '2026-02-18T00:52:20.726Z') ON CONFLICT (product_id, location_id) DO UPDATE SET quantity = EXCLUDED.quantity;
INSERT INTO stock_ledger (id, product_id, location_id, txn_type, txn_ref, qty_change, qty_after, created_at) VALUES ('f3573fdb-1f08-495b-b487-3dccbef24007', 'bae0590b-d7cc-40d6-b857-fbf7d0c17ae1', 'd2b6c2b8-93e7-4000-8c2e-f2a57631d60c', 'receipt', 'REC-MMQ6PQNQ0097', 34, 34, '2026-02-18T00:52:20.726Z');
INSERT INTO receipts (id, reference, supplier_id, warehouse_id, status, created_by, created_at, validated_at) VALUES ('8359f368-9792-4ece-943d-272ed864056f', 'REC-MMQ6PQNQ0098', 'b2ce096e-b8a3-432e-9a77-f0869e096390', '42c11fda-ae4c-485f-9ba5-17d643b9f9d7', 'done', '9fef4b74-fd04-4850-a534-430387bebeab', '2026-01-23T01:02:20.726Z', '2026-01-23T01:02:20.726Z');
INSERT INTO receipt_lines (id, receipt_id, product_id, expected_qty, received_qty) VALUES ('a08b7fea-9de4-4a79-b094-b5b15aeed122', '8359f368-9792-4ece-943d-272ed864056f', 'fb2050b4-2cd7-445b-a36f-70ce79bb8273', 81, 81);
INSERT INTO stock_levels (id, product_id, location_id, quantity, updated_at) VALUES ('bdec4bd8-817a-4228-93c3-6baf1bd85ffd', 'fb2050b4-2cd7-445b-a36f-70ce79bb8273', 'aa26af2f-9b28-4543-a9f2-c67bf33072d2', 81, '2026-01-23T01:02:20.726Z') ON CONFLICT (product_id, location_id) DO UPDATE SET quantity = EXCLUDED.quantity;
INSERT INTO stock_ledger (id, product_id, location_id, txn_type, txn_ref, qty_change, qty_after, created_at) VALUES ('de85a00a-ee4c-4138-bf37-9dd25051ce50', 'fb2050b4-2cd7-445b-a36f-70ce79bb8273', 'aa26af2f-9b28-4543-a9f2-c67bf33072d2', 'receipt', 'REC-MMQ6PQNQ0099', 81, 81, '2026-01-23T01:02:20.726Z');
INSERT INTO receipt_lines (id, receipt_id, product_id, expected_qty, received_qty) VALUES ('c4e51391-e604-4fad-b388-b9be828a57b5', '8359f368-9792-4ece-943d-272ed864056f', 'c009c438-fed7-40b0-8cf6-7833258eb0dc', 23, 23);
INSERT INTO stock_levels (id, product_id, location_id, quantity, updated_at) VALUES ('d86385b2-5430-41bd-80e0-36bf4529a188', 'c009c438-fed7-40b0-8cf6-7833258eb0dc', '3314d3ae-1334-48be-a617-7242f0ce20ed', 23, '2026-01-23T01:02:20.726Z') ON CONFLICT (product_id, location_id) DO UPDATE SET quantity = EXCLUDED.quantity;
INSERT INTO stock_ledger (id, product_id, location_id, txn_type, txn_ref, qty_change, qty_after, created_at) VALUES ('3e5b19f3-2f83-4f59-9026-311330ea5fff', 'c009c438-fed7-40b0-8cf6-7833258eb0dc', '3314d3ae-1334-48be-a617-7242f0ce20ed', 'receipt', 'REC-MMQ6PQNQ0100', 23, 23, '2026-01-23T01:02:20.726Z');
INSERT INTO receipts (id, reference, supplier_id, warehouse_id, status, created_by, created_at, validated_at) VALUES ('ea3b3bcf-6baf-4e64-9c23-ed6a7d84dce7', 'REC-MMQ6PQNQ0101', '2979d411-28ad-445a-bebd-0a24b1f713fb', '7b5fba80-1c7c-44d8-b26e-b0eaf8b4f309', 'done', 'e779c618-17f6-4392-83aa-33abca817e14', '2026-03-08T08:19:20.726Z', '2026-03-08T08:19:20.726Z');
INSERT INTO receipt_lines (id, receipt_id, product_id, expected_qty, received_qty) VALUES ('c6bc452d-9ab9-46c4-b47d-a2f3cb36cfb5', 'ea3b3bcf-6baf-4e64-9c23-ed6a7d84dce7', 'd2b7a318-a871-4f4d-a9a4-4a5e20e2c282', 81, 81);
INSERT INTO stock_levels (id, product_id, location_id, quantity, updated_at) VALUES ('419b220e-8a72-49ed-a0f5-013393b62319', 'd2b7a318-a871-4f4d-a9a4-4a5e20e2c282', '63df3b10-84e7-4f2a-9509-426207996a36', 81, '2026-03-08T08:19:20.726Z') ON CONFLICT (product_id, location_id) DO UPDATE SET quantity = EXCLUDED.quantity;
INSERT INTO stock_ledger (id, product_id, location_id, txn_type, txn_ref, qty_change, qty_after, created_at) VALUES ('2d124939-a4c8-45b7-bb75-aa6658da67e1', 'd2b7a318-a871-4f4d-a9a4-4a5e20e2c282', '63df3b10-84e7-4f2a-9509-426207996a36', 'receipt', 'REC-MMQ6PQNQ0102', 81, 81, '2026-03-08T08:19:20.726Z');
INSERT INTO receipts (id, reference, supplier_id, warehouse_id, status, created_by, created_at, validated_at) VALUES ('1e2994fa-5e3c-45e4-8fda-35b685f1c23e', 'REC-MMQ6PQNQ0103', 'a83b4d5a-f495-4470-b69a-a3acabaa1ec5', '6b08f2ae-f8ff-4471-9e29-66bf15044c71', 'done', 'a5ff0611-f9b3-489f-a472-d356909d5f83', '2026-03-09T08:27:20.726Z', '2026-03-09T08:27:20.726Z');
INSERT INTO receipt_lines (id, receipt_id, product_id, expected_qty, received_qty) VALUES ('db9f5c14-ceb2-4c06-b530-bf55765dc7f7', '1e2994fa-5e3c-45e4-8fda-35b685f1c23e', '77e55e80-d93d-481c-a018-853695be93cd', 72, 72);
INSERT INTO stock_levels (id, product_id, location_id, quantity, updated_at) VALUES ('25e92d99-ef1c-4bdc-83f5-58a4c4214017', '77e55e80-d93d-481c-a018-853695be93cd', '70072616-5b58-4c8f-8eff-290e999cdfb8', 72, '2026-03-09T08:27:20.726Z') ON CONFLICT (product_id, location_id) DO UPDATE SET quantity = EXCLUDED.quantity;
INSERT INTO stock_ledger (id, product_id, location_id, txn_type, txn_ref, qty_change, qty_after, created_at) VALUES ('f25e0778-72d0-48a2-8500-464d102fb35d', '77e55e80-d93d-481c-a018-853695be93cd', '70072616-5b58-4c8f-8eff-290e999cdfb8', 'receipt', 'REC-MMQ6PQNQ0104', 72, 72, '2026-03-09T08:27:20.726Z');
INSERT INTO receipt_lines (id, receipt_id, product_id, expected_qty, received_qty) VALUES ('92a38187-f19a-424c-9dc2-48ef06edec0f', '1e2994fa-5e3c-45e4-8fda-35b685f1c23e', '2b2d6d2f-5fd0-4aef-b462-f6d84959d51a', 63, 63);
INSERT INTO stock_levels (id, product_id, location_id, quantity, updated_at) VALUES ('63e78ce8-10ff-4eb1-89dd-9c0e24b622b1', '2b2d6d2f-5fd0-4aef-b462-f6d84959d51a', '70072616-5b58-4c8f-8eff-290e999cdfb8', 63, '2026-03-09T08:27:20.726Z') ON CONFLICT (product_id, location_id) DO UPDATE SET quantity = EXCLUDED.quantity;
INSERT INTO stock_ledger (id, product_id, location_id, txn_type, txn_ref, qty_change, qty_after, created_at) VALUES ('56577c29-fb53-4632-b09d-07f3e1299d5e', '2b2d6d2f-5fd0-4aef-b462-f6d84959d51a', '70072616-5b58-4c8f-8eff-290e999cdfb8', 'receipt', 'REC-MMQ6PQNQ0105', 63, 63, '2026-03-09T08:27:20.726Z');
INSERT INTO receipts (id, reference, supplier_id, warehouse_id, status, created_by, created_at, validated_at) VALUES ('813805ad-254c-4f99-b75f-24f9623d3970', 'REC-MMQ6PQNQ0106', 'f361e925-b8a0-49dd-b016-2009c0e454e0', '4cb2f979-857e-41cc-9c29-b2c677d3bbbc', 'done', '6525c1b8-27fd-4a44-b30b-9d65c1474f4d', '2026-01-27T06:18:20.726Z', '2026-01-27T06:18:20.726Z');
INSERT INTO receipt_lines (id, receipt_id, product_id, expected_qty, received_qty) VALUES ('27bea99d-dc8c-4e20-9713-7896aad8cbf2', '813805ad-254c-4f99-b75f-24f9623d3970', 'b79c27fc-9cf8-439f-b371-840f66da4c6e', 28, 28);
INSERT INTO stock_levels (id, product_id, location_id, quantity, updated_at) VALUES ('cb98e238-d2bd-425b-9a07-4dd2f333eddc', 'b79c27fc-9cf8-439f-b371-840f66da4c6e', '149415f8-3a14-4864-b6a5-d892fb7af719', 28, '2026-01-27T06:18:20.726Z') ON CONFLICT (product_id, location_id) DO UPDATE SET quantity = EXCLUDED.quantity;
INSERT INTO stock_ledger (id, product_id, location_id, txn_type, txn_ref, qty_change, qty_after, created_at) VALUES ('f649cc73-d4b6-44e9-9835-a9ca4bc2a54a', 'b79c27fc-9cf8-439f-b371-840f66da4c6e', '149415f8-3a14-4864-b6a5-d892fb7af719', 'receipt', 'REC-MMQ6PQNQ0107', 28, 28, '2026-01-27T06:18:20.726Z');
INSERT INTO receipt_lines (id, receipt_id, product_id, expected_qty, received_qty) VALUES ('ff300293-0b1a-4cc5-b391-06fc7063112b', '813805ad-254c-4f99-b75f-24f9623d3970', '0a547981-603e-443e-ac30-68e39c8ecdee', 58, 58);
INSERT INTO stock_levels (id, product_id, location_id, quantity, updated_at) VALUES ('a1bafaae-4e5d-4a9b-ab9d-a8d694aec6d8', '0a547981-603e-443e-ac30-68e39c8ecdee', '149415f8-3a14-4864-b6a5-d892fb7af719', 58, '2026-01-27T06:18:20.726Z') ON CONFLICT (product_id, location_id) DO UPDATE SET quantity = EXCLUDED.quantity;
INSERT INTO stock_ledger (id, product_id, location_id, txn_type, txn_ref, qty_change, qty_after, created_at) VALUES ('e05e239a-3a43-4335-b9a8-75e675fef3bf', '0a547981-603e-443e-ac30-68e39c8ecdee', '149415f8-3a14-4864-b6a5-d892fb7af719', 'receipt', 'REC-MMQ6PQNQ0108', 58, 58, '2026-01-27T06:18:20.726Z');
INSERT INTO receipts (id, reference, supplier_id, warehouse_id, status, created_by, created_at, validated_at) VALUES ('9a28dd82-7561-48a6-a78a-9ff877d93b7b', 'REC-MMQ6PQNQ0109', '0f7fb82e-2c85-4a8a-89c0-9e8f54cd242f', '9743ce1f-4993-4882-a2d5-42f901139cb3', 'done', '45130999-48e2-4b7d-bc3c-a0dac3e113d6', '2026-03-12T15:29:20.726Z', '2026-03-12T15:29:20.726Z');
INSERT INTO receipt_lines (id, receipt_id, product_id, expected_qty, received_qty) VALUES ('84dbd96e-367b-4f25-b616-1106aea8f392', '9a28dd82-7561-48a6-a78a-9ff877d93b7b', '4c5a10a2-fb8c-45c4-8323-552053be7c49', 79, 79);
INSERT INTO stock_levels (id, product_id, location_id, quantity, updated_at) VALUES ('7e2be26e-ef38-4536-998d-e9fd973adc21', '4c5a10a2-fb8c-45c4-8323-552053be7c49', '94ae51e4-66f5-4ca3-ab58-71c577fd7ea7', 79, '2026-03-12T15:29:20.726Z') ON CONFLICT (product_id, location_id) DO UPDATE SET quantity = EXCLUDED.quantity;
INSERT INTO stock_ledger (id, product_id, location_id, txn_type, txn_ref, qty_change, qty_after, created_at) VALUES ('b2ca48e0-7f9d-4661-b114-a406e990e083', '4c5a10a2-fb8c-45c4-8323-552053be7c49', '94ae51e4-66f5-4ca3-ab58-71c577fd7ea7', 'receipt', 'REC-MMQ6PQNQ0110', 79, 79, '2026-03-12T15:29:20.726Z');
INSERT INTO receipt_lines (id, receipt_id, product_id, expected_qty, received_qty) VALUES ('db62f432-685b-49b1-8811-36b4ae460989', '9a28dd82-7561-48a6-a78a-9ff877d93b7b', '125e2cad-205c-4313-b17b-2119f96c7523', 27, 27);
INSERT INTO stock_levels (id, product_id, location_id, quantity, updated_at) VALUES ('04cf7765-dab7-495d-9240-de3786c99bf8', '125e2cad-205c-4313-b17b-2119f96c7523', '94ae51e4-66f5-4ca3-ab58-71c577fd7ea7', 27, '2026-03-12T15:29:20.726Z') ON CONFLICT (product_id, location_id) DO UPDATE SET quantity = EXCLUDED.quantity;
INSERT INTO stock_ledger (id, product_id, location_id, txn_type, txn_ref, qty_change, qty_after, created_at) VALUES ('b3ff17f1-b803-476b-adb1-d97ebbbfa7e9', '125e2cad-205c-4313-b17b-2119f96c7523', '94ae51e4-66f5-4ca3-ab58-71c577fd7ea7', 'receipt', 'REC-MMQ6PQNQ0111', 27, 27, '2026-03-12T15:29:20.726Z');
INSERT INTO receipts (id, reference, supplier_id, warehouse_id, status, created_by, created_at, validated_at) VALUES ('03fc7cdc-1096-4bb3-8827-117cf107e0ef', 'REC-MMQ6PQNQ0112', '5a1601e6-b8d2-44bd-8592-a1f2f6efc53e', '9743ce1f-4993-4882-a2d5-42f901139cb3', 'done', 'd637f74a-2233-49ca-9c50-da7bd039fc13', '2026-03-03T03:33:20.726Z', '2026-03-03T03:33:20.726Z');
INSERT INTO receipt_lines (id, receipt_id, product_id, expected_qty, received_qty) VALUES ('0a6a501d-066f-43d1-b565-0519ade4d5d2', '03fc7cdc-1096-4bb3-8827-117cf107e0ef', '949aad1e-b01e-4746-9104-b0537ff072bf', 13, 13);
INSERT INTO stock_levels (id, product_id, location_id, quantity, updated_at) VALUES ('d2b568a9-0d66-4aca-b7d8-0076b389229c', '949aad1e-b01e-4746-9104-b0537ff072bf', '94ae51e4-66f5-4ca3-ab58-71c577fd7ea7', 13, '2026-03-03T03:33:20.726Z') ON CONFLICT (product_id, location_id) DO UPDATE SET quantity = EXCLUDED.quantity;
INSERT INTO stock_ledger (id, product_id, location_id, txn_type, txn_ref, qty_change, qty_after, created_at) VALUES ('7689f16a-afe9-410a-8be5-0b9002cef550', '949aad1e-b01e-4746-9104-b0537ff072bf', '94ae51e4-66f5-4ca3-ab58-71c577fd7ea7', 'receipt', 'REC-MMQ6PQNQ0113', 13, 13, '2026-03-03T03:33:20.726Z');
INSERT INTO receipt_lines (id, receipt_id, product_id, expected_qty, received_qty) VALUES ('e0361170-2437-411f-9136-bd4c986ca3c2', '03fc7cdc-1096-4bb3-8827-117cf107e0ef', '3a88ce42-5d14-4306-8458-f6fb0bbdc851', 50, 50);
INSERT INTO stock_levels (id, product_id, location_id, quantity, updated_at) VALUES ('8fee890b-b21f-4dee-be35-c95cb6d7b356', '3a88ce42-5d14-4306-8458-f6fb0bbdc851', '66930ff7-e2cf-414b-ae08-4577ec2836dd', 50, '2026-03-03T03:33:20.726Z') ON CONFLICT (product_id, location_id) DO UPDATE SET quantity = EXCLUDED.quantity;
INSERT INTO stock_ledger (id, product_id, location_id, txn_type, txn_ref, qty_change, qty_after, created_at) VALUES ('b42e94fc-bd4c-405f-a643-be59752d9f37', '3a88ce42-5d14-4306-8458-f6fb0bbdc851', '66930ff7-e2cf-414b-ae08-4577ec2836dd', 'receipt', 'REC-MMQ6PQNQ0114', 50, 50, '2026-03-03T03:33:20.726Z');
INSERT INTO receipts (id, reference, supplier_id, warehouse_id, status, created_by, created_at, validated_at) VALUES ('9557fbda-caa0-4b7b-b922-8bb98df281c2', 'REC-MMQ6PQNQ0115', '7b87dbdc-1583-45a8-a4f8-c191c8de88da', '6b08f2ae-f8ff-4471-9e29-66bf15044c71', 'ready', '83a03042-67f5-458e-be99-a02d92650c39', '2026-02-17T03:47:20.726Z', NULL);
INSERT INTO receipt_lines (id, receipt_id, product_id, expected_qty, received_qty) VALUES ('ac285799-1263-4283-8ec7-4d575cdc29fb', '9557fbda-caa0-4b7b-b922-8bb98df281c2', 'b5422929-a4b9-44fd-832a-6fe71682fbcc', 28, 0);
INSERT INTO receipt_lines (id, receipt_id, product_id, expected_qty, received_qty) VALUES ('cd9c6fca-18c5-484b-a363-d24c06dc6d42', '9557fbda-caa0-4b7b-b922-8bb98df281c2', '0a547981-603e-443e-ac30-68e39c8ecdee', 15, 0);
INSERT INTO receipt_lines (id, receipt_id, product_id, expected_qty, received_qty) VALUES ('9fce4664-f177-418f-8926-1254da1c6414', '9557fbda-caa0-4b7b-b922-8bb98df281c2', '379facbf-0ad1-4e0c-bb0d-6613c91f762b', 86, 0);
INSERT INTO receipts (id, reference, supplier_id, warehouse_id, status, created_by, created_at, validated_at) VALUES ('81f8f1ba-bba9-4478-aba4-7bfd4cc6bb65', 'REC-MMQ6PQNQ0116', '6ff9896f-ebe4-4e0b-b222-6c25e14e127e', '6b08f2ae-f8ff-4471-9e29-66bf15044c71', 'ready', '89ed61cf-8cca-4a3f-b6f7-5cd247eb1899', '2026-02-07T14:25:20.726Z', NULL);
INSERT INTO receipt_lines (id, receipt_id, product_id, expected_qty, received_qty) VALUES ('55ac6cf4-b2b4-46f7-8cd1-c6b18243245d', '81f8f1ba-bba9-4478-aba4-7bfd4cc6bb65', '9f750834-e2d8-4a5c-a53f-c549f9ede5c0', 93, 0);
INSERT INTO receipt_lines (id, receipt_id, product_id, expected_qty, received_qty) VALUES ('07d01234-311f-4bfa-8f38-85a7901d104d', '81f8f1ba-bba9-4478-aba4-7bfd4cc6bb65', 'b79c27fc-9cf8-439f-b371-840f66da4c6e', 86, 0);
INSERT INTO receipts (id, reference, supplier_id, warehouse_id, status, created_by, created_at, validated_at) VALUES ('ab068c96-80f8-4c55-b4ba-5b632b83b68d', 'REC-MMQ6PQNQ0117', '7b87dbdc-1583-45a8-a4f8-c191c8de88da', '1f3b3627-346d-46e3-b2cb-50eff1cb46f5', 'draft', 'ad750edf-c1ac-4031-adac-3a48f67126dd', '2026-01-14T07:18:20.726Z', NULL);
INSERT INTO receipt_lines (id, receipt_id, product_id, expected_qty, received_qty) VALUES ('ea54dcce-1fcc-4cdb-b42c-070bdfe67133', 'ab068c96-80f8-4c55-b4ba-5b632b83b68d', 'd2b3d8e3-b42d-421c-9486-66bf40968391', 16, 0);
INSERT INTO receipt_lines (id, receipt_id, product_id, expected_qty, received_qty) VALUES ('5b3597ae-e2d3-4e93-91ec-c8ebd853296f', 'ab068c96-80f8-4c55-b4ba-5b632b83b68d', '994eeec5-6ca1-4c11-a020-384270659149', 53, 0);
INSERT INTO receipts (id, reference, supplier_id, warehouse_id, status, created_by, created_at, validated_at) VALUES ('f3203787-6d4c-44ed-a7a8-052ff012070c', 'REC-MMQ6PQNQ0118', '52a5bb53-00f3-4bd8-84eb-05f630645910', '255c9a71-5010-4774-8b7c-415fdd45a213', 'ready', '6dcf86d5-6cd3-4406-998f-1803ab00ed53', '2026-02-24T06:44:20.726Z', NULL);
INSERT INTO receipt_lines (id, receipt_id, product_id, expected_qty, received_qty) VALUES ('5f914486-20ea-4d45-9506-09ca5ed44beb', 'f3203787-6d4c-44ed-a7a8-052ff012070c', 'd2b3d8e3-b42d-421c-9486-66bf40968391', 12, 0);
INSERT INTO receipt_lines (id, receipt_id, product_id, expected_qty, received_qty) VALUES ('14d954fe-1210-4580-acb5-5df398b5e064', 'f3203787-6d4c-44ed-a7a8-052ff012070c', '1ca9862f-d128-47f7-bc19-537e7d985236', 36, 0);
INSERT INTO receipt_lines (id, receipt_id, product_id, expected_qty, received_qty) VALUES ('84c1e598-f709-4d7e-8e39-7f0ea4f4bf7f', 'f3203787-6d4c-44ed-a7a8-052ff012070c', '67a18037-e61f-443d-9abf-c942bd70afa8', 94, 0);
INSERT INTO receipts (id, reference, supplier_id, warehouse_id, status, created_by, created_at, validated_at) VALUES ('b6387436-b261-4b40-8130-e158619b5128', 'REC-MMQ6PQNQ0119', '8f2b22f3-5108-4715-a7ce-288cce16e2e9', '2dcd7c8c-5eb0-4845-97f3-bdb9dd1581f7', 'ready', '7c7cc594-72c0-464f-917a-ab5da13a3aa9', '2026-03-05T13:50:20.726Z', NULL);
INSERT INTO receipt_lines (id, receipt_id, product_id, expected_qty, received_qty) VALUES ('8e5d2688-3f74-494b-9f18-1fca3afb1f77', 'b6387436-b261-4b40-8130-e158619b5128', '5ee1e659-db33-491b-a1c1-22d704fb03fc', 82, 0);
INSERT INTO receipt_lines (id, receipt_id, product_id, expected_qty, received_qty) VALUES ('1401ad5a-92a2-4ecd-82b1-4d84e5b7b08d', 'b6387436-b261-4b40-8130-e158619b5128', '6364f679-b2cc-4571-a98f-b170ec1cdfb4', 22, 0);
INSERT INTO receipt_lines (id, receipt_id, product_id, expected_qty, received_qty) VALUES ('4a3c8549-72fb-407b-8466-70c15f252d17', 'b6387436-b261-4b40-8130-e158619b5128', '3e2ce3c3-3e37-4268-a410-0cb4fb78e7c1', 80, 0);
INSERT INTO receipts (id, reference, supplier_id, warehouse_id, status, created_by, created_at, validated_at) VALUES ('6c028dbe-945f-4037-85e5-b42c75e13cbe', 'REC-MMQ6PQNQ0120', 'b2beef56-befc-4b19-946d-803c8f090bc0', '6b08f2ae-f8ff-4471-9e29-66bf15044c71', 'ready', '95d50988-abc9-4f4a-a03f-0386de40da89', '2026-02-13T15:19:20.726Z', NULL);
INSERT INTO receipt_lines (id, receipt_id, product_id, expected_qty, received_qty) VALUES ('4da31d49-061c-4ff7-b887-4796dfbcaa2f', '6c028dbe-945f-4037-85e5-b42c75e13cbe', 'bdb7b550-fb84-4f61-b9d3-11b7c9866602', 77, 0);
INSERT INTO receipts (id, reference, supplier_id, warehouse_id, status, created_by, created_at, validated_at) VALUES ('41c19670-a457-4432-8faa-ad13dbc55c59', 'REC-MMQ6PQNQ0121', 'e447ceac-6e84-4c07-ad21-28203d7fd060', 'd82a3fca-0a89-48ff-be03-578ad5819686', 'draft', 'd6443725-9296-4756-9f8c-7a98df672b31', '2026-02-26T09:15:20.726Z', NULL);
INSERT INTO receipt_lines (id, receipt_id, product_id, expected_qty, received_qty) VALUES ('d005e7b3-b4b5-43c5-b18c-21122a80f092', '41c19670-a457-4432-8faa-ad13dbc55c59', '22edc269-5362-4ca5-841d-917a3625dfbc', 73, 0);
INSERT INTO receipt_lines (id, receipt_id, product_id, expected_qty, received_qty) VALUES ('38bcdb9c-965b-43b5-a3f0-b7cd55482de1', '41c19670-a457-4432-8faa-ad13dbc55c59', '5e65ff4b-3cb2-4c5d-b204-93b3255a0f0a', 28, 0);
INSERT INTO receipt_lines (id, receipt_id, product_id, expected_qty, received_qty) VALUES ('13629bc2-b3e7-49e7-af00-b5a06a796c94', '41c19670-a457-4432-8faa-ad13dbc55c59', '3a88ce42-5d14-4306-8458-f6fb0bbdc851', 16, 0);
INSERT INTO receipts (id, reference, supplier_id, warehouse_id, status, created_by, created_at, validated_at) VALUES ('e6b93446-e5c8-4e9f-bd52-24b8b1383e3c', 'REC-MMQ6PQNQ0122', '7d37e95a-0eb3-4aac-8f5c-503f802a7d9c', '8f89a2a3-ea9e-4367-aaac-8a90f1000d80', 'draft', 'de15c0c5-a19a-424a-aa23-0f02f56a9ba6', '2026-03-12T02:09:20.726Z', NULL);
INSERT INTO receipt_lines (id, receipt_id, product_id, expected_qty, received_qty) VALUES ('23fbfb9a-0336-4732-a55e-8ae284c8b837', 'e6b93446-e5c8-4e9f-bd52-24b8b1383e3c', 'd2b7a318-a871-4f4d-a9a4-4a5e20e2c282', 53, 0);
INSERT INTO receipt_lines (id, receipt_id, product_id, expected_qty, received_qty) VALUES ('5ff1a7d5-ebdd-4efd-bed9-defc58dfcf6e', 'e6b93446-e5c8-4e9f-bd52-24b8b1383e3c', 'bc69d07f-398b-4266-b778-576b070bd779', 85, 0);
INSERT INTO receipt_lines (id, receipt_id, product_id, expected_qty, received_qty) VALUES ('5a5f5db1-1ab7-480a-a1fc-66d6f9145ed1', 'e6b93446-e5c8-4e9f-bd52-24b8b1383e3c', '379facbf-0ad1-4e0c-bb0d-6613c91f762b', 23, 0);
INSERT INTO receipts (id, reference, supplier_id, warehouse_id, status, created_by, created_at, validated_at) VALUES ('ca8873fc-63ea-433a-9257-a79e0aca2ba4', 'REC-MMQ6PQNQ0123', '2b0bd77f-83a0-4edc-a634-61203d37b6e2', '255c9a71-5010-4774-8b7c-415fdd45a213', 'draft', '7609277e-2130-422a-be54-c69ea35f3062', '2026-02-08T02:08:20.726Z', NULL);
INSERT INTO receipt_lines (id, receipt_id, product_id, expected_qty, received_qty) VALUES ('6ec237e9-88b1-4fb4-b0b9-963badc42283', 'ca8873fc-63ea-433a-9257-a79e0aca2ba4', 'bc69d07f-398b-4266-b778-576b070bd779', 97, 0);
INSERT INTO receipts (id, reference, supplier_id, warehouse_id, status, created_by, created_at, validated_at) VALUES ('d02f337f-c0aa-4489-925e-3d7295171ef0', 'REC-MMQ6PQNQ0124', 'c3160367-2582-402c-93ff-df965820d623', '4cb2f979-857e-41cc-9c29-b2c677d3bbbc', 'ready', '89ed61cf-8cca-4a3f-b6f7-5cd247eb1899', '2026-01-27T04:23:20.726Z', NULL);
INSERT INTO receipt_lines (id, receipt_id, product_id, expected_qty, received_qty) VALUES ('cd272ccd-78d9-4d74-a3b0-e478df759f96', 'd02f337f-c0aa-4489-925e-3d7295171ef0', '9f750834-e2d8-4a5c-a53f-c549f9ede5c0', 80, 0);

-- 9. DELIVERIES & LINES & LEDGER
INSERT INTO delivery_orders (id, reference, customer_name, warehouse_id, status, created_by, created_at, validated_at) VALUES ('2c90dc65-0d54-4d2b-aa8b-eb5887050c4d', 'DEL-MMQ6PQNQ0125', 'Arjun Industries Pvt Ltd', '255c9a71-5010-4774-8b7c-415fdd45a213', 'done', '5dca3407-7d37-425d-abb3-e85abb4ec7aa', '2026-02-27T08:33:20.726Z', '2026-02-27T08:33:20.726Z');
INSERT INTO delivery_lines (id, delivery_id, product_id, qty) VALUES ('34e697f1-086b-430d-a800-5899e5b589ff', '2c90dc65-0d54-4d2b-aa8b-eb5887050c4d', '1fd13a42-e0d4-4b37-871d-913dc1e7bdb4', 36);
INSERT INTO stock_levels (id, product_id, location_id, quantity, updated_at) VALUES ('f7dfdfe8-a56f-4da3-93b3-7ff95347fd1b', '1fd13a42-e0d4-4b37-871d-913dc1e7bdb4', 'a9b3032a-32eb-41ac-ad9b-462d27a72500', 0, '2026-02-27T08:33:20.726Z') ON CONFLICT (product_id, location_id) DO UPDATE SET quantity = EXCLUDED.quantity;
INSERT INTO stock_ledger (id, product_id, location_id, txn_type, txn_ref, qty_change, qty_after, created_at) VALUES ('15cb1548-97d0-42ab-a46b-cf02d9a923ed', '1fd13a42-e0d4-4b37-871d-913dc1e7bdb4', 'a9b3032a-32eb-41ac-ad9b-462d27a72500', 'delivery', 'DEL-MMQ6PQNQ0126', -36, 0, '2026-02-27T08:33:20.726Z');
INSERT INTO delivery_lines (id, delivery_id, product_id, qty) VALUES ('fe3c1bc8-abc6-4111-8c4f-8e099bfe004a', '2c90dc65-0d54-4d2b-aa8b-eb5887050c4d', '9f750834-e2d8-4a5c-a53f-c549f9ede5c0', 22);
INSERT INTO stock_levels (id, product_id, location_id, quantity, updated_at) VALUES ('9520cea6-d512-4000-be2b-b39ce76e3c82', '9f750834-e2d8-4a5c-a53f-c549f9ede5c0', 'cf2c0920-a9e0-411e-bf22-1e2881815ba3', 0, '2026-02-27T08:33:20.726Z') ON CONFLICT (product_id, location_id) DO UPDATE SET quantity = EXCLUDED.quantity;
INSERT INTO stock_ledger (id, product_id, location_id, txn_type, txn_ref, qty_change, qty_after, created_at) VALUES ('cc0a7c89-b999-41d9-884b-6f8b0005dec1', '9f750834-e2d8-4a5c-a53f-c549f9ede5c0', 'cf2c0920-a9e0-411e-bf22-1e2881815ba3', 'delivery', 'DEL-MMQ6PQNQ0127', -22, 0, '2026-02-27T08:33:20.726Z');
INSERT INTO delivery_orders (id, reference, customer_name, warehouse_id, status, created_by, created_at, validated_at) VALUES ('27fe30e4-36a6-4548-a15f-721964eea664', 'DEL-MMQ6PQNQ0128', 'Aditya Industries Pvt Ltd', '42c11fda-ae4c-485f-9ba5-17d643b9f9d7', 'done', 'a601ef30-d6af-41fa-99e6-c405f6f8e581', '2026-02-21T11:56:20.726Z', '2026-02-21T11:56:20.726Z');
INSERT INTO delivery_lines (id, delivery_id, product_id, qty) VALUES ('291901a7-55d7-4848-9d4f-2750765a9fb8', '27fe30e4-36a6-4548-a15f-721964eea664', '341564ac-060c-4c59-abb5-9e4789c3ee0d', 38);
INSERT INTO stock_levels (id, product_id, location_id, quantity, updated_at) VALUES ('3deb9ae7-10dc-44cb-877f-f54babc20602', '341564ac-060c-4c59-abb5-9e4789c3ee0d', 'aa26af2f-9b28-4543-a9f2-c67bf33072d2', 0, '2026-02-21T11:56:20.726Z') ON CONFLICT (product_id, location_id) DO UPDATE SET quantity = EXCLUDED.quantity;
INSERT INTO stock_ledger (id, product_id, location_id, txn_type, txn_ref, qty_change, qty_after, created_at) VALUES ('d3a20ead-c05f-42fb-bbea-ee7bb4af2472', '341564ac-060c-4c59-abb5-9e4789c3ee0d', 'aa26af2f-9b28-4543-a9f2-c67bf33072d2', 'delivery', 'DEL-MMQ6PQNQ0129', -38, 0, '2026-02-21T11:56:20.726Z');
INSERT INTO delivery_orders (id, reference, customer_name, warehouse_id, status, created_by, created_at, validated_at) VALUES ('2ea62bb5-0c7a-4dd0-8cfe-896eb9479dc7', 'DEL-MMQ6PQNQ0130', 'Aisha Trading Pvt Ltd', '1f3b3627-346d-46e3-b2cb-50eff1cb46f5', 'done', '843a2ef8-90b0-47e6-9c22-cd9a8ddfa885', '2026-02-15T09:23:20.726Z', '2026-02-15T09:23:20.726Z');
INSERT INTO delivery_lines (id, delivery_id, product_id, qty) VALUES ('719d0072-7424-46ae-9e56-093a4a559cb0', '2ea62bb5-0c7a-4dd0-8cfe-896eb9479dc7', 'bafbf66d-6912-429a-b46c-181f8d3cf9de', 17);
INSERT INTO stock_levels (id, product_id, location_id, quantity, updated_at) VALUES ('6913a5bf-9969-4276-9722-18affdc81f0d', 'bafbf66d-6912-429a-b46c-181f8d3cf9de', 'aa0bfb79-7358-4643-a1ca-e90eabdee0fd', 0, '2026-02-15T09:23:20.726Z') ON CONFLICT (product_id, location_id) DO UPDATE SET quantity = EXCLUDED.quantity;
INSERT INTO stock_ledger (id, product_id, location_id, txn_type, txn_ref, qty_change, qty_after, created_at) VALUES ('52f703d6-1ce1-4716-84ef-7c2a2bd62f99', 'bafbf66d-6912-429a-b46c-181f8d3cf9de', 'aa0bfb79-7358-4643-a1ca-e90eabdee0fd', 'delivery', 'DEL-MMQ6PQNQ0131', -17, 0, '2026-02-15T09:23:20.726Z');
INSERT INTO delivery_lines (id, delivery_id, product_id, qty) VALUES ('435fdc7f-b0ba-4d79-ace7-d8543d8f5f1d', '2ea62bb5-0c7a-4dd0-8cfe-896eb9479dc7', 'd2b7a318-a871-4f4d-a9a4-4a5e20e2c282', 39);
INSERT INTO stock_levels (id, product_id, location_id, quantity, updated_at) VALUES ('02d8f552-dec7-497d-880a-be4aac241458', 'd2b7a318-a871-4f4d-a9a4-4a5e20e2c282', 'aa0bfb79-7358-4643-a1ca-e90eabdee0fd', 0, '2026-02-15T09:23:20.726Z') ON CONFLICT (product_id, location_id) DO UPDATE SET quantity = EXCLUDED.quantity;
INSERT INTO stock_ledger (id, product_id, location_id, txn_type, txn_ref, qty_change, qty_after, created_at) VALUES ('f70925a9-566d-4732-bb12-4471114e8143', 'd2b7a318-a871-4f4d-a9a4-4a5e20e2c282', 'aa0bfb79-7358-4643-a1ca-e90eabdee0fd', 'delivery', 'DEL-MMQ6PQNQ0132', -39, 0, '2026-02-15T09:23:20.726Z');
INSERT INTO delivery_lines (id, delivery_id, product_id, qty) VALUES ('f9bf47a4-1a98-4e3a-b9e0-fad376088171', '2ea62bb5-0c7a-4dd0-8cfe-896eb9479dc7', '3aedcc6c-cc44-4a12-a7ce-7120912e008b', 43);
INSERT INTO stock_levels (id, product_id, location_id, quantity, updated_at) VALUES ('631f12f1-4a6a-4c8e-9891-9de862cb02be', '3aedcc6c-cc44-4a12-a7ce-7120912e008b', '32e7dce7-4b31-4da9-b31b-1cf593dda08d', 0, '2026-02-15T09:23:20.726Z') ON CONFLICT (product_id, location_id) DO UPDATE SET quantity = EXCLUDED.quantity;
INSERT INTO stock_ledger (id, product_id, location_id, txn_type, txn_ref, qty_change, qty_after, created_at) VALUES ('b08fa990-0b8e-4443-ada9-eb94bd98e52d', '3aedcc6c-cc44-4a12-a7ce-7120912e008b', '32e7dce7-4b31-4da9-b31b-1cf593dda08d', 'delivery', 'DEL-MMQ6PQNQ0133', -43, 0, '2026-02-15T09:23:20.726Z');
INSERT INTO delivery_orders (id, reference, customer_name, warehouse_id, status, created_by, created_at, validated_at) VALUES ('9588a5c7-89b1-465b-b636-a87fb2a6fd49', 'DEL-MMQ6PQNQ0134', 'Gauri Enterprises Pvt Ltd', '4cb2f979-857e-41cc-9c29-b2c677d3bbbc', 'done', 'def724a2-bc98-407c-9633-503918bfaa1f', '2026-02-19T15:07:20.726Z', '2026-02-19T15:07:20.726Z');
INSERT INTO delivery_lines (id, delivery_id, product_id, qty) VALUES ('95baa0a1-639f-419a-afb6-93760c283c3c', '9588a5c7-89b1-465b-b636-a87fb2a6fd49', '23d55237-5a97-4d59-9ecc-ebd73ad7d5f2', 32);
INSERT INTO stock_levels (id, product_id, location_id, quantity, updated_at) VALUES ('7c1df3d2-485c-4902-a267-124ea5d45e27', '23d55237-5a97-4d59-9ecc-ebd73ad7d5f2', '3b93c1c0-daa7-4826-9a3c-90f99b2d9710', 0, '2026-02-19T15:07:20.726Z') ON CONFLICT (product_id, location_id) DO UPDATE SET quantity = EXCLUDED.quantity;
INSERT INTO stock_ledger (id, product_id, location_id, txn_type, txn_ref, qty_change, qty_after, created_at) VALUES ('da8da298-8944-423f-97a7-c8bf63fad0fd', '23d55237-5a97-4d59-9ecc-ebd73ad7d5f2', '3b93c1c0-daa7-4826-9a3c-90f99b2d9710', 'delivery', 'DEL-MMQ6PQNR0135', -32, 0, '2026-02-19T15:07:20.726Z');
INSERT INTO delivery_lines (id, delivery_id, product_id, qty) VALUES ('1ef7785d-6fc7-4f4f-9bdc-44f97df768ab', '9588a5c7-89b1-465b-b636-a87fb2a6fd49', 'b5422929-a4b9-44fd-832a-6fe71682fbcc', 32);
INSERT INTO stock_levels (id, product_id, location_id, quantity, updated_at) VALUES ('c9609d44-2bca-499e-804d-563e9de661f6', 'b5422929-a4b9-44fd-832a-6fe71682fbcc', '3b93c1c0-daa7-4826-9a3c-90f99b2d9710', 0, '2026-02-19T15:07:20.726Z') ON CONFLICT (product_id, location_id) DO UPDATE SET quantity = EXCLUDED.quantity;
INSERT INTO stock_ledger (id, product_id, location_id, txn_type, txn_ref, qty_change, qty_after, created_at) VALUES ('fd91e59c-a3cd-441c-980b-0205b586a69c', 'b5422929-a4b9-44fd-832a-6fe71682fbcc', '3b93c1c0-daa7-4826-9a3c-90f99b2d9710', 'delivery', 'DEL-MMQ6PQNR0136', -32, 0, '2026-02-19T15:07:20.726Z');
INSERT INTO delivery_lines (id, delivery_id, product_id, qty) VALUES ('85f4b685-0f0c-4eec-80cd-5aaff87f0293', '9588a5c7-89b1-465b-b636-a87fb2a6fd49', 'd2b3d8e3-b42d-421c-9486-66bf40968391', 26);
INSERT INTO stock_levels (id, product_id, location_id, quantity, updated_at) VALUES ('b879f484-6fc1-4770-a787-70af022f49f2', 'd2b3d8e3-b42d-421c-9486-66bf40968391', '149415f8-3a14-4864-b6a5-d892fb7af719', 0, '2026-02-19T15:07:20.726Z') ON CONFLICT (product_id, location_id) DO UPDATE SET quantity = EXCLUDED.quantity;
INSERT INTO stock_ledger (id, product_id, location_id, txn_type, txn_ref, qty_change, qty_after, created_at) VALUES ('a70f4631-ba11-40e0-b26c-9d64164b73fb', 'd2b3d8e3-b42d-421c-9486-66bf40968391', '149415f8-3a14-4864-b6a5-d892fb7af719', 'delivery', 'DEL-MMQ6PQNR0137', -26, 0, '2026-02-19T15:07:20.726Z');
INSERT INTO delivery_orders (id, reference, customer_name, warehouse_id, status, created_by, created_at, validated_at) VALUES ('61ec4b34-f62d-487e-a3f6-9ecb44323bfc', 'DEL-MMQ6PQNR0138', 'Myra Enterprises Pvt Ltd', 'd82a3fca-0a89-48ff-be03-578ad5819686', 'done', '22d5b928-2450-40b2-9131-1ed029b449c4', '2026-03-04T06:56:20.727Z', '2026-03-04T06:56:20.727Z');
INSERT INTO delivery_lines (id, delivery_id, product_id, qty) VALUES ('a0fc8113-7a02-4376-a10c-b261dbd03941', '61ec4b34-f62d-487e-a3f6-9ecb44323bfc', 'd088ec4f-fad7-43e5-b887-15d33233e2b5', 10);
INSERT INTO stock_levels (id, product_id, location_id, quantity, updated_at) VALUES ('3a40ff37-2de4-429a-9a8b-070caa4c600d', 'd088ec4f-fad7-43e5-b887-15d33233e2b5', '1050eaeb-bc5f-4e04-89ac-902a7a79622a', 0, '2026-03-04T06:56:20.727Z') ON CONFLICT (product_id, location_id) DO UPDATE SET quantity = EXCLUDED.quantity;
INSERT INTO stock_ledger (id, product_id, location_id, txn_type, txn_ref, qty_change, qty_after, created_at) VALUES ('6ede9ded-4f92-4ab9-b7ed-43ac45485ec1', 'd088ec4f-fad7-43e5-b887-15d33233e2b5', '1050eaeb-bc5f-4e04-89ac-902a7a79622a', 'delivery', 'DEL-MMQ6PQNR0139', -10, 0, '2026-03-04T06:56:20.727Z');
INSERT INTO delivery_lines (id, delivery_id, product_id, qty) VALUES ('12f3f1a5-ba54-438a-a196-eb93027e132e', '61ec4b34-f62d-487e-a3f6-9ecb44323bfc', 'd088ec4f-fad7-43e5-b887-15d33233e2b5', 22);
INSERT INTO stock_levels (id, product_id, location_id, quantity, updated_at) VALUES ('fe5b4853-d2d5-4383-aab4-65420c551b87', 'd088ec4f-fad7-43e5-b887-15d33233e2b5', 'a1cab631-22d0-463e-bf9b-71ecd48a580c', 0, '2026-03-04T06:56:20.727Z') ON CONFLICT (product_id, location_id) DO UPDATE SET quantity = EXCLUDED.quantity;
INSERT INTO stock_ledger (id, product_id, location_id, txn_type, txn_ref, qty_change, qty_after, created_at) VALUES ('e67314ec-a8c8-458c-8002-23306464614d', 'd088ec4f-fad7-43e5-b887-15d33233e2b5', 'a1cab631-22d0-463e-bf9b-71ecd48a580c', 'delivery', 'DEL-MMQ6PQNR0140', -22, 0, '2026-03-04T06:56:20.727Z');
INSERT INTO delivery_orders (id, reference, customer_name, warehouse_id, status, created_by, created_at, validated_at) VALUES ('ae24e36d-b4cf-4606-bafa-cf3c5465afab', 'DEL-MMQ6PQNR0141', 'Priya Solutions Pvt Ltd', '9743ce1f-4993-4882-a2d5-42f901139cb3', 'done', '94210c26-a797-4415-a3e5-1a7fd572b27a', '2026-02-25T10:55:20.727Z', '2026-02-25T10:55:20.727Z');
INSERT INTO delivery_lines (id, delivery_id, product_id, qty) VALUES ('8462030f-6c71-4766-9e9b-8ed30abfb4a4', 'ae24e36d-b4cf-4606-bafa-cf3c5465afab', '894d7f03-cb13-4ab2-856e-ce053c948fe5', 7);
INSERT INTO stock_levels (id, product_id, location_id, quantity, updated_at) VALUES ('7fec4726-ffeb-493d-a6d0-d78bb7df0831', '894d7f03-cb13-4ab2-856e-ce053c948fe5', '66930ff7-e2cf-414b-ae08-4577ec2836dd', 0, '2026-02-25T10:55:20.727Z') ON CONFLICT (product_id, location_id) DO UPDATE SET quantity = EXCLUDED.quantity;
INSERT INTO stock_ledger (id, product_id, location_id, txn_type, txn_ref, qty_change, qty_after, created_at) VALUES ('464fe223-a2a1-4020-87b3-b7f5c53c9fdb', '894d7f03-cb13-4ab2-856e-ce053c948fe5', '66930ff7-e2cf-414b-ae08-4577ec2836dd', 'delivery', 'DEL-MMQ6PQNR0142', -7, 0, '2026-02-25T10:55:20.727Z');
INSERT INTO delivery_orders (id, reference, customer_name, warehouse_id, status, created_by, created_at, validated_at) VALUES ('895eb348-2b6f-4498-bb47-726094137c1b', 'DEL-MMQ6PQNR0143', 'Aadhya Logistics Pvt Ltd', '1f3b3627-346d-46e3-b2cb-50eff1cb46f5', 'done', '843a2ef8-90b0-47e6-9c22-cd9a8ddfa885', '2026-03-05T08:02:20.727Z', '2026-03-05T08:02:20.727Z');
INSERT INTO delivery_lines (id, delivery_id, product_id, qty) VALUES ('0bc4d0fe-ff76-4b38-8179-f71ea9701c3e', '895eb348-2b6f-4498-bb47-726094137c1b', 'd2b7a318-a871-4f4d-a9a4-4a5e20e2c282', 44);
INSERT INTO stock_levels (id, product_id, location_id, quantity, updated_at) VALUES ('56d8c2ad-e649-4135-8072-07d9d056090a', 'd2b7a318-a871-4f4d-a9a4-4a5e20e2c282', 'aa0bfb79-7358-4643-a1ca-e90eabdee0fd', 0, '2026-03-05T08:02:20.727Z') ON CONFLICT (product_id, location_id) DO UPDATE SET quantity = EXCLUDED.quantity;
INSERT INTO stock_ledger (id, product_id, location_id, txn_type, txn_ref, qty_change, qty_after, created_at) VALUES ('9180a8b1-a55f-409b-831e-8c03a93e5303', 'd2b7a318-a871-4f4d-a9a4-4a5e20e2c282', 'aa0bfb79-7358-4643-a1ca-e90eabdee0fd', 'delivery', 'DEL-MMQ6PQNR0144', -44, 0, '2026-03-05T08:02:20.727Z');
INSERT INTO delivery_lines (id, delivery_id, product_id, qty) VALUES ('f4695842-37ce-47af-a86a-4db7d19ce48d', '895eb348-2b6f-4498-bb47-726094137c1b', '22edc269-5362-4ca5-841d-917a3625dfbc', 7);
INSERT INTO stock_levels (id, product_id, location_id, quantity, updated_at) VALUES ('6c912858-42dd-42a9-8590-aaf5b5969bb0', '22edc269-5362-4ca5-841d-917a3625dfbc', '32e7dce7-4b31-4da9-b31b-1cf593dda08d', 0, '2026-03-05T08:02:20.727Z') ON CONFLICT (product_id, location_id) DO UPDATE SET quantity = EXCLUDED.quantity;
INSERT INTO stock_ledger (id, product_id, location_id, txn_type, txn_ref, qty_change, qty_after, created_at) VALUES ('dad62ff2-b751-4974-a475-b03abb24e6fa', '22edc269-5362-4ca5-841d-917a3625dfbc', '32e7dce7-4b31-4da9-b31b-1cf593dda08d', 'delivery', 'DEL-MMQ6PQNR0145', -7, 0, '2026-03-05T08:02:20.727Z');
INSERT INTO delivery_orders (id, reference, customer_name, warehouse_id, status, created_by, created_at, validated_at) VALUES ('b3a69cb2-2496-4712-9cc6-32822a5fc6e3', 'DEL-MMQ6PQNR0146', 'Sai Enterprises Pvt Ltd', '42c11fda-ae4c-485f-9ba5-17d643b9f9d7', 'done', '5dca3407-7d37-425d-abb3-e85abb4ec7aa', '2026-03-08T09:14:20.727Z', '2026-03-08T09:14:20.727Z');
INSERT INTO delivery_lines (id, delivery_id, product_id, qty) VALUES ('e5300fd2-9745-420c-8ea2-f474280190bb', 'b3a69cb2-2496-4712-9cc6-32822a5fc6e3', '23d55237-5a97-4d59-9ecc-ebd73ad7d5f2', 14);
INSERT INTO stock_levels (id, product_id, location_id, quantity, updated_at) VALUES ('39f8bd80-0aca-4335-9b4d-73b6a1caa76f', '23d55237-5a97-4d59-9ecc-ebd73ad7d5f2', 'aa26af2f-9b28-4543-a9f2-c67bf33072d2', 0, '2026-03-08T09:14:20.727Z') ON CONFLICT (product_id, location_id) DO UPDATE SET quantity = EXCLUDED.quantity;
INSERT INTO stock_ledger (id, product_id, location_id, txn_type, txn_ref, qty_change, qty_after, created_at) VALUES ('8208ebea-43db-44d8-bb45-3800cf91bed6', '23d55237-5a97-4d59-9ecc-ebd73ad7d5f2', 'aa26af2f-9b28-4543-a9f2-c67bf33072d2', 'delivery', 'DEL-MMQ6PQNR0147', -14, 0, '2026-03-08T09:14:20.727Z');
INSERT INTO delivery_lines (id, delivery_id, product_id, qty) VALUES ('458538ce-94a2-4011-8da0-0a84516056e7', 'b3a69cb2-2496-4712-9cc6-32822a5fc6e3', '055543a7-bf87-4cac-946a-c6d9832c109a', 5);
INSERT INTO stock_levels (id, product_id, location_id, quantity, updated_at) VALUES ('f0fd90fd-2828-410b-a754-0d93879bbc18', '055543a7-bf87-4cac-946a-c6d9832c109a', 'aa26af2f-9b28-4543-a9f2-c67bf33072d2', 0, '2026-03-08T09:14:20.727Z') ON CONFLICT (product_id, location_id) DO UPDATE SET quantity = EXCLUDED.quantity;
INSERT INTO stock_ledger (id, product_id, location_id, txn_type, txn_ref, qty_change, qty_after, created_at) VALUES ('6bb61469-61d3-43f8-802a-4afd493212b8', '055543a7-bf87-4cac-946a-c6d9832c109a', 'aa26af2f-9b28-4543-a9f2-c67bf33072d2', 'delivery', 'DEL-MMQ6PQNR0148', -5, 0, '2026-03-08T09:14:20.727Z');
INSERT INTO delivery_orders (id, reference, customer_name, warehouse_id, status, created_by, created_at, validated_at) VALUES ('d7380053-1816-41ed-8bb4-f8bd4a069d42', 'DEL-MMQ6PQNR0149', 'Rohan Logistics Pvt Ltd', '6b08f2ae-f8ff-4471-9e29-66bf15044c71', 'done', '45130999-48e2-4b7d-bc3c-a0dac3e113d6', '2026-02-18T07:23:20.727Z', '2026-02-18T07:23:20.727Z');
INSERT INTO delivery_lines (id, delivery_id, product_id, qty) VALUES ('e5830168-c9ce-45c0-a43b-c401d444cd15', 'd7380053-1816-41ed-8bb4-f8bd4a069d42', '379facbf-0ad1-4e0c-bb0d-6613c91f762b', 15);
INSERT INTO stock_levels (id, product_id, location_id, quantity, updated_at) VALUES ('914f893d-1e74-4af9-945a-4f05d73aacce', '379facbf-0ad1-4e0c-bb0d-6613c91f762b', '70072616-5b58-4c8f-8eff-290e999cdfb8', 0, '2026-02-18T07:23:20.727Z') ON CONFLICT (product_id, location_id) DO UPDATE SET quantity = EXCLUDED.quantity;
INSERT INTO stock_ledger (id, product_id, location_id, txn_type, txn_ref, qty_change, qty_after, created_at) VALUES ('00dee500-a8a5-4c95-ab7f-11796a2b5710', '379facbf-0ad1-4e0c-bb0d-6613c91f762b', '70072616-5b58-4c8f-8eff-290e999cdfb8', 'delivery', 'DEL-MMQ6PQNR0150', -15, 0, '2026-02-18T07:23:20.727Z');
INSERT INTO delivery_orders (id, reference, customer_name, warehouse_id, status, created_by, created_at, validated_at) VALUES ('d301dc20-8ccf-4416-b288-4996eae2c366', 'DEL-MMQ6PQNR0151', 'Aisha Trading Pvt Ltd', '1f3b3627-346d-46e3-b2cb-50eff1cb46f5', 'done', 'd8921905-f6bd-494a-9dff-c11106f592de', '2026-02-22T12:13:20.727Z', '2026-02-22T12:13:20.727Z');
INSERT INTO delivery_lines (id, delivery_id, product_id, qty) VALUES ('8098f200-2c70-4bdc-9a53-63ef69dd3e39', 'd301dc20-8ccf-4416-b288-4996eae2c366', '1fd13a42-e0d4-4b37-871d-913dc1e7bdb4', 26);
INSERT INTO stock_levels (id, product_id, location_id, quantity, updated_at) VALUES ('3b8b7535-4f93-43f5-a376-a52c9e2cbd33', '1fd13a42-e0d4-4b37-871d-913dc1e7bdb4', 'aa0bfb79-7358-4643-a1ca-e90eabdee0fd', 0, '2026-02-22T12:13:20.727Z') ON CONFLICT (product_id, location_id) DO UPDATE SET quantity = EXCLUDED.quantity;
INSERT INTO stock_ledger (id, product_id, location_id, txn_type, txn_ref, qty_change, qty_after, created_at) VALUES ('d7a0a02c-6c53-48b8-a481-943ff30ce9f1', '1fd13a42-e0d4-4b37-871d-913dc1e7bdb4', 'aa0bfb79-7358-4643-a1ca-e90eabdee0fd', 'delivery', 'DEL-MMQ6PQNR0152', -26, 0, '2026-02-22T12:13:20.727Z');
INSERT INTO delivery_lines (id, delivery_id, product_id, qty) VALUES ('40c95142-8110-47e7-8483-fae0252ba1e6', 'd301dc20-8ccf-4416-b288-4996eae2c366', '335d8910-4c05-4cfb-824f-5eba82ecbf57', 24);
INSERT INTO stock_levels (id, product_id, location_id, quantity, updated_at) VALUES ('652aeda9-3667-41a0-a78c-31d0b37b3289', '335d8910-4c05-4cfb-824f-5eba82ecbf57', '32e7dce7-4b31-4da9-b31b-1cf593dda08d', 0, '2026-02-22T12:13:20.727Z') ON CONFLICT (product_id, location_id) DO UPDATE SET quantity = EXCLUDED.quantity;
INSERT INTO stock_ledger (id, product_id, location_id, txn_type, txn_ref, qty_change, qty_after, created_at) VALUES ('64ca9cc0-e268-479d-81b5-6b305741c25f', '335d8910-4c05-4cfb-824f-5eba82ecbf57', '32e7dce7-4b31-4da9-b31b-1cf593dda08d', 'delivery', 'DEL-MMQ6PQNR0153', -24, 0, '2026-02-22T12:13:20.727Z');
INSERT INTO delivery_orders (id, reference, customer_name, warehouse_id, status, created_by, created_at, validated_at) VALUES ('dff650a3-2eca-46f1-9e4d-0f5e0bdb6229', 'DEL-MMQ6PQNR0154', 'Myra Logistics Pvt Ltd', '6b08f2ae-f8ff-4471-9e29-66bf15044c71', 'done', 'de15c0c5-a19a-424a-aa23-0f02f56a9ba6', '2026-03-09T06:56:20.727Z', '2026-03-09T06:56:20.727Z');
INSERT INTO delivery_lines (id, delivery_id, product_id, qty) VALUES ('d071c427-a650-4ad3-9b35-29eec729823f', 'dff650a3-2eca-46f1-9e4d-0f5e0bdb6229', 'bae0590b-d7cc-40d6-b857-fbf7d0c17ae1', 26);
INSERT INTO stock_levels (id, product_id, location_id, quantity, updated_at) VALUES ('dbbd078c-0372-4db7-9f59-f335457f275c', 'bae0590b-d7cc-40d6-b857-fbf7d0c17ae1', '70072616-5b58-4c8f-8eff-290e999cdfb8', 0, '2026-03-09T06:56:20.727Z') ON CONFLICT (product_id, location_id) DO UPDATE SET quantity = EXCLUDED.quantity;
INSERT INTO stock_ledger (id, product_id, location_id, txn_type, txn_ref, qty_change, qty_after, created_at) VALUES ('b9036e71-54ec-476d-bcb3-c45a62a88929', 'bae0590b-d7cc-40d6-b857-fbf7d0c17ae1', '70072616-5b58-4c8f-8eff-290e999cdfb8', 'delivery', 'DEL-MMQ6PQNR0155', -26, 0, '2026-03-09T06:56:20.727Z');
INSERT INTO delivery_lines (id, delivery_id, product_id, qty) VALUES ('4c131e0f-e670-4d2f-ade8-6cc175e56fa6', 'dff650a3-2eca-46f1-9e4d-0f5e0bdb6229', '77e55e80-d93d-481c-a018-853695be93cd', 49);
INSERT INTO stock_levels (id, product_id, location_id, quantity, updated_at) VALUES ('f8c1a05d-4249-4b8f-85ea-7bf02020bb3e', '77e55e80-d93d-481c-a018-853695be93cd', '03aea7d3-ebec-437b-86c5-48ad21188edc', 0, '2026-03-09T06:56:20.727Z') ON CONFLICT (product_id, location_id) DO UPDATE SET quantity = EXCLUDED.quantity;
INSERT INTO stock_ledger (id, product_id, location_id, txn_type, txn_ref, qty_change, qty_after, created_at) VALUES ('6b7dc59e-9d81-4a25-be2f-af20d0a5e44f', '77e55e80-d93d-481c-a018-853695be93cd', '03aea7d3-ebec-437b-86c5-48ad21188edc', 'delivery', 'DEL-MMQ6PQNR0156', -49, 0, '2026-03-09T06:56:20.727Z');
INSERT INTO delivery_orders (id, reference, customer_name, warehouse_id, status, created_by, created_at, validated_at) VALUES ('eaa3060b-3019-4843-8c44-296fcae45947', 'DEL-MMQ6PQNR0157', 'Dhruv Logistics Pvt Ltd', '4cb2f979-857e-41cc-9c29-b2c677d3bbbc', 'done', '7c7cc594-72c0-464f-917a-ab5da13a3aa9', '2026-03-04T02:57:20.727Z', '2026-03-04T02:57:20.727Z');
INSERT INTO delivery_lines (id, delivery_id, product_id, qty) VALUES ('e00a5884-604e-4be8-9413-1f934b898c4a', 'eaa3060b-3019-4843-8c44-296fcae45947', '4c5a10a2-fb8c-45c4-8323-552053be7c49', 18);
INSERT INTO stock_levels (id, product_id, location_id, quantity, updated_at) VALUES ('d21608ec-9d49-44ff-856a-e617bad719f5', '4c5a10a2-fb8c-45c4-8323-552053be7c49', '3b93c1c0-daa7-4826-9a3c-90f99b2d9710', 0, '2026-03-04T02:57:20.727Z') ON CONFLICT (product_id, location_id) DO UPDATE SET quantity = EXCLUDED.quantity;
INSERT INTO stock_ledger (id, product_id, location_id, txn_type, txn_ref, qty_change, qty_after, created_at) VALUES ('4b8fe833-cea4-49c1-a592-d95436ff1842', '4c5a10a2-fb8c-45c4-8323-552053be7c49', '3b93c1c0-daa7-4826-9a3c-90f99b2d9710', 'delivery', 'DEL-MMQ6PQNR0158', -18, 0, '2026-03-04T02:57:20.727Z');
INSERT INTO delivery_lines (id, delivery_id, product_id, qty) VALUES ('939366f7-359b-4292-8b50-a6be8182f2ff', 'eaa3060b-3019-4843-8c44-296fcae45947', '4cecf198-08ad-46bf-8f28-3830403c166c', 33);
INSERT INTO stock_levels (id, product_id, location_id, quantity, updated_at) VALUES ('6e3b7702-773f-4377-9bc6-134a6484a002', '4cecf198-08ad-46bf-8f28-3830403c166c', '149415f8-3a14-4864-b6a5-d892fb7af719', 0, '2026-03-04T02:57:20.727Z') ON CONFLICT (product_id, location_id) DO UPDATE SET quantity = EXCLUDED.quantity;
INSERT INTO stock_ledger (id, product_id, location_id, txn_type, txn_ref, qty_change, qty_after, created_at) VALUES ('e29f7767-bdf1-4dac-82a5-c885d291ed8b', '4cecf198-08ad-46bf-8f28-3830403c166c', '149415f8-3a14-4864-b6a5-d892fb7af719', 'delivery', 'DEL-MMQ6PQNR0159', -33, 0, '2026-03-04T02:57:20.727Z');
INSERT INTO delivery_orders (id, reference, customer_name, warehouse_id, status, created_by, created_at, validated_at) VALUES ('8eefd91c-9d06-4f61-9781-eb1484138ad3', 'DEL-MMQ6PQNR0160', 'Vihaan Trading Pvt Ltd', '9743ce1f-4993-4882-a2d5-42f901139cb3', 'done', '1e59c0e9-7ebd-4102-80fb-b1abaa3d16f6', '2026-03-09T01:42:20.727Z', '2026-03-09T01:42:20.727Z');
INSERT INTO delivery_lines (id, delivery_id, product_id, qty) VALUES ('58450647-74f3-4de1-b446-d26bfd8658f4', '8eefd91c-9d06-4f61-9781-eb1484138ad3', 'b79c27fc-9cf8-439f-b371-840f66da4c6e', 7);
INSERT INTO stock_levels (id, product_id, location_id, quantity, updated_at) VALUES ('2826fadb-97f8-4efa-811c-676cf333ff82', 'b79c27fc-9cf8-439f-b371-840f66da4c6e', '66930ff7-e2cf-414b-ae08-4577ec2836dd', 0, '2026-03-09T01:42:20.727Z') ON CONFLICT (product_id, location_id) DO UPDATE SET quantity = EXCLUDED.quantity;
INSERT INTO stock_ledger (id, product_id, location_id, txn_type, txn_ref, qty_change, qty_after, created_at) VALUES ('d54ad722-6220-4897-9a33-0e8f01833712', 'b79c27fc-9cf8-439f-b371-840f66da4c6e', '66930ff7-e2cf-414b-ae08-4577ec2836dd', 'delivery', 'DEL-MMQ6PQNR0161', -7, 0, '2026-03-09T01:42:20.727Z');
INSERT INTO delivery_lines (id, delivery_id, product_id, qty) VALUES ('4f381f89-0e48-4820-9c38-e3b19a46a2e1', '8eefd91c-9d06-4f61-9781-eb1484138ad3', '2b2d6d2f-5fd0-4aef-b462-f6d84959d51a', 25);
INSERT INTO stock_levels (id, product_id, location_id, quantity, updated_at) VALUES ('40101e26-2f7f-434b-8bd7-bad90d642bd9', '2b2d6d2f-5fd0-4aef-b462-f6d84959d51a', '66930ff7-e2cf-414b-ae08-4577ec2836dd', 0, '2026-03-09T01:42:20.727Z') ON CONFLICT (product_id, location_id) DO UPDATE SET quantity = EXCLUDED.quantity;
INSERT INTO stock_ledger (id, product_id, location_id, txn_type, txn_ref, qty_change, qty_after, created_at) VALUES ('95f46f76-0c88-4bed-9d49-eb2b3c521e25', '2b2d6d2f-5fd0-4aef-b462-f6d84959d51a', '66930ff7-e2cf-414b-ae08-4577ec2836dd', 'delivery', 'DEL-MMQ6PQNR0162', -25, 0, '2026-03-09T01:42:20.727Z');
INSERT INTO delivery_orders (id, reference, customer_name, warehouse_id, status, created_by, created_at, validated_at) VALUES ('fb3b4375-4bc6-4c72-856f-9fa3088321f5', 'DEL-MMQ6PQNR0163', 'Myra Logistics Pvt Ltd', '9743ce1f-4993-4882-a2d5-42f901139cb3', 'done', '89ed61cf-8cca-4a3f-b6f7-5cd247eb1899', '2026-03-05T07:24:20.727Z', '2026-03-05T07:24:20.727Z');
INSERT INTO delivery_lines (id, delivery_id, product_id, qty) VALUES ('cb5b12e0-7e8e-445a-a53f-9f7034ed1003', 'fb3b4375-4bc6-4c72-856f-9fa3088321f5', '67a18037-e61f-443d-9abf-c942bd70afa8', 10);
INSERT INTO stock_levels (id, product_id, location_id, quantity, updated_at) VALUES ('8e5ff0b4-a22a-4166-a01d-132415d20996', '67a18037-e61f-443d-9abf-c942bd70afa8', '94ae51e4-66f5-4ca3-ab58-71c577fd7ea7', 0, '2026-03-05T07:24:20.727Z') ON CONFLICT (product_id, location_id) DO UPDATE SET quantity = EXCLUDED.quantity;
INSERT INTO stock_ledger (id, product_id, location_id, txn_type, txn_ref, qty_change, qty_after, created_at) VALUES ('2507d159-bb24-44b1-80e5-bc1938c2972a', '67a18037-e61f-443d-9abf-c942bd70afa8', '94ae51e4-66f5-4ca3-ab58-71c577fd7ea7', 'delivery', 'DEL-MMQ6PQNR0164', -10, 0, '2026-03-05T07:24:20.727Z');
INSERT INTO delivery_lines (id, delivery_id, product_id, qty) VALUES ('9101ad32-8550-47ac-bee6-0ad55fd9ba07', 'fb3b4375-4bc6-4c72-856f-9fa3088321f5', '9f750834-e2d8-4a5c-a53f-c549f9ede5c0', 19);
INSERT INTO stock_levels (id, product_id, location_id, quantity, updated_at) VALUES ('3d2780dd-9722-4ca4-b632-9dc8998561a2', '9f750834-e2d8-4a5c-a53f-c549f9ede5c0', '94ae51e4-66f5-4ca3-ab58-71c577fd7ea7', 0, '2026-03-05T07:24:20.727Z') ON CONFLICT (product_id, location_id) DO UPDATE SET quantity = EXCLUDED.quantity;
INSERT INTO stock_ledger (id, product_id, location_id, txn_type, txn_ref, qty_change, qty_after, created_at) VALUES ('b4e4d99b-eb4c-471d-b34f-7d836c5c2b11', '9f750834-e2d8-4a5c-a53f-c549f9ede5c0', '94ae51e4-66f5-4ca3-ab58-71c577fd7ea7', 'delivery', 'DEL-MMQ6PQNR0165', -19, 0, '2026-03-05T07:24:20.727Z');
INSERT INTO delivery_orders (id, reference, customer_name, warehouse_id, status, created_by, created_at, validated_at) VALUES ('761838c8-60a0-47f2-833e-ec49bc0498ae', 'DEL-MMQ6PQNR0166', 'Vivaan Enterprises Pvt Ltd', '9743ce1f-4993-4882-a2d5-42f901139cb3', 'done', 'a601ef30-d6af-41fa-99e6-c405f6f8e581', '2026-02-19T05:14:20.727Z', '2026-02-19T05:14:20.727Z');
INSERT INTO delivery_lines (id, delivery_id, product_id, qty) VALUES ('59cb74da-cdcc-42f9-90f1-c2e9fbbbd2a3', '761838c8-60a0-47f2-833e-ec49bc0498ae', 'abffdbb7-5129-405c-aaad-7505948fb8d1', 32);
INSERT INTO stock_levels (id, product_id, location_id, quantity, updated_at) VALUES ('8cbe6bb1-2c08-475a-bebe-42a811fb67fd', 'abffdbb7-5129-405c-aaad-7505948fb8d1', '94ae51e4-66f5-4ca3-ab58-71c577fd7ea7', 0, '2026-02-19T05:14:20.727Z') ON CONFLICT (product_id, location_id) DO UPDATE SET quantity = EXCLUDED.quantity;
INSERT INTO stock_ledger (id, product_id, location_id, txn_type, txn_ref, qty_change, qty_after, created_at) VALUES ('13fd6a1a-3b7f-4398-8498-019fc8859214', 'abffdbb7-5129-405c-aaad-7505948fb8d1', '94ae51e4-66f5-4ca3-ab58-71c577fd7ea7', 'delivery', 'DEL-MMQ6PQNR0167', -32, 0, '2026-02-19T05:14:20.727Z');
INSERT INTO delivery_lines (id, delivery_id, product_id, qty) VALUES ('1b215f01-6985-4590-be06-ffff26947484', '761838c8-60a0-47f2-833e-ec49bc0498ae', '030e0aff-620e-4a76-82fe-e9cc4484b720', 25);
INSERT INTO stock_levels (id, product_id, location_id, quantity, updated_at) VALUES ('73267f0e-25de-4198-bd46-5b7536ee964d', '030e0aff-620e-4a76-82fe-e9cc4484b720', '66930ff7-e2cf-414b-ae08-4577ec2836dd', 0, '2026-02-19T05:14:20.727Z') ON CONFLICT (product_id, location_id) DO UPDATE SET quantity = EXCLUDED.quantity;
INSERT INTO stock_ledger (id, product_id, location_id, txn_type, txn_ref, qty_change, qty_after, created_at) VALUES ('c0f2199c-6b23-4a77-a323-a23072b773c0', '030e0aff-620e-4a76-82fe-e9cc4484b720', '66930ff7-e2cf-414b-ae08-4577ec2836dd', 'delivery', 'DEL-MMQ6PQNR0168', -25, 0, '2026-02-19T05:14:20.727Z');
INSERT INTO delivery_lines (id, delivery_id, product_id, qty) VALUES ('55d72748-0075-4ec9-8178-9d557ff11e4d', '761838c8-60a0-47f2-833e-ec49bc0498ae', '949aad1e-b01e-4746-9104-b0537ff072bf', 25);
INSERT INTO stock_levels (id, product_id, location_id, quantity, updated_at) VALUES ('98ae1882-a3c4-4c61-8a5b-2c87c64fe10b', '949aad1e-b01e-4746-9104-b0537ff072bf', '66930ff7-e2cf-414b-ae08-4577ec2836dd', 0, '2026-02-19T05:14:20.727Z') ON CONFLICT (product_id, location_id) DO UPDATE SET quantity = EXCLUDED.quantity;
INSERT INTO stock_ledger (id, product_id, location_id, txn_type, txn_ref, qty_change, qty_after, created_at) VALUES ('f7238560-7cb1-45c7-ae76-33cd638939ab', '949aad1e-b01e-4746-9104-b0537ff072bf', '66930ff7-e2cf-414b-ae08-4577ec2836dd', 'delivery', 'DEL-MMQ6PQNR0169', -25, 0, '2026-02-19T05:14:20.727Z');
INSERT INTO delivery_orders (id, reference, customer_name, warehouse_id, status, created_by, created_at, validated_at) VALUES ('5b86eb8e-42ae-4423-867d-3fbb9246a1b6', 'DEL-MMQ6PQNR0170', 'Diya Corp Pvt Ltd', '4cb2f979-857e-41cc-9c29-b2c677d3bbbc', 'done', '45130999-48e2-4b7d-bc3c-a0dac3e113d6', '2026-03-07T11:42:20.727Z', '2026-03-07T11:42:20.727Z');
INSERT INTO delivery_lines (id, delivery_id, product_id, qty) VALUES ('cd4dfe13-ffb7-4830-a751-c7e9f4e02591', '5b86eb8e-42ae-4423-867d-3fbb9246a1b6', '1ca9862f-d128-47f7-bc19-537e7d985236', 25);
INSERT INTO stock_levels (id, product_id, location_id, quantity, updated_at) VALUES ('9cd48811-43ee-4b6f-89f0-0324dacb7a99', '1ca9862f-d128-47f7-bc19-537e7d985236', '149415f8-3a14-4864-b6a5-d892fb7af719', 11, '2026-03-07T11:42:20.727Z') ON CONFLICT (product_id, location_id) DO UPDATE SET quantity = EXCLUDED.quantity;
INSERT INTO stock_ledger (id, product_id, location_id, txn_type, txn_ref, qty_change, qty_after, created_at) VALUES ('ff0c0154-58d2-4ccb-99ef-16c65e488029', '1ca9862f-d128-47f7-bc19-537e7d985236', '149415f8-3a14-4864-b6a5-d892fb7af719', 'delivery', 'DEL-MMQ6PQNR0171', -25, 11, '2026-03-07T11:42:20.727Z');
INSERT INTO delivery_lines (id, delivery_id, product_id, qty) VALUES ('9e3a97cf-a0e2-4087-92dc-2bb01896451b', '5b86eb8e-42ae-4423-867d-3fbb9246a1b6', 'a3f90fe5-0d1b-450b-8244-3c931e9c51b4', 46);
INSERT INTO stock_levels (id, product_id, location_id, quantity, updated_at) VALUES ('fffd6111-f596-4ed2-b74d-2ffa29bf6ff0', 'a3f90fe5-0d1b-450b-8244-3c931e9c51b4', '3b93c1c0-daa7-4826-9a3c-90f99b2d9710', 0, '2026-03-07T11:42:20.727Z') ON CONFLICT (product_id, location_id) DO UPDATE SET quantity = EXCLUDED.quantity;
INSERT INTO stock_ledger (id, product_id, location_id, txn_type, txn_ref, qty_change, qty_after, created_at) VALUES ('0d96f09b-9610-481e-94e5-4679d421eba1', 'a3f90fe5-0d1b-450b-8244-3c931e9c51b4', '3b93c1c0-daa7-4826-9a3c-90f99b2d9710', 'delivery', 'DEL-MMQ6PQNR0172', -46, 0, '2026-03-07T11:42:20.727Z');
INSERT INTO delivery_lines (id, delivery_id, product_id, qty) VALUES ('3e3c9709-2b96-491d-b55b-0e90d115bc49', '5b86eb8e-42ae-4423-867d-3fbb9246a1b6', '5ee1e659-db33-491b-a1c1-22d704fb03fc', 36);
INSERT INTO stock_levels (id, product_id, location_id, quantity, updated_at) VALUES ('97bb5843-ab93-48c2-8bce-91c4b5c1a33c', '5ee1e659-db33-491b-a1c1-22d704fb03fc', '3b93c1c0-daa7-4826-9a3c-90f99b2d9710', 0, '2026-03-07T11:42:20.727Z') ON CONFLICT (product_id, location_id) DO UPDATE SET quantity = EXCLUDED.quantity;
INSERT INTO stock_ledger (id, product_id, location_id, txn_type, txn_ref, qty_change, qty_after, created_at) VALUES ('ceb20daa-fc32-4227-823b-09c060bc740f', '5ee1e659-db33-491b-a1c1-22d704fb03fc', '3b93c1c0-daa7-4826-9a3c-90f99b2d9710', 'delivery', 'DEL-MMQ6PQNR0173', -36, 0, '2026-03-07T11:42:20.727Z');
INSERT INTO delivery_orders (id, reference, customer_name, warehouse_id, status, created_by, created_at, validated_at) VALUES ('53d89ee0-9d51-4aa0-9fa7-c1c32c747426', 'DEL-MMQ6PQNR0174', 'Vivaan Industries Pvt Ltd', '8f89a2a3-ea9e-4367-aaac-8a90f1000d80', 'done', '393bbde3-8e3d-4998-956c-b4b1220b1756', '2026-02-17T08:54:20.727Z', '2026-02-17T08:54:20.727Z');
INSERT INTO delivery_lines (id, delivery_id, product_id, qty) VALUES ('4027da0f-24a3-4187-94c3-1fd89de469b6', '53d89ee0-9d51-4aa0-9fa7-c1c32c747426', 'd2b7a318-a871-4f4d-a9a4-4a5e20e2c282', 21);
INSERT INTO stock_levels (id, product_id, location_id, quantity, updated_at) VALUES ('18a99fe2-853a-4d4c-9106-29e6fabb8ea9', 'd2b7a318-a871-4f4d-a9a4-4a5e20e2c282', 'db30e5ad-68ee-4337-beea-22396dda808d', 0, '2026-02-17T08:54:20.727Z') ON CONFLICT (product_id, location_id) DO UPDATE SET quantity = EXCLUDED.quantity;
INSERT INTO stock_ledger (id, product_id, location_id, txn_type, txn_ref, qty_change, qty_after, created_at) VALUES ('4fab3b10-837b-49e6-9683-10bc557e7e3b', 'd2b7a318-a871-4f4d-a9a4-4a5e20e2c282', 'db30e5ad-68ee-4337-beea-22396dda808d', 'delivery', 'DEL-MMQ6PQNR0175', -21, 0, '2026-02-17T08:54:20.727Z');
INSERT INTO delivery_lines (id, delivery_id, product_id, qty) VALUES ('0c93b1d8-b7d0-473e-ad88-c88689316f07', '53d89ee0-9d51-4aa0-9fa7-c1c32c747426', 'bae0590b-d7cc-40d6-b857-fbf7d0c17ae1', 21);
INSERT INTO stock_levels (id, product_id, location_id, quantity, updated_at) VALUES ('b85ba1d9-2afa-420a-b560-cdfa99813549', 'bae0590b-d7cc-40d6-b857-fbf7d0c17ae1', '3486a17a-96ca-4822-80c8-59ad7b37683f', 0, '2026-02-17T08:54:20.727Z') ON CONFLICT (product_id, location_id) DO UPDATE SET quantity = EXCLUDED.quantity;
INSERT INTO stock_ledger (id, product_id, location_id, txn_type, txn_ref, qty_change, qty_after, created_at) VALUES ('a83b8541-2db9-4b77-9a44-b8e204648bf7', 'bae0590b-d7cc-40d6-b857-fbf7d0c17ae1', '3486a17a-96ca-4822-80c8-59ad7b37683f', 'delivery', 'DEL-MMQ6PQNR0176', -21, 0, '2026-02-17T08:54:20.727Z');
INSERT INTO delivery_lines (id, delivery_id, product_id, qty) VALUES ('901f143f-fbf4-4c20-83dc-d75646d8eeeb', '53d89ee0-9d51-4aa0-9fa7-c1c32c747426', '9ae0e00b-cccb-4bfd-b146-0add98ebf2e7', 49);
INSERT INTO stock_levels (id, product_id, location_id, quantity, updated_at) VALUES ('27f15069-8934-4cf8-897b-d4f7ed7b90f8', '9ae0e00b-cccb-4bfd-b146-0add98ebf2e7', '3486a17a-96ca-4822-80c8-59ad7b37683f', 43, '2026-02-17T08:54:20.727Z') ON CONFLICT (product_id, location_id) DO UPDATE SET quantity = EXCLUDED.quantity;
INSERT INTO stock_ledger (id, product_id, location_id, txn_type, txn_ref, qty_change, qty_after, created_at) VALUES ('e282eb1d-a7dc-4800-8b27-d92be8f19caa', '9ae0e00b-cccb-4bfd-b146-0add98ebf2e7', '3486a17a-96ca-4822-80c8-59ad7b37683f', 'delivery', 'DEL-MMQ6PQNR0177', -49, 43, '2026-02-17T08:54:20.727Z');
INSERT INTO delivery_orders (id, reference, customer_name, warehouse_id, status, created_by, created_at, validated_at) VALUES ('31b50473-7f95-49d3-88f4-c1f70096e6c9', 'DEL-MMQ6PQNR0178', 'Avni Enterprises Pvt Ltd', 'd82a3fca-0a89-48ff-be03-578ad5819686', 'done', '64b3bb0a-4804-4916-aac1-fa6aba69bd30', '2026-03-01T08:25:20.727Z', '2026-03-01T08:25:20.727Z');
INSERT INTO delivery_lines (id, delivery_id, product_id, qty) VALUES ('586b5d91-b98e-43e5-aae6-073e667e4f3e', '31b50473-7f95-49d3-88f4-c1f70096e6c9', 'bae0590b-d7cc-40d6-b857-fbf7d0c17ae1', 27);
INSERT INTO stock_levels (id, product_id, location_id, quantity, updated_at) VALUES ('0e5aef11-7d47-47d8-a20a-95fc0723f3eb', 'bae0590b-d7cc-40d6-b857-fbf7d0c17ae1', '1050eaeb-bc5f-4e04-89ac-902a7a79622a', 0, '2026-03-01T08:25:20.727Z') ON CONFLICT (product_id, location_id) DO UPDATE SET quantity = EXCLUDED.quantity;
INSERT INTO stock_ledger (id, product_id, location_id, txn_type, txn_ref, qty_change, qty_after, created_at) VALUES ('0cb35a0c-d23e-4875-b8cc-5460d024da00', 'bae0590b-d7cc-40d6-b857-fbf7d0c17ae1', '1050eaeb-bc5f-4e04-89ac-902a7a79622a', 'delivery', 'DEL-MMQ6PQNR0179', -27, 0, '2026-03-01T08:25:20.727Z');
INSERT INTO delivery_lines (id, delivery_id, product_id, qty) VALUES ('464ff1b0-195d-4b9f-954e-07cc207197e2', '31b50473-7f95-49d3-88f4-c1f70096e6c9', '6364f679-b2cc-4571-a98f-b170ec1cdfb4', 32);
INSERT INTO stock_levels (id, product_id, location_id, quantity, updated_at) VALUES ('a8c4b61d-131d-4091-ad21-0da77b0ce17e', '6364f679-b2cc-4571-a98f-b170ec1cdfb4', 'a1cab631-22d0-463e-bf9b-71ecd48a580c', 0, '2026-03-01T08:25:20.727Z') ON CONFLICT (product_id, location_id) DO UPDATE SET quantity = EXCLUDED.quantity;
INSERT INTO stock_ledger (id, product_id, location_id, txn_type, txn_ref, qty_change, qty_after, created_at) VALUES ('1122ead3-70f1-4ffb-a1a5-a81cab6c8f98', '6364f679-b2cc-4571-a98f-b170ec1cdfb4', 'a1cab631-22d0-463e-bf9b-71ecd48a580c', 'delivery', 'DEL-MMQ6PQNR0180', -32, 0, '2026-03-01T08:25:20.727Z');
INSERT INTO delivery_lines (id, delivery_id, product_id, qty) VALUES ('2afd17df-b163-425a-8ade-9b1f50cd080d', '31b50473-7f95-49d3-88f4-c1f70096e6c9', 'd2b3d8e3-b42d-421c-9486-66bf40968391', 12);
INSERT INTO stock_levels (id, product_id, location_id, quantity, updated_at) VALUES ('35c1d6f1-046c-4a8a-8792-9710b9be594b', 'd2b3d8e3-b42d-421c-9486-66bf40968391', '1050eaeb-bc5f-4e04-89ac-902a7a79622a', 0, '2026-03-01T08:25:20.727Z') ON CONFLICT (product_id, location_id) DO UPDATE SET quantity = EXCLUDED.quantity;
INSERT INTO stock_ledger (id, product_id, location_id, txn_type, txn_ref, qty_change, qty_after, created_at) VALUES ('96c6ca3d-f345-4fa1-8f37-06d083fbec3d', 'd2b3d8e3-b42d-421c-9486-66bf40968391', '1050eaeb-bc5f-4e04-89ac-902a7a79622a', 'delivery', 'DEL-MMQ6PQNR0181', -12, 0, '2026-03-01T08:25:20.727Z');
INSERT INTO delivery_orders (id, reference, customer_name, warehouse_id, status, created_by, created_at, validated_at) VALUES ('7f154c2b-78bf-46ac-8b3c-c27fde3d6702', 'DEL-MMQ6PQNR0182', 'Vihaan Industries Pvt Ltd', '4cb2f979-857e-41cc-9c29-b2c677d3bbbc', 'done', '86492b60-f8fc-42a3-a8ed-8a1a74b43393', '2026-03-09T14:19:20.727Z', '2026-03-09T14:19:20.727Z');
INSERT INTO delivery_lines (id, delivery_id, product_id, qty) VALUES ('7e89cdbe-0f77-4189-a1cf-c2dfd3811408', '7f154c2b-78bf-46ac-8b3c-c27fde3d6702', '9f750834-e2d8-4a5c-a53f-c549f9ede5c0', 16);
INSERT INTO stock_levels (id, product_id, location_id, quantity, updated_at) VALUES ('e1e4903b-d1e5-4a2e-9ff3-d378b9338da4', '9f750834-e2d8-4a5c-a53f-c549f9ede5c0', '149415f8-3a14-4864-b6a5-d892fb7af719', 0, '2026-03-09T14:19:20.727Z') ON CONFLICT (product_id, location_id) DO UPDATE SET quantity = EXCLUDED.quantity;
INSERT INTO stock_ledger (id, product_id, location_id, txn_type, txn_ref, qty_change, qty_after, created_at) VALUES ('8d61a3fb-9ff7-4329-98fc-b81994afb92a', '9f750834-e2d8-4a5c-a53f-c549f9ede5c0', '149415f8-3a14-4864-b6a5-d892fb7af719', 'delivery', 'DEL-MMQ6PQNR0183', -16, 0, '2026-03-09T14:19:20.727Z');
INSERT INTO delivery_orders (id, reference, customer_name, warehouse_id, status, created_by, created_at, validated_at) VALUES ('bac05848-63fe-4199-b101-0391f2aa6690', 'DEL-MMQ6PQNR0184', 'Riya Tech Pvt Ltd', '42c11fda-ae4c-485f-9ba5-17d643b9f9d7', 'done', '51eb0bc5-3fdb-4cec-8a98-77ec45ac4069', '2026-03-07T15:22:20.727Z', '2026-03-07T15:22:20.727Z');
INSERT INTO delivery_lines (id, delivery_id, product_id, qty) VALUES ('5f166788-a8c4-4b08-afb7-759ff3150b26', 'bac05848-63fe-4199-b101-0391f2aa6690', '2b2d6d2f-5fd0-4aef-b462-f6d84959d51a', 30);
INSERT INTO stock_levels (id, product_id, location_id, quantity, updated_at) VALUES ('c39ba891-055a-4335-8c35-951bbbd72803', '2b2d6d2f-5fd0-4aef-b462-f6d84959d51a', '3314d3ae-1334-48be-a617-7242f0ce20ed', 0, '2026-03-07T15:22:20.727Z') ON CONFLICT (product_id, location_id) DO UPDATE SET quantity = EXCLUDED.quantity;
INSERT INTO stock_ledger (id, product_id, location_id, txn_type, txn_ref, qty_change, qty_after, created_at) VALUES ('5689b0a7-5e7d-4bbd-b13a-f5c438f5df4a', '2b2d6d2f-5fd0-4aef-b462-f6d84959d51a', '3314d3ae-1334-48be-a617-7242f0ce20ed', 'delivery', 'DEL-MMQ6PQNR0185', -30, 0, '2026-03-07T15:22:20.727Z');
INSERT INTO delivery_lines (id, delivery_id, product_id, qty) VALUES ('0bd882fd-b313-4709-989a-c27b1be77c5e', 'bac05848-63fe-4199-b101-0391f2aa6690', '5afd699a-66a5-41ae-9e4f-6aba016893c9', 42);
INSERT INTO stock_levels (id, product_id, location_id, quantity, updated_at) VALUES ('fe406854-da24-44e0-b1ba-a3827ef32d96', '5afd699a-66a5-41ae-9e4f-6aba016893c9', '3314d3ae-1334-48be-a617-7242f0ce20ed', 0, '2026-03-07T15:22:20.727Z') ON CONFLICT (product_id, location_id) DO UPDATE SET quantity = EXCLUDED.quantity;
INSERT INTO stock_ledger (id, product_id, location_id, txn_type, txn_ref, qty_change, qty_after, created_at) VALUES ('cb5de207-7b8c-4902-a893-ada4e18a8999', '5afd699a-66a5-41ae-9e4f-6aba016893c9', '3314d3ae-1334-48be-a617-7242f0ce20ed', 'delivery', 'DEL-MMQ6PQNR0186', -42, 0, '2026-03-07T15:22:20.727Z');
INSERT INTO delivery_orders (id, reference, customer_name, warehouse_id, status, created_by, created_at, validated_at) VALUES ('53cfdfe9-a39d-47e7-9fb2-65b0993ded5a', 'DEL-MMQ6PQNR0187', 'Suhana Solutions Pvt Ltd', '255c9a71-5010-4774-8b7c-415fdd45a213', 'done', 'd8921905-f6bd-494a-9dff-c11106f592de', '2026-02-27T02:55:20.727Z', '2026-02-27T02:55:20.727Z');
INSERT INTO delivery_lines (id, delivery_id, product_id, qty) VALUES ('a53016bc-f679-4c39-a26f-f401591de7fc', '53cfdfe9-a39d-47e7-9fb2-65b0993ded5a', 'abffdbb7-5129-405c-aaad-7505948fb8d1', 44);
INSERT INTO stock_levels (id, product_id, location_id, quantity, updated_at) VALUES ('6026c673-8203-4ed5-a797-6a403ecc4a5c', 'abffdbb7-5129-405c-aaad-7505948fb8d1', 'cf2c0920-a9e0-411e-bf22-1e2881815ba3', 0, '2026-02-27T02:55:20.727Z') ON CONFLICT (product_id, location_id) DO UPDATE SET quantity = EXCLUDED.quantity;
INSERT INTO stock_ledger (id, product_id, location_id, txn_type, txn_ref, qty_change, qty_after, created_at) VALUES ('6db1129f-215e-413c-b352-d324f04aab0f', 'abffdbb7-5129-405c-aaad-7505948fb8d1', 'cf2c0920-a9e0-411e-bf22-1e2881815ba3', 'delivery', 'DEL-MMQ6PQNR0188', -44, 0, '2026-02-27T02:55:20.727Z');
INSERT INTO delivery_lines (id, delivery_id, product_id, qty) VALUES ('72d69957-2b42-48e6-a8ea-211df6d3b02c', '53cfdfe9-a39d-47e7-9fb2-65b0993ded5a', '379facbf-0ad1-4e0c-bb0d-6613c91f762b', 48);
INSERT INTO stock_levels (id, product_id, location_id, quantity, updated_at) VALUES ('5afd4a89-3b19-4573-b878-d170ab4a1ed5', '379facbf-0ad1-4e0c-bb0d-6613c91f762b', 'cf2c0920-a9e0-411e-bf22-1e2881815ba3', 0, '2026-02-27T02:55:20.727Z') ON CONFLICT (product_id, location_id) DO UPDATE SET quantity = EXCLUDED.quantity;
INSERT INTO stock_ledger (id, product_id, location_id, txn_type, txn_ref, qty_change, qty_after, created_at) VALUES ('e2e123fa-db1a-4457-9c0d-3f71ae7a9217', '379facbf-0ad1-4e0c-bb0d-6613c91f762b', 'cf2c0920-a9e0-411e-bf22-1e2881815ba3', 'delivery', 'DEL-MMQ6PQNR0189', -48, 0, '2026-02-27T02:55:20.727Z');
INSERT INTO delivery_orders (id, reference, customer_name, warehouse_id, status, created_by, created_at, validated_at) VALUES ('72f102a0-e4e2-4b9a-9fcc-6c45abac88a1', 'DEL-MMQ6PQNR0190', 'Ayaan Industries Pvt Ltd', '255c9a71-5010-4774-8b7c-415fdd45a213', 'done', 'd6443725-9296-4756-9f8c-7a98df672b31', '2026-03-06T14:46:20.727Z', '2026-03-06T14:46:20.727Z');
INSERT INTO delivery_lines (id, delivery_id, product_id, qty) VALUES ('98b8af27-56d3-4af8-805a-4e7bdb62d764', '72f102a0-e4e2-4b9a-9fcc-6c45abac88a1', 'c009c438-fed7-40b0-8cf6-7833258eb0dc', 21);
INSERT INTO stock_levels (id, product_id, location_id, quantity, updated_at) VALUES ('779f3bd4-5dd1-4c04-bf2c-3d56123486d2', 'c009c438-fed7-40b0-8cf6-7833258eb0dc', 'cf2c0920-a9e0-411e-bf22-1e2881815ba3', 456, '2026-03-06T14:46:20.727Z') ON CONFLICT (product_id, location_id) DO UPDATE SET quantity = EXCLUDED.quantity;
INSERT INTO stock_ledger (id, product_id, location_id, txn_type, txn_ref, qty_change, qty_after, created_at) VALUES ('d83cc1f5-8421-4de4-b81a-30a9e35aef4c', 'c009c438-fed7-40b0-8cf6-7833258eb0dc', 'cf2c0920-a9e0-411e-bf22-1e2881815ba3', 'delivery', 'DEL-MMQ6PQNR0191', -21, 456, '2026-03-06T14:46:20.727Z');
INSERT INTO delivery_lines (id, delivery_id, product_id, qty) VALUES ('79d144ea-4bee-455a-9f8e-cdd3dc8e2d3b', '72f102a0-e4e2-4b9a-9fcc-6c45abac88a1', 'bc69d07f-398b-4266-b778-576b070bd779', 29);
INSERT INTO stock_levels (id, product_id, location_id, quantity, updated_at) VALUES ('a8257597-6f78-4b87-af11-ac8a3e01988f', 'bc69d07f-398b-4266-b778-576b070bd779', 'cf2c0920-a9e0-411e-bf22-1e2881815ba3', 0, '2026-03-06T14:46:20.727Z') ON CONFLICT (product_id, location_id) DO UPDATE SET quantity = EXCLUDED.quantity;
INSERT INTO stock_ledger (id, product_id, location_id, txn_type, txn_ref, qty_change, qty_after, created_at) VALUES ('e16de1f3-fafa-4889-9409-6600a0bee7a3', 'bc69d07f-398b-4266-b778-576b070bd779', 'cf2c0920-a9e0-411e-bf22-1e2881815ba3', 'delivery', 'DEL-MMQ6PQNR0192', -29, 0, '2026-03-06T14:46:20.727Z');
INSERT INTO delivery_lines (id, delivery_id, product_id, qty) VALUES ('8478f4b6-61aa-4d83-840f-8375bd9bccd8', '72f102a0-e4e2-4b9a-9fcc-6c45abac88a1', '2b2d6d2f-5fd0-4aef-b462-f6d84959d51a', 12);
INSERT INTO stock_levels (id, product_id, location_id, quantity, updated_at) VALUES ('9d295944-e639-4e6a-9a41-e3b1783d72c4', '2b2d6d2f-5fd0-4aef-b462-f6d84959d51a', 'a9b3032a-32eb-41ac-ad9b-462d27a72500', 0, '2026-03-06T14:46:20.727Z') ON CONFLICT (product_id, location_id) DO UPDATE SET quantity = EXCLUDED.quantity;
INSERT INTO stock_ledger (id, product_id, location_id, txn_type, txn_ref, qty_change, qty_after, created_at) VALUES ('60304f46-eba4-4d8f-9352-238e60ef7c57', '2b2d6d2f-5fd0-4aef-b462-f6d84959d51a', 'a9b3032a-32eb-41ac-ad9b-462d27a72500', 'delivery', 'DEL-MMQ6PQNR0193', -12, 0, '2026-03-06T14:46:20.727Z');
INSERT INTO delivery_orders (id, reference, customer_name, warehouse_id, status, created_by, created_at, validated_at) VALUES ('1f1212e2-b789-42dc-8bdd-c59d675c548b', 'DEL-MMQ6PQNR0194', 'Arjun Corp Pvt Ltd', '42c11fda-ae4c-485f-9ba5-17d643b9f9d7', 'done', '230f72da-b2e5-42e3-8d80-7288ef1ebe00', '2026-03-09T12:26:20.727Z', '2026-03-09T12:26:20.727Z');
INSERT INTO delivery_lines (id, delivery_id, product_id, qty) VALUES ('ffe255ae-0cb1-4b6b-b531-4cf863e8b591', '1f1212e2-b789-42dc-8bdd-c59d675c548b', 'b79c27fc-9cf8-439f-b371-840f66da4c6e', 38);
INSERT INTO stock_levels (id, product_id, location_id, quantity, updated_at) VALUES ('5fe4b596-a985-486c-a1f3-733381c6ca20', 'b79c27fc-9cf8-439f-b371-840f66da4c6e', '3314d3ae-1334-48be-a617-7242f0ce20ed', 0, '2026-03-09T12:26:20.727Z') ON CONFLICT (product_id, location_id) DO UPDATE SET quantity = EXCLUDED.quantity;
INSERT INTO stock_ledger (id, product_id, location_id, txn_type, txn_ref, qty_change, qty_after, created_at) VALUES ('3f6496b9-d1c4-4b55-a581-4430488c089a', 'b79c27fc-9cf8-439f-b371-840f66da4c6e', '3314d3ae-1334-48be-a617-7242f0ce20ed', 'delivery', 'DEL-MMQ6PQNR0195', -38, 0, '2026-03-09T12:26:20.727Z');
INSERT INTO delivery_orders (id, reference, customer_name, warehouse_id, status, created_by, created_at, validated_at) VALUES ('658f2ddc-b6de-40ba-98fe-82421c0dd73f', 'DEL-MMQ6PQNR0196', 'Sai Corp Pvt Ltd', '4cb2f979-857e-41cc-9c29-b2c677d3bbbc', 'done', 'a5ff0611-f9b3-489f-a472-d356909d5f83', '2026-02-26T01:07:20.727Z', '2026-02-26T01:07:20.727Z');
INSERT INTO delivery_lines (id, delivery_id, product_id, qty) VALUES ('2e14d5a2-e600-476e-b7b9-da6661b8ed39', '658f2ddc-b6de-40ba-98fe-82421c0dd73f', '2bf7ab0f-c764-4bab-8bfb-c1328e539141', 12);
INSERT INTO stock_levels (id, product_id, location_id, quantity, updated_at) VALUES ('8ef04cda-455c-49cd-8a38-23253cc944fc', '2bf7ab0f-c764-4bab-8bfb-c1328e539141', '3b93c1c0-daa7-4826-9a3c-90f99b2d9710', 272, '2026-02-26T01:07:20.727Z') ON CONFLICT (product_id, location_id) DO UPDATE SET quantity = EXCLUDED.quantity;
INSERT INTO stock_ledger (id, product_id, location_id, txn_type, txn_ref, qty_change, qty_after, created_at) VALUES ('99bf37b4-1a04-4248-b2f2-aa50b78bfbb6', '2bf7ab0f-c764-4bab-8bfb-c1328e539141', '3b93c1c0-daa7-4826-9a3c-90f99b2d9710', 'delivery', 'DEL-MMQ6PQNR0197', -12, 272, '2026-02-26T01:07:20.727Z');
INSERT INTO delivery_orders (id, reference, customer_name, warehouse_id, status, created_by, created_at, validated_at) VALUES ('e8d73de0-88a7-420f-a03e-aac46e209e14', 'DEL-MMQ6PQNR0198', 'Kabir Solutions Pvt Ltd', '4cb2f979-857e-41cc-9c29-b2c677d3bbbc', 'done', '7c7cc594-72c0-464f-917a-ab5da13a3aa9', '2026-02-21T02:56:20.727Z', '2026-02-21T02:56:20.727Z');
INSERT INTO delivery_lines (id, delivery_id, product_id, qty) VALUES ('5dd86a20-4c99-4b9f-b361-0293d1a61942', 'e8d73de0-88a7-420f-a03e-aac46e209e14', 'bae0590b-d7cc-40d6-b857-fbf7d0c17ae1', 30);
INSERT INTO stock_levels (id, product_id, location_id, quantity, updated_at) VALUES ('8d7a0e03-e404-4cc3-9fa0-3cef849d542e', 'bae0590b-d7cc-40d6-b857-fbf7d0c17ae1', '3b93c1c0-daa7-4826-9a3c-90f99b2d9710', 0, '2026-02-21T02:56:20.727Z') ON CONFLICT (product_id, location_id) DO UPDATE SET quantity = EXCLUDED.quantity;
INSERT INTO stock_ledger (id, product_id, location_id, txn_type, txn_ref, qty_change, qty_after, created_at) VALUES ('a457aba9-b45f-4012-88be-1ea0f0ed9a18', 'bae0590b-d7cc-40d6-b857-fbf7d0c17ae1', '3b93c1c0-daa7-4826-9a3c-90f99b2d9710', 'delivery', 'DEL-MMQ6PQNR0199', -30, 0, '2026-02-21T02:56:20.727Z');
INSERT INTO delivery_orders (id, reference, customer_name, warehouse_id, status, created_by, created_at, validated_at) VALUES ('a211505e-ed91-4757-bf46-df8d36b8ad5f', 'DEL-MMQ6PQNR0200', 'Shaurya Logistics Pvt Ltd', '1f3b3627-346d-46e3-b2cb-50eff1cb46f5', 'done', 'a5ff0611-f9b3-489f-a472-d356909d5f83', '2026-03-03T12:24:20.727Z', '2026-03-03T12:24:20.727Z');
INSERT INTO delivery_lines (id, delivery_id, product_id, qty) VALUES ('85316073-99dd-4c16-9be4-568752e97560', 'a211505e-ed91-4757-bf46-df8d36b8ad5f', '4cecf198-08ad-46bf-8f28-3830403c166c', 33);
INSERT INTO stock_levels (id, product_id, location_id, quantity, updated_at) VALUES ('2fbbba53-f26b-44d4-af53-23698997f240', '4cecf198-08ad-46bf-8f28-3830403c166c', '32e7dce7-4b31-4da9-b31b-1cf593dda08d', 465, '2026-03-03T12:24:20.727Z') ON CONFLICT (product_id, location_id) DO UPDATE SET quantity = EXCLUDED.quantity;
INSERT INTO stock_ledger (id, product_id, location_id, txn_type, txn_ref, qty_change, qty_after, created_at) VALUES ('e1eb13d2-45d0-40b4-8bab-623e7a5e4942', '4cecf198-08ad-46bf-8f28-3830403c166c', '32e7dce7-4b31-4da9-b31b-1cf593dda08d', 'delivery', 'DEL-MMQ6PQNR0201', -33, 465, '2026-03-03T12:24:20.727Z');
INSERT INTO delivery_orders (id, reference, customer_name, warehouse_id, status, created_by, created_at, validated_at) VALUES ('9b8e1c9a-0859-41f9-b224-da5e2161d853', 'DEL-MMQ6PQNR0202', 'Riya Corp Pvt Ltd', '6b08f2ae-f8ff-4471-9e29-66bf15044c71', 'done', '5f697995-bd67-4fb0-aba6-398c6a7013b7', '2026-02-13T07:12:20.727Z', '2026-02-13T07:12:20.727Z');
INSERT INTO delivery_lines (id, delivery_id, product_id, qty) VALUES ('0d8c2713-b261-421a-bcd0-9c0b258bd059', '9b8e1c9a-0859-41f9-b224-da5e2161d853', '3a88ce42-5d14-4306-8458-f6fb0bbdc851', 50);
INSERT INTO stock_levels (id, product_id, location_id, quantity, updated_at) VALUES ('d0886dbb-ec33-427a-907f-61e5b1b96dc8', '3a88ce42-5d14-4306-8458-f6fb0bbdc851', '03aea7d3-ebec-437b-86c5-48ad21188edc', 368, '2026-02-13T07:12:20.727Z') ON CONFLICT (product_id, location_id) DO UPDATE SET quantity = EXCLUDED.quantity;
INSERT INTO stock_ledger (id, product_id, location_id, txn_type, txn_ref, qty_change, qty_after, created_at) VALUES ('45773e82-743e-432d-b824-7210e067e4b8', '3a88ce42-5d14-4306-8458-f6fb0bbdc851', '03aea7d3-ebec-437b-86c5-48ad21188edc', 'delivery', 'DEL-MMQ6PQNR0203', -50, 368, '2026-02-13T07:12:20.727Z');
INSERT INTO delivery_lines (id, delivery_id, product_id, qty) VALUES ('1c3053a0-cd93-4900-8ef8-9deca466f756', '9b8e1c9a-0859-41f9-b224-da5e2161d853', 'd088ec4f-fad7-43e5-b887-15d33233e2b5', 8);
INSERT INTO stock_levels (id, product_id, location_id, quantity, updated_at) VALUES ('c9a0263c-35bc-4862-9846-80d8553741c1', 'd088ec4f-fad7-43e5-b887-15d33233e2b5', '70072616-5b58-4c8f-8eff-290e999cdfb8', 0, '2026-02-13T07:12:20.727Z') ON CONFLICT (product_id, location_id) DO UPDATE SET quantity = EXCLUDED.quantity;
INSERT INTO stock_ledger (id, product_id, location_id, txn_type, txn_ref, qty_change, qty_after, created_at) VALUES ('97357de0-22de-4b22-a215-0561d75d2387', 'd088ec4f-fad7-43e5-b887-15d33233e2b5', '70072616-5b58-4c8f-8eff-290e999cdfb8', 'delivery', 'DEL-MMQ6PQNR0204', -8, 0, '2026-02-13T07:12:20.727Z');
INSERT INTO delivery_lines (id, delivery_id, product_id, qty) VALUES ('d9f44ade-3f98-446b-a634-c44709466829', '9b8e1c9a-0859-41f9-b224-da5e2161d853', 'b5422929-a4b9-44fd-832a-6fe71682fbcc', 38);
INSERT INTO stock_levels (id, product_id, location_id, quantity, updated_at) VALUES ('4e9a77c0-e390-4b73-90f2-c89b51feeb2b', 'b5422929-a4b9-44fd-832a-6fe71682fbcc', '70072616-5b58-4c8f-8eff-290e999cdfb8', 0, '2026-02-13T07:12:20.727Z') ON CONFLICT (product_id, location_id) DO UPDATE SET quantity = EXCLUDED.quantity;
INSERT INTO stock_ledger (id, product_id, location_id, txn_type, txn_ref, qty_change, qty_after, created_at) VALUES ('f421182d-0bf8-48b7-b1b3-e5515f06236a', 'b5422929-a4b9-44fd-832a-6fe71682fbcc', '70072616-5b58-4c8f-8eff-290e999cdfb8', 'delivery', 'DEL-MMQ6PQNS0205', -38, 0, '2026-02-13T07:12:20.727Z');
INSERT INTO delivery_orders (id, reference, customer_name, warehouse_id, status, created_by, created_at, validated_at) VALUES ('900cbf5c-71c9-4bfa-bb19-b5ba6cf9af7a', 'DEL-MMQ6PQNS0206', 'Diya Logistics Pvt Ltd', '255c9a71-5010-4774-8b7c-415fdd45a213', 'done', 'b0da52ea-883d-4771-b79f-f8dc77251641', '2026-02-28T02:40:20.728Z', '2026-02-28T02:40:20.728Z');
INSERT INTO delivery_lines (id, delivery_id, product_id, qty) VALUES ('730eba24-5146-4dc4-8a36-d811c5a45fde', '900cbf5c-71c9-4bfa-bb19-b5ba6cf9af7a', '1fd13a42-e0d4-4b37-871d-913dc1e7bdb4', 8);
INSERT INTO stock_levels (id, product_id, location_id, quantity, updated_at) VALUES ('8ea38bfb-c79b-4a64-bef6-65b945f46222', '1fd13a42-e0d4-4b37-871d-913dc1e7bdb4', 'cf2c0920-a9e0-411e-bf22-1e2881815ba3', 0, '2026-02-28T02:40:20.728Z') ON CONFLICT (product_id, location_id) DO UPDATE SET quantity = EXCLUDED.quantity;
INSERT INTO stock_ledger (id, product_id, location_id, txn_type, txn_ref, qty_change, qty_after, created_at) VALUES ('13314680-caab-48f0-9eb0-57447e19177f', '1fd13a42-e0d4-4b37-871d-913dc1e7bdb4', 'cf2c0920-a9e0-411e-bf22-1e2881815ba3', 'delivery', 'DEL-MMQ6PQNS0207', -8, 0, '2026-02-28T02:40:20.728Z');
INSERT INTO delivery_lines (id, delivery_id, product_id, qty) VALUES ('dd8e1059-11f2-4244-a67c-3719ecb3f605', '900cbf5c-71c9-4bfa-bb19-b5ba6cf9af7a', 'd088ec4f-fad7-43e5-b887-15d33233e2b5', 11);
INSERT INTO stock_levels (id, product_id, location_id, quantity, updated_at) VALUES ('7626e3ca-a1b5-488d-a4d1-365688577c14', 'd088ec4f-fad7-43e5-b887-15d33233e2b5', 'cf2c0920-a9e0-411e-bf22-1e2881815ba3', 0, '2026-02-28T02:40:20.728Z') ON CONFLICT (product_id, location_id) DO UPDATE SET quantity = EXCLUDED.quantity;
INSERT INTO stock_ledger (id, product_id, location_id, txn_type, txn_ref, qty_change, qty_after, created_at) VALUES ('69631688-bffb-4fc0-980f-c71329e0d79a', 'd088ec4f-fad7-43e5-b887-15d33233e2b5', 'cf2c0920-a9e0-411e-bf22-1e2881815ba3', 'delivery', 'DEL-MMQ6PQNS0208', -11, 0, '2026-02-28T02:40:20.728Z');
INSERT INTO delivery_orders (id, reference, customer_name, warehouse_id, status, created_by, created_at, validated_at) VALUES ('3322e74b-667b-4013-b756-3e02c96fe05c', 'DEL-MMQ6PQNS0209', 'Aarav Logistics Pvt Ltd', '42c11fda-ae4c-485f-9ba5-17d643b9f9d7', 'done', 'a601ef30-d6af-41fa-99e6-c405f6f8e581', '2026-03-06T14:00:20.728Z', '2026-03-06T14:00:20.728Z');
INSERT INTO delivery_lines (id, delivery_id, product_id, qty) VALUES ('cf37e7cb-cc80-4389-a576-2e2c544f3567', '3322e74b-667b-4013-b756-3e02c96fe05c', '030e0aff-620e-4a76-82fe-e9cc4484b720', 30);
INSERT INTO stock_levels (id, product_id, location_id, quantity, updated_at) VALUES ('c9cc1498-cc2d-411a-9357-2c129267d6c7', '030e0aff-620e-4a76-82fe-e9cc4484b720', 'aa26af2f-9b28-4543-a9f2-c67bf33072d2', 0, '2026-03-06T14:00:20.728Z') ON CONFLICT (product_id, location_id) DO UPDATE SET quantity = EXCLUDED.quantity;
INSERT INTO stock_ledger (id, product_id, location_id, txn_type, txn_ref, qty_change, qty_after, created_at) VALUES ('204702ed-5d99-477a-8c5c-5338da5cdc98', '030e0aff-620e-4a76-82fe-e9cc4484b720', 'aa26af2f-9b28-4543-a9f2-c67bf33072d2', 'delivery', 'DEL-MMQ6PQNS0210', -30, 0, '2026-03-06T14:00:20.728Z');
INSERT INTO delivery_lines (id, delivery_id, product_id, qty) VALUES ('c3ec2f94-de71-4659-a682-83b628f46889', '3322e74b-667b-4013-b756-3e02c96fe05c', 'b0622c6e-94ff-454f-835c-1e6da5975727', 35);
INSERT INTO stock_levels (id, product_id, location_id, quantity, updated_at) VALUES ('40949a3a-ed94-4a93-9439-31abe4c103d9', 'b0622c6e-94ff-454f-835c-1e6da5975727', '3314d3ae-1334-48be-a617-7242f0ce20ed', 0, '2026-03-06T14:00:20.728Z') ON CONFLICT (product_id, location_id) DO UPDATE SET quantity = EXCLUDED.quantity;
INSERT INTO stock_ledger (id, product_id, location_id, txn_type, txn_ref, qty_change, qty_after, created_at) VALUES ('aac525de-61e3-4a9d-a1ca-0b7f6c43e30b', 'b0622c6e-94ff-454f-835c-1e6da5975727', '3314d3ae-1334-48be-a617-7242f0ce20ed', 'delivery', 'DEL-MMQ6PQNS0211', -35, 0, '2026-03-06T14:00:20.728Z');
INSERT INTO delivery_orders (id, reference, customer_name, warehouse_id, status, created_by, created_at, validated_at) VALUES ('227ec281-ae14-4c39-b65c-dae1d5306c7d', 'DEL-MMQ6PQNS0212', 'Ayaan Enterprises Pvt Ltd', '2dcd7c8c-5eb0-4845-97f3-bdb9dd1581f7', 'done', '8ddb30cf-eeca-4755-8ff0-268bfbad68b7', '2026-02-15T04:22:20.728Z', '2026-02-15T04:22:20.728Z');
INSERT INTO delivery_lines (id, delivery_id, product_id, qty) VALUES ('ef38dcfe-c4b3-495c-af19-7617d541b6c1', '227ec281-ae14-4c39-b65c-dae1d5306c7d', '4cecf198-08ad-46bf-8f28-3830403c166c', 33);
INSERT INTO stock_levels (id, product_id, location_id, quantity, updated_at) VALUES ('efaef9dc-373e-423b-9515-702623415163', '4cecf198-08ad-46bf-8f28-3830403c166c', '377d3890-ca20-4839-9a14-f0a807339209', 0, '2026-02-15T04:22:20.728Z') ON CONFLICT (product_id, location_id) DO UPDATE SET quantity = EXCLUDED.quantity;
INSERT INTO stock_ledger (id, product_id, location_id, txn_type, txn_ref, qty_change, qty_after, created_at) VALUES ('5438a39c-1f9f-4cde-8b83-e5e9e9b3de5a', '4cecf198-08ad-46bf-8f28-3830403c166c', '377d3890-ca20-4839-9a14-f0a807339209', 'delivery', 'DEL-MMQ6PQNS0213', -33, 0, '2026-02-15T04:22:20.728Z');
INSERT INTO delivery_orders (id, reference, customer_name, warehouse_id, status, created_by, created_at, validated_at) VALUES ('2aa0281b-3efe-45ac-b0b6-92dd9ed83e77', 'DEL-MMQ6PQNS0214', 'Ishaan Solutions Pvt Ltd', '6b08f2ae-f8ff-4471-9e29-66bf15044c71', 'done', '6c15979c-728c-4fc1-a79e-1cadd1729b4f', '2026-02-15T11:50:20.728Z', '2026-02-15T11:50:20.728Z');
INSERT INTO delivery_lines (id, delivery_id, product_id, qty) VALUES ('45aeb6bb-9e6b-4dff-a722-d8faddf93758', '2aa0281b-3efe-45ac-b0b6-92dd9ed83e77', '5ee1e659-db33-491b-a1c1-22d704fb03fc', 41);
INSERT INTO stock_levels (id, product_id, location_id, quantity, updated_at) VALUES ('2f7bf89c-63df-4fe9-9153-589786fcb100', '5ee1e659-db33-491b-a1c1-22d704fb03fc', '70072616-5b58-4c8f-8eff-290e999cdfb8', 0, '2026-02-15T11:50:20.728Z') ON CONFLICT (product_id, location_id) DO UPDATE SET quantity = EXCLUDED.quantity;
INSERT INTO stock_ledger (id, product_id, location_id, txn_type, txn_ref, qty_change, qty_after, created_at) VALUES ('d6adae36-5ead-4431-8fc4-49057758dde9', '5ee1e659-db33-491b-a1c1-22d704fb03fc', '70072616-5b58-4c8f-8eff-290e999cdfb8', 'delivery', 'DEL-MMQ6PQNS0215', -41, 0, '2026-02-15T11:50:20.728Z');
INSERT INTO delivery_lines (id, delivery_id, product_id, qty) VALUES ('7c6ff350-fe10-43b6-82ef-3b4ab9c64874', '2aa0281b-3efe-45ac-b0b6-92dd9ed83e77', '4cecf198-08ad-46bf-8f28-3830403c166c', 9);
INSERT INTO stock_levels (id, product_id, location_id, quantity, updated_at) VALUES ('7921c603-99da-4ffc-a796-9ae9874ed89e', '4cecf198-08ad-46bf-8f28-3830403c166c', '03aea7d3-ebec-437b-86c5-48ad21188edc', 0, '2026-02-15T11:50:20.728Z') ON CONFLICT (product_id, location_id) DO UPDATE SET quantity = EXCLUDED.quantity;
INSERT INTO stock_ledger (id, product_id, location_id, txn_type, txn_ref, qty_change, qty_after, created_at) VALUES ('39ef17e0-aec7-4cdc-be1c-9fd5129194cb', '4cecf198-08ad-46bf-8f28-3830403c166c', '03aea7d3-ebec-437b-86c5-48ad21188edc', 'delivery', 'DEL-MMQ6PQNS0216', -9, 0, '2026-02-15T11:50:20.728Z');
INSERT INTO delivery_lines (id, delivery_id, product_id, qty) VALUES ('351dab1e-a04e-40f3-9770-1dfc433f5dcd', '2aa0281b-3efe-45ac-b0b6-92dd9ed83e77', '4cecf198-08ad-46bf-8f28-3830403c166c', 21);
INSERT INTO stock_levels (id, product_id, location_id, quantity, updated_at) VALUES ('93bb35af-629b-4d90-986d-205405db0434', '4cecf198-08ad-46bf-8f28-3830403c166c', '70072616-5b58-4c8f-8eff-290e999cdfb8', 0, '2026-02-15T11:50:20.728Z') ON CONFLICT (product_id, location_id) DO UPDATE SET quantity = EXCLUDED.quantity;
INSERT INTO stock_ledger (id, product_id, location_id, txn_type, txn_ref, qty_change, qty_after, created_at) VALUES ('b61b3f89-de01-4639-9375-8f785c08f90d', '4cecf198-08ad-46bf-8f28-3830403c166c', '70072616-5b58-4c8f-8eff-290e999cdfb8', 'delivery', 'DEL-MMQ6PQNS0217', -21, 0, '2026-02-15T11:50:20.728Z');
INSERT INTO delivery_orders (id, reference, customer_name, warehouse_id, status, created_by, created_at, validated_at) VALUES ('4f777a3f-6415-4075-9a52-9db651a9b161', 'DEL-MMQ6PQNS0218', 'Suhana Logistics Pvt Ltd', '1f3b3627-346d-46e3-b2cb-50eff1cb46f5', 'done', '6525c1b8-27fd-4a44-b30b-9d65c1474f4d', '2026-03-05T01:43:20.728Z', '2026-03-05T01:43:20.728Z');
INSERT INTO delivery_lines (id, delivery_id, product_id, qty) VALUES ('e55916bc-05f4-4832-8c40-40593ca91a1d', '4f777a3f-6415-4075-9a52-9db651a9b161', '77e55e80-d93d-481c-a018-853695be93cd', 24);
INSERT INTO stock_levels (id, product_id, location_id, quantity, updated_at) VALUES ('03288b09-f017-48db-902b-c1a8a9775993', '77e55e80-d93d-481c-a018-853695be93cd', '32e7dce7-4b31-4da9-b31b-1cf593dda08d', 0, '2026-03-05T01:43:20.728Z') ON CONFLICT (product_id, location_id) DO UPDATE SET quantity = EXCLUDED.quantity;
INSERT INTO stock_ledger (id, product_id, location_id, txn_type, txn_ref, qty_change, qty_after, created_at) VALUES ('713d31c1-1423-4422-8966-9b35717ff821', '77e55e80-d93d-481c-a018-853695be93cd', '32e7dce7-4b31-4da9-b31b-1cf593dda08d', 'delivery', 'DEL-MMQ6PQNS0219', -24, 0, '2026-03-05T01:43:20.728Z');
INSERT INTO delivery_lines (id, delivery_id, product_id, qty) VALUES ('ecbb2c15-dbe8-439b-93c6-db1b9a5af983', '4f777a3f-6415-4075-9a52-9db651a9b161', 'bae0590b-d7cc-40d6-b857-fbf7d0c17ae1', 28);
INSERT INTO stock_levels (id, product_id, location_id, quantity, updated_at) VALUES ('e342acc4-ef65-450b-aa4a-c0f16a4af4a3', 'bae0590b-d7cc-40d6-b857-fbf7d0c17ae1', 'aa0bfb79-7358-4643-a1ca-e90eabdee0fd', 69, '2026-03-05T01:43:20.728Z') ON CONFLICT (product_id, location_id) DO UPDATE SET quantity = EXCLUDED.quantity;
INSERT INTO stock_ledger (id, product_id, location_id, txn_type, txn_ref, qty_change, qty_after, created_at) VALUES ('b988628b-1503-4f94-9486-02778ccb9d61', 'bae0590b-d7cc-40d6-b857-fbf7d0c17ae1', 'aa0bfb79-7358-4643-a1ca-e90eabdee0fd', 'delivery', 'DEL-MMQ6PQNS0220', -28, 69, '2026-03-05T01:43:20.728Z');
INSERT INTO delivery_lines (id, delivery_id, product_id, qty) VALUES ('c12e275f-3331-4f32-aa8a-f9fe3c005b55', '4f777a3f-6415-4075-9a52-9db651a9b161', 'bc69d07f-398b-4266-b778-576b070bd779', 36);
INSERT INTO stock_levels (id, product_id, location_id, quantity, updated_at) VALUES ('8258b152-6c32-4dc5-8459-3eb3911be642', 'bc69d07f-398b-4266-b778-576b070bd779', '32e7dce7-4b31-4da9-b31b-1cf593dda08d', 0, '2026-03-05T01:43:20.728Z') ON CONFLICT (product_id, location_id) DO UPDATE SET quantity = EXCLUDED.quantity;
INSERT INTO stock_ledger (id, product_id, location_id, txn_type, txn_ref, qty_change, qty_after, created_at) VALUES ('8e959737-f30b-4d67-8217-8b026cd70a05', 'bc69d07f-398b-4266-b778-576b070bd779', '32e7dce7-4b31-4da9-b31b-1cf593dda08d', 'delivery', 'DEL-MMQ6PQNS0221', -36, 0, '2026-03-05T01:43:20.728Z');
INSERT INTO delivery_orders (id, reference, customer_name, warehouse_id, status, created_by, created_at, validated_at) VALUES ('8892536d-f3c1-4192-8073-a418f497ed4e', 'DEL-MMQ6PQNS0222', 'Myra Logistics Pvt Ltd', '9743ce1f-4993-4882-a2d5-42f901139cb3', 'done', '745385a3-fbf0-4852-8018-daf647656db7', '2026-03-03T02:51:20.728Z', '2026-03-03T02:51:20.728Z');
INSERT INTO delivery_lines (id, delivery_id, product_id, qty) VALUES ('9f099a7b-4275-4256-a35a-22ea7daa2574', '8892536d-f3c1-4192-8073-a418f497ed4e', '2bf7ab0f-c764-4bab-8bfb-c1328e539141', 28);
INSERT INTO stock_levels (id, product_id, location_id, quantity, updated_at) VALUES ('cc989b11-e2b8-4fb0-a20c-f69afef984c3', '2bf7ab0f-c764-4bab-8bfb-c1328e539141', '94ae51e4-66f5-4ca3-ab58-71c577fd7ea7', 0, '2026-03-03T02:51:20.728Z') ON CONFLICT (product_id, location_id) DO UPDATE SET quantity = EXCLUDED.quantity;
INSERT INTO stock_ledger (id, product_id, location_id, txn_type, txn_ref, qty_change, qty_after, created_at) VALUES ('ab020373-2651-4861-9ca1-7cbe6c8b5174', '2bf7ab0f-c764-4bab-8bfb-c1328e539141', '94ae51e4-66f5-4ca3-ab58-71c577fd7ea7', 'delivery', 'DEL-MMQ6PQNS0223', -28, 0, '2026-03-03T02:51:20.728Z');
INSERT INTO delivery_lines (id, delivery_id, product_id, qty) VALUES ('0ee77012-e998-4dc0-a438-5fcbf061586e', '8892536d-f3c1-4192-8073-a418f497ed4e', 'c009c438-fed7-40b0-8cf6-7833258eb0dc', 37);
INSERT INTO stock_levels (id, product_id, location_id, quantity, updated_at) VALUES ('2eb36729-9070-4b5e-85f5-807d7613b12c', 'c009c438-fed7-40b0-8cf6-7833258eb0dc', '94ae51e4-66f5-4ca3-ab58-71c577fd7ea7', 0, '2026-03-03T02:51:20.728Z') ON CONFLICT (product_id, location_id) DO UPDATE SET quantity = EXCLUDED.quantity;
INSERT INTO stock_ledger (id, product_id, location_id, txn_type, txn_ref, qty_change, qty_after, created_at) VALUES ('aa0a7bc6-3ca5-491b-8444-d7b8f8437b7c', 'c009c438-fed7-40b0-8cf6-7833258eb0dc', '94ae51e4-66f5-4ca3-ab58-71c577fd7ea7', 'delivery', 'DEL-MMQ6PQNS0224', -37, 0, '2026-03-03T02:51:20.728Z');
INSERT INTO delivery_lines (id, delivery_id, product_id, qty) VALUES ('6d4e2951-4740-4abf-9108-529564f75937', '8892536d-f3c1-4192-8073-a418f497ed4e', '030e0aff-620e-4a76-82fe-e9cc4484b720', 40);
INSERT INTO stock_levels (id, product_id, location_id, quantity, updated_at) VALUES ('0209ac32-132a-4b94-a4a6-8c7a12a144af', '030e0aff-620e-4a76-82fe-e9cc4484b720', '66930ff7-e2cf-414b-ae08-4577ec2836dd', 0, '2026-03-03T02:51:20.728Z') ON CONFLICT (product_id, location_id) DO UPDATE SET quantity = EXCLUDED.quantity;
INSERT INTO stock_ledger (id, product_id, location_id, txn_type, txn_ref, qty_change, qty_after, created_at) VALUES ('d54f1d6d-5b30-4654-b20c-41ca18d249b0', '030e0aff-620e-4a76-82fe-e9cc4484b720', '66930ff7-e2cf-414b-ae08-4577ec2836dd', 'delivery', 'DEL-MMQ6PQNS0225', -40, 0, '2026-03-03T02:51:20.728Z');
INSERT INTO delivery_orders (id, reference, customer_name, warehouse_id, status, created_by, created_at, validated_at) VALUES ('c5aed503-450b-4b65-8ea6-511598d0c5ba', 'DEL-MMQ6PQNS0226', 'Aisha Solutions Pvt Ltd', '255c9a71-5010-4774-8b7c-415fdd45a213', 'done', '7609277e-2130-422a-be54-c69ea35f3062', '2026-03-11T02:46:20.728Z', '2026-03-11T02:46:20.728Z');
INSERT INTO delivery_lines (id, delivery_id, product_id, qty) VALUES ('11c353b4-1bd1-4f7e-9e1f-781153e3a1af', 'c5aed503-450b-4b65-8ea6-511598d0c5ba', 'c009c438-fed7-40b0-8cf6-7833258eb0dc', 22);
INSERT INTO stock_levels (id, product_id, location_id, quantity, updated_at) VALUES ('7ef466d1-0f8f-4c51-b60f-dfce4b12a215', 'c009c438-fed7-40b0-8cf6-7833258eb0dc', 'a9b3032a-32eb-41ac-ad9b-462d27a72500', 0, '2026-03-11T02:46:20.728Z') ON CONFLICT (product_id, location_id) DO UPDATE SET quantity = EXCLUDED.quantity;
INSERT INTO stock_ledger (id, product_id, location_id, txn_type, txn_ref, qty_change, qty_after, created_at) VALUES ('80d12d94-b234-4009-b9ae-9beaa5abf96e', 'c009c438-fed7-40b0-8cf6-7833258eb0dc', 'a9b3032a-32eb-41ac-ad9b-462d27a72500', 'delivery', 'DEL-MMQ6PQNS0227', -22, 0, '2026-03-11T02:46:20.728Z');
INSERT INTO delivery_lines (id, delivery_id, product_id, qty) VALUES ('9e6e266b-024a-42da-acd8-68dbdb7e66da', 'c5aed503-450b-4b65-8ea6-511598d0c5ba', '055543a7-bf87-4cac-946a-c6d9832c109a', 34);
INSERT INTO stock_levels (id, product_id, location_id, quantity, updated_at) VALUES ('1949ad4d-f1ad-4cc3-a06b-c61d0f87c0ff', '055543a7-bf87-4cac-946a-c6d9832c109a', 'a9b3032a-32eb-41ac-ad9b-462d27a72500', 0, '2026-03-11T02:46:20.728Z') ON CONFLICT (product_id, location_id) DO UPDATE SET quantity = EXCLUDED.quantity;
INSERT INTO stock_ledger (id, product_id, location_id, txn_type, txn_ref, qty_change, qty_after, created_at) VALUES ('88018ac7-a186-4588-9892-074b284e29eb', '055543a7-bf87-4cac-946a-c6d9832c109a', 'a9b3032a-32eb-41ac-ad9b-462d27a72500', 'delivery', 'DEL-MMQ6PQNS0228', -34, 0, '2026-03-11T02:46:20.728Z');
INSERT INTO delivery_orders (id, reference, customer_name, warehouse_id, status, created_by, created_at, validated_at) VALUES ('831b8cf5-937d-435a-b9b0-e6394028b9de', 'DEL-MMQ6PQNS0229', 'Priya Corp Pvt Ltd', '255c9a71-5010-4774-8b7c-415fdd45a213', 'done', '9fef4b74-fd04-4850-a534-430387bebeab', '2026-02-14T15:09:20.728Z', '2026-02-14T15:09:20.728Z');
INSERT INTO delivery_lines (id, delivery_id, product_id, qty) VALUES ('c0e567bf-07e8-4ccd-8199-7b5edd94df93', '831b8cf5-937d-435a-b9b0-e6394028b9de', '2bf7ab0f-c764-4bab-8bfb-c1328e539141', 49);
INSERT INTO stock_levels (id, product_id, location_id, quantity, updated_at) VALUES ('d14816f0-bf22-4110-8dd8-ddc92d5b8610', '2bf7ab0f-c764-4bab-8bfb-c1328e539141', 'cf2c0920-a9e0-411e-bf22-1e2881815ba3', 0, '2026-02-14T15:09:20.728Z') ON CONFLICT (product_id, location_id) DO UPDATE SET quantity = EXCLUDED.quantity;
INSERT INTO stock_ledger (id, product_id, location_id, txn_type, txn_ref, qty_change, qty_after, created_at) VALUES ('04e79524-8639-4283-b485-0bff3f86a4bb', '2bf7ab0f-c764-4bab-8bfb-c1328e539141', 'cf2c0920-a9e0-411e-bf22-1e2881815ba3', 'delivery', 'DEL-MMQ6PQNS0230', -49, 0, '2026-02-14T15:09:20.728Z');
INSERT INTO delivery_orders (id, reference, customer_name, warehouse_id, status, created_by, created_at, validated_at) VALUES ('2ca2da73-f7df-45f8-a8da-8063a7517eed', 'DEL-MMQ6PQNS0231', 'Aadhya Industries Pvt Ltd', '6b08f2ae-f8ff-4471-9e29-66bf15044c71', 'done', '3559524c-09a4-4b96-a97e-c5bc2d49bbb7', '2026-02-16T11:27:20.728Z', '2026-02-16T11:27:20.728Z');
INSERT INTO delivery_lines (id, delivery_id, product_id, qty) VALUES ('a426ce86-b6e7-4df3-ab18-fdc6b6576f63', '2ca2da73-f7df-45f8-a8da-8063a7517eed', '1ca9862f-d128-47f7-bc19-537e7d985236', 18);
INSERT INTO stock_levels (id, product_id, location_id, quantity, updated_at) VALUES ('aef2c649-123d-4114-9fa8-44a92f2dc4e0', '1ca9862f-d128-47f7-bc19-537e7d985236', '03aea7d3-ebec-437b-86c5-48ad21188edc', 0, '2026-02-16T11:27:20.728Z') ON CONFLICT (product_id, location_id) DO UPDATE SET quantity = EXCLUDED.quantity;
INSERT INTO stock_ledger (id, product_id, location_id, txn_type, txn_ref, qty_change, qty_after, created_at) VALUES ('cac0123b-3f55-4866-bfde-a3bf33b5064f', '1ca9862f-d128-47f7-bc19-537e7d985236', '03aea7d3-ebec-437b-86c5-48ad21188edc', 'delivery', 'DEL-MMQ6PQNS0232', -18, 0, '2026-02-16T11:27:20.728Z');
INSERT INTO delivery_orders (id, reference, customer_name, warehouse_id, status, created_by, created_at, validated_at) VALUES ('bba2e997-53c1-410a-9a50-e53f6b30ec89', 'DEL-MMQ6PQNS0233', 'Ananya Enterprises Pvt Ltd', '255c9a71-5010-4774-8b7c-415fdd45a213', 'done', '6c15979c-728c-4fc1-a79e-1cadd1729b4f', '2026-03-02T08:09:20.728Z', '2026-03-02T08:09:20.728Z');
INSERT INTO delivery_lines (id, delivery_id, product_id, qty) VALUES ('3604aa93-5081-4b9d-8d47-7cbf1c5c9d42', 'bba2e997-53c1-410a-9a50-e53f6b30ec89', 'd2b3d8e3-b42d-421c-9486-66bf40968391', 34);
INSERT INTO stock_levels (id, product_id, location_id, quantity, updated_at) VALUES ('9755c0e6-6fe4-4f60-a6ca-444070a478a5', 'd2b3d8e3-b42d-421c-9486-66bf40968391', 'cf2c0920-a9e0-411e-bf22-1e2881815ba3', 0, '2026-03-02T08:09:20.728Z') ON CONFLICT (product_id, location_id) DO UPDATE SET quantity = EXCLUDED.quantity;
INSERT INTO stock_ledger (id, product_id, location_id, txn_type, txn_ref, qty_change, qty_after, created_at) VALUES ('fdf9ffc4-0823-4e20-939f-5f77a41e63da', 'd2b3d8e3-b42d-421c-9486-66bf40968391', 'cf2c0920-a9e0-411e-bf22-1e2881815ba3', 'delivery', 'DEL-MMQ6PQNS0234', -34, 0, '2026-03-02T08:09:20.728Z');
INSERT INTO delivery_orders (id, reference, customer_name, warehouse_id, status, created_by, created_at, validated_at) VALUES ('eafe903e-333e-44a0-b9f7-d6a81259d5fb', 'DEL-MMQ6PQNS0235', 'Karan Solutions Pvt Ltd', '9743ce1f-4993-4882-a2d5-42f901139cb3', 'done', '7609277e-2130-422a-be54-c69ea35f3062', '2026-03-01T14:41:20.728Z', '2026-03-01T14:41:20.728Z');
INSERT INTO delivery_lines (id, delivery_id, product_id, qty) VALUES ('bde9a14e-ffee-4829-8174-afb6e5fec44b', 'eafe903e-333e-44a0-b9f7-d6a81259d5fb', 'f381d105-3cbd-4328-9598-29bd0cd22b65', 47);
INSERT INTO stock_levels (id, product_id, location_id, quantity, updated_at) VALUES ('c567fbeb-a469-4783-99d3-a7668398f540', 'f381d105-3cbd-4328-9598-29bd0cd22b65', '94ae51e4-66f5-4ca3-ab58-71c577fd7ea7', 0, '2026-03-01T14:41:20.728Z') ON CONFLICT (product_id, location_id) DO UPDATE SET quantity = EXCLUDED.quantity;
INSERT INTO stock_ledger (id, product_id, location_id, txn_type, txn_ref, qty_change, qty_after, created_at) VALUES ('fa15af1b-0d30-4e42-b3e6-050a1a02d39c', 'f381d105-3cbd-4328-9598-29bd0cd22b65', '94ae51e4-66f5-4ca3-ab58-71c577fd7ea7', 'delivery', 'DEL-MMQ6PQNS0236', -47, 0, '2026-03-01T14:41:20.728Z');
INSERT INTO delivery_orders (id, reference, customer_name, warehouse_id, status, created_by, created_at, validated_at) VALUES ('470de126-916f-4d42-9240-0efe6b68e455', 'DEL-MMQ6PQNS0237', 'Vivaan Corp Pvt Ltd', '2dcd7c8c-5eb0-4845-97f3-bdb9dd1581f7', 'done', 'def724a2-bc98-407c-9633-503918bfaa1f', '2026-02-20T12:12:20.728Z', '2026-02-20T12:12:20.728Z');
INSERT INTO delivery_lines (id, delivery_id, product_id, qty) VALUES ('641a0714-2491-4bd4-a2d3-4577733444c0', '470de126-916f-4d42-9240-0efe6b68e455', '125e2cad-205c-4313-b17b-2119f96c7523', 7);
INSERT INTO stock_levels (id, product_id, location_id, quantity, updated_at) VALUES ('06f6f822-7a46-4b4d-9380-4daad9b32187', '125e2cad-205c-4313-b17b-2119f96c7523', '377d3890-ca20-4839-9a14-f0a807339209', 0, '2026-02-20T12:12:20.728Z') ON CONFLICT (product_id, location_id) DO UPDATE SET quantity = EXCLUDED.quantity;
INSERT INTO stock_ledger (id, product_id, location_id, txn_type, txn_ref, qty_change, qty_after, created_at) VALUES ('1ed2542c-2f0f-4bdd-a59e-76ee1342f09e', '125e2cad-205c-4313-b17b-2119f96c7523', '377d3890-ca20-4839-9a14-f0a807339209', 'delivery', 'DEL-MMQ6PQNS0238', -7, 0, '2026-02-20T12:12:20.728Z');
INSERT INTO delivery_lines (id, delivery_id, product_id, qty) VALUES ('9df43345-ed5a-4ea1-b3e5-c60f2b13462b', '470de126-916f-4d42-9240-0efe6b68e455', '994eeec5-6ca1-4c11-a020-384270659149', 46);
INSERT INTO stock_levels (id, product_id, location_id, quantity, updated_at) VALUES ('bdce5198-a8a9-4ff2-ac45-e22d55f4d658', '994eeec5-6ca1-4c11-a020-384270659149', '377d3890-ca20-4839-9a14-f0a807339209', 242, '2026-02-20T12:12:20.728Z') ON CONFLICT (product_id, location_id) DO UPDATE SET quantity = EXCLUDED.quantity;
INSERT INTO stock_ledger (id, product_id, location_id, txn_type, txn_ref, qty_change, qty_after, created_at) VALUES ('afa4bd13-03e9-490f-8e0b-190a1a9e867b', '994eeec5-6ca1-4c11-a020-384270659149', '377d3890-ca20-4839-9a14-f0a807339209', 'delivery', 'DEL-MMQ6PQNS0239', -46, 242, '2026-02-20T12:12:20.728Z');
INSERT INTO delivery_lines (id, delivery_id, product_id, qty) VALUES ('a2b24387-e2d6-44d7-ada0-01028ea76f7c', '470de126-916f-4d42-9240-0efe6b68e455', 'bae0590b-d7cc-40d6-b857-fbf7d0c17ae1', 39);
INSERT INTO stock_levels (id, product_id, location_id, quantity, updated_at) VALUES ('9a2c3c60-74ce-416c-92ff-d14e70bf6534', 'bae0590b-d7cc-40d6-b857-fbf7d0c17ae1', '52a0d542-7526-475e-ba69-9eb68de75cda', 0, '2026-02-20T12:12:20.728Z') ON CONFLICT (product_id, location_id) DO UPDATE SET quantity = EXCLUDED.quantity;
INSERT INTO stock_ledger (id, product_id, location_id, txn_type, txn_ref, qty_change, qty_after, created_at) VALUES ('13b07c60-5b76-47b9-a77f-e52c0ef56bfc', 'bae0590b-d7cc-40d6-b857-fbf7d0c17ae1', '52a0d542-7526-475e-ba69-9eb68de75cda', 'delivery', 'DEL-MMQ6PQNS0240', -39, 0, '2026-02-20T12:12:20.728Z');
INSERT INTO delivery_orders (id, reference, customer_name, warehouse_id, status, created_by, created_at, validated_at) VALUES ('134a63ab-b45f-4033-a993-5b039ebed24f', 'DEL-MMQ6PQNS0241', 'Karan Industries Pvt Ltd', '2dcd7c8c-5eb0-4845-97f3-bdb9dd1581f7', 'done', 'de15c0c5-a19a-424a-aa23-0f02f56a9ba6', '2026-02-22T06:17:20.728Z', '2026-02-22T06:17:20.728Z');
INSERT INTO delivery_lines (id, delivery_id, product_id, qty) VALUES ('ba88ffa7-bf91-4b24-9bdf-16cab4e89b92', '134a63ab-b45f-4033-a993-5b039ebed24f', '335d8910-4c05-4cfb-824f-5eba82ecbf57', 16);
INSERT INTO stock_levels (id, product_id, location_id, quantity, updated_at) VALUES ('5693c404-46bd-4a0f-ad9f-24cf56ca95d6', '335d8910-4c05-4cfb-824f-5eba82ecbf57', '377d3890-ca20-4839-9a14-f0a807339209', 0, '2026-02-22T06:17:20.728Z') ON CONFLICT (product_id, location_id) DO UPDATE SET quantity = EXCLUDED.quantity;
INSERT INTO stock_ledger (id, product_id, location_id, txn_type, txn_ref, qty_change, qty_after, created_at) VALUES ('0bef5f5e-771f-40fe-9091-ac2f63dc6615', '335d8910-4c05-4cfb-824f-5eba82ecbf57', '377d3890-ca20-4839-9a14-f0a807339209', 'delivery', 'DEL-MMQ6PQNS0242', -16, 0, '2026-02-22T06:17:20.728Z');
INSERT INTO delivery_lines (id, delivery_id, product_id, qty) VALUES ('7b76167f-65c3-4938-a988-68a071db2a48', '134a63ab-b45f-4033-a993-5b039ebed24f', 'ee1dbb2e-1c80-4938-8f26-fb741deae50b', 31);
INSERT INTO stock_levels (id, product_id, location_id, quantity, updated_at) VALUES ('672e00a3-2a6e-46ed-bc90-ef446b9e99e9', 'ee1dbb2e-1c80-4938-8f26-fb741deae50b', '377d3890-ca20-4839-9a14-f0a807339209', 0, '2026-02-22T06:17:20.728Z') ON CONFLICT (product_id, location_id) DO UPDATE SET quantity = EXCLUDED.quantity;
INSERT INTO stock_ledger (id, product_id, location_id, txn_type, txn_ref, qty_change, qty_after, created_at) VALUES ('fb6204d5-7637-48b6-a854-9c07b6eaaf07', 'ee1dbb2e-1c80-4938-8f26-fb741deae50b', '377d3890-ca20-4839-9a14-f0a807339209', 'delivery', 'DEL-MMQ6PQNS0243', -31, 0, '2026-02-22T06:17:20.728Z');
INSERT INTO delivery_lines (id, delivery_id, product_id, qty) VALUES ('6e93bca6-3cb5-4174-9d83-840f187743ca', '134a63ab-b45f-4033-a993-5b039ebed24f', '5afd699a-66a5-41ae-9e4f-6aba016893c9', 10);
INSERT INTO stock_levels (id, product_id, location_id, quantity, updated_at) VALUES ('13049429-c67a-4726-99d1-6146805673ae', '5afd699a-66a5-41ae-9e4f-6aba016893c9', '377d3890-ca20-4839-9a14-f0a807339209', 0, '2026-02-22T06:17:20.728Z') ON CONFLICT (product_id, location_id) DO UPDATE SET quantity = EXCLUDED.quantity;
INSERT INTO stock_ledger (id, product_id, location_id, txn_type, txn_ref, qty_change, qty_after, created_at) VALUES ('d9bc001d-8f5a-41e5-8340-612138a62547', '5afd699a-66a5-41ae-9e4f-6aba016893c9', '377d3890-ca20-4839-9a14-f0a807339209', 'delivery', 'DEL-MMQ6PQNS0244', -10, 0, '2026-02-22T06:17:20.728Z');
INSERT INTO delivery_orders (id, reference, customer_name, warehouse_id, status, created_by, created_at, validated_at) VALUES ('ff3c646d-33a3-4af9-bc80-342f3a83aa0f', 'DEL-MMQ6PQNS0245', 'Aarav Corp Pvt Ltd', '9743ce1f-4993-4882-a2d5-42f901139cb3', 'draft', '1e59c0e9-7ebd-4102-80fb-b1abaa3d16f6', '2026-02-23T08:59:20.728Z', NULL);
INSERT INTO delivery_lines (id, delivery_id, product_id, qty) VALUES ('0f76a6ea-e6f6-4344-9796-654b37930464', 'ff3c646d-33a3-4af9-bc80-342f3a83aa0f', 'f381d105-3cbd-4328-9598-29bd0cd22b65', 13);
INSERT INTO delivery_lines (id, delivery_id, product_id, qty) VALUES ('e2c2ab8a-526d-4f4e-b09a-c5e3b32ec301', 'ff3c646d-33a3-4af9-bc80-342f3a83aa0f', '055543a7-bf87-4cac-946a-c6d9832c109a', 16);
INSERT INTO delivery_orders (id, reference, customer_name, warehouse_id, status, created_by, created_at, validated_at) VALUES ('68d78a8a-4ed1-406b-8728-f48f4730e767', 'DEL-MMQ6PQNS0246', 'Aisha Corp Pvt Ltd', '2dcd7c8c-5eb0-4845-97f3-bdb9dd1581f7', 'draft', '22d5b928-2450-40b2-9131-1ed029b449c4', '2026-03-13T13:40:20.728Z', NULL);
INSERT INTO delivery_lines (id, delivery_id, product_id, qty) VALUES ('b41454ea-f69a-4e87-b28a-2713b4909d6c', '68d78a8a-4ed1-406b-8728-f48f4730e767', '894d7f03-cb13-4ab2-856e-ce053c948fe5', 34);
INSERT INTO delivery_lines (id, delivery_id, product_id, qty) VALUES ('1276bd7d-ad93-4c7f-97aa-c3216d3df4a0', '68d78a8a-4ed1-406b-8728-f48f4730e767', '5afd699a-66a5-41ae-9e4f-6aba016893c9', 47);
INSERT INTO delivery_lines (id, delivery_id, product_id, qty) VALUES ('703715d5-6ba9-4afe-9dc6-f2fa3970b898', '68d78a8a-4ed1-406b-8728-f48f4730e767', '67a18037-e61f-443d-9abf-c942bd70afa8', 45);
INSERT INTO delivery_orders (id, reference, customer_name, warehouse_id, status, created_by, created_at, validated_at) VALUES ('09806797-b2e4-4da6-bfb4-4ce14211c45c', 'DEL-MMQ6PQNS0247', 'Gauri Logistics Pvt Ltd', '4cb2f979-857e-41cc-9c29-b2c677d3bbbc', 'draft', '22d5b928-2450-40b2-9131-1ed029b449c4', '2026-03-03T12:52:20.728Z', NULL);
INSERT INTO delivery_lines (id, delivery_id, product_id, qty) VALUES ('7ec0d25d-ec6a-4ea9-88a7-c650bd896246', '09806797-b2e4-4da6-bfb4-4ce14211c45c', 'c009c438-fed7-40b0-8cf6-7833258eb0dc', 5);
INSERT INTO delivery_lines (id, delivery_id, product_id, qty) VALUES ('a7e0f910-34da-4ecf-91bf-9e4a30039aa5', '09806797-b2e4-4da6-bfb4-4ce14211c45c', 'fb2050b4-2cd7-445b-a36f-70ce79bb8273', 10);
INSERT INTO delivery_orders (id, reference, customer_name, warehouse_id, status, created_by, created_at, validated_at) VALUES ('3cbaddc3-f903-4561-acf3-a9bba8cd2c68', 'DEL-MMQ6PQNS0248', 'Myra Enterprises Pvt Ltd', '1f3b3627-346d-46e3-b2cb-50eff1cb46f5', 'draft', '843a2ef8-90b0-47e6-9c22-cd9a8ddfa885', '2026-03-02T05:03:20.728Z', NULL);
INSERT INTO delivery_lines (id, delivery_id, product_id, qty) VALUES ('b243cf97-7457-4296-b806-5dd44eb50e53', '3cbaddc3-f903-4561-acf3-a9bba8cd2c68', '3aedcc6c-cc44-4a12-a7ce-7120912e008b', 11);
INSERT INTO delivery_lines (id, delivery_id, product_id, qty) VALUES ('96b95bc2-904d-4846-bcd0-15939a606f1c', '3cbaddc3-f903-4561-acf3-a9bba8cd2c68', '3e2ce3c3-3e37-4268-a410-0cb4fb78e7c1', 27);
INSERT INTO delivery_orders (id, reference, customer_name, warehouse_id, status, created_by, created_at, validated_at) VALUES ('280ed6fd-8815-4449-be40-be59ae7a8d76', 'DEL-MMQ6PQNS0249', 'Dhruv Enterprises Pvt Ltd', '1f3b3627-346d-46e3-b2cb-50eff1cb46f5', 'draft', '4abe7ac2-0eeb-47ba-be3c-c9bc969e4bd1', '2026-02-25T14:19:20.728Z', NULL);
INSERT INTO delivery_lines (id, delivery_id, product_id, qty) VALUES ('e1192581-ca93-47b4-97de-8a75db014ba7', '280ed6fd-8815-4449-be40-be59ae7a8d76', '994eeec5-6ca1-4c11-a020-384270659149', 17);
INSERT INTO delivery_orders (id, reference, customer_name, warehouse_id, status, created_by, created_at, validated_at) VALUES ('21806f20-91a7-4169-89b3-8c52a1216db5', 'DEL-MMQ6PQNS0250', 'Shaurya Corp Pvt Ltd', '9743ce1f-4993-4882-a2d5-42f901139cb3', 'draft', '95d50988-abc9-4f4a-a03f-0386de40da89', '2026-03-11T11:58:20.728Z', NULL);
INSERT INTO delivery_lines (id, delivery_id, product_id, qty) VALUES ('5b767537-b1ec-4722-9aa8-038687eb1574', '21806f20-91a7-4169-89b3-8c52a1216db5', 'a3f90fe5-0d1b-450b-8244-3c931e9c51b4', 21);
INSERT INTO delivery_orders (id, reference, customer_name, warehouse_id, status, created_by, created_at, validated_at) VALUES ('b9c0368c-3293-4039-87e0-418edaea060b', 'DEL-MMQ6PQNS0251', 'Ananya Trading Pvt Ltd', '42c11fda-ae4c-485f-9ba5-17d643b9f9d7', 'ready', 'def724a2-bc98-407c-9633-503918bfaa1f', '2026-03-02T06:45:20.728Z', NULL);
INSERT INTO delivery_lines (id, delivery_id, product_id, qty) VALUES ('521fb690-c7b7-4833-9050-f613f9677d72', 'b9c0368c-3293-4039-87e0-418edaea060b', '67a18037-e61f-443d-9abf-c942bd70afa8', 38);
INSERT INTO delivery_lines (id, delivery_id, product_id, qty) VALUES ('1f512080-8306-45ee-8e00-d29da94f1c95', 'b9c0368c-3293-4039-87e0-418edaea060b', '5ee1e659-db33-491b-a1c1-22d704fb03fc', 12);
INSERT INTO delivery_orders (id, reference, customer_name, warehouse_id, status, created_by, created_at, validated_at) VALUES ('8da8138f-dae1-41ec-a076-bc4e64458f2f', 'DEL-MMQ6PQNS0252', 'Aisha Industries Pvt Ltd', '255c9a71-5010-4774-8b7c-415fdd45a213', 'draft', '0fc6204b-c7fb-4bb4-89f8-b09cda007ad1', '2026-02-26T03:47:20.728Z', NULL);
INSERT INTO delivery_lines (id, delivery_id, product_id, qty) VALUES ('ddb16a2c-adbc-40ca-8cd9-be021aa129df', '8da8138f-dae1-41ec-a076-bc4e64458f2f', '23d55237-5a97-4d59-9ecc-ebd73ad7d5f2', 47);
INSERT INTO delivery_lines (id, delivery_id, product_id, qty) VALUES ('9052ea93-9569-4954-9eb5-5c46b013db7d', '8da8138f-dae1-41ec-a076-bc4e64458f2f', 'bc69d07f-398b-4266-b778-576b070bd779', 41);
INSERT INTO delivery_orders (id, reference, customer_name, warehouse_id, status, created_by, created_at, validated_at) VALUES ('5b04893c-f56f-4165-92e4-fba7c5030f34', 'DEL-MMQ6PQNS0253', 'Riya Solutions Pvt Ltd', '4cb2f979-857e-41cc-9c29-b2c677d3bbbc', 'ready', '83a03042-67f5-458e-be99-a02d92650c39', '2026-02-25T13:49:20.728Z', NULL);
INSERT INTO delivery_lines (id, delivery_id, product_id, qty) VALUES ('cd4b4b5e-f22d-444c-9045-31ddc9e37594', '5b04893c-f56f-4165-92e4-fba7c5030f34', 'd2b7a318-a871-4f4d-a9a4-4a5e20e2c282', 27);
INSERT INTO delivery_lines (id, delivery_id, product_id, qty) VALUES ('458b4a85-3109-484f-8dac-a4545b1c0a44', '5b04893c-f56f-4165-92e4-fba7c5030f34', 'fcbf99fa-d095-44e2-a0c3-bd8a62d49de2', 49);
INSERT INTO delivery_orders (id, reference, customer_name, warehouse_id, status, created_by, created_at, validated_at) VALUES ('ce992fa7-c692-41d4-870c-7349a080132f', 'DEL-MMQ6PQNS0254', 'Aarav Logistics Pvt Ltd', '7b5fba80-1c7c-44d8-b26e-b0eaf8b4f309', 'ready', '119476c5-3048-4c8a-b2b7-2fb24901fbc2', '2026-03-02T03:34:20.728Z', NULL);
INSERT INTO delivery_lines (id, delivery_id, product_id, qty) VALUES ('55e25877-6a80-4865-8a04-71dc83152464', 'ce992fa7-c692-41d4-870c-7349a080132f', '3e2ce3c3-3e37-4268-a410-0cb4fb78e7c1', 21);

-- 10. TRANSFERS & LINES & LEDGER
INSERT INTO internal_transfers (id, reference, from_location, to_location, status, created_by, created_at) VALUES ('0f45811c-f781-4204-97a1-df6e01b8459c', 'TRF-MMQ6PQNS0255', 'a7f81690-7b46-4ad2-968c-1376d93da0e1', 'b0393836-d416-4a6c-a19b-333906829c49', 'done', 'ad750edf-c1ac-4031-adac-3a48f67126dd', '2026-02-26T13:47:20.728Z');
INSERT INTO transfer_lines (id, transfer_id, product_id, qty) VALUES ('7859a7ea-469e-4ca5-8a4e-bd5b51233ac4', '0f45811c-f781-4204-97a1-df6e01b8459c', '6364f679-b2cc-4571-a98f-b170ec1cdfb4', 6);
INSERT INTO stock_levels (id, product_id, location_id, quantity, updated_at) VALUES ('f5819f61-279a-4861-bc10-6dfdf7834b3f', '6364f679-b2cc-4571-a98f-b170ec1cdfb4', 'a7f81690-7b46-4ad2-968c-1376d93da0e1', 0, '2026-02-26T13:47:20.728Z') ON CONFLICT (product_id, location_id) DO UPDATE SET quantity = EXCLUDED.quantity;
INSERT INTO stock_ledger (id, product_id, location_id, txn_type, txn_ref, qty_change, qty_after, created_at) VALUES ('64d15013-c920-4b05-9414-4a4f03678a77', '6364f679-b2cc-4571-a98f-b170ec1cdfb4', 'a7f81690-7b46-4ad2-968c-1376d93da0e1', 'transfer_out', 'TRF-MMQ6PQNS0256', -6, 0, '2026-02-26T13:47:20.728Z');
INSERT INTO stock_levels (id, product_id, location_id, quantity, updated_at) VALUES ('827f1f18-c56e-471c-b840-3b79ed9a8136', '6364f679-b2cc-4571-a98f-b170ec1cdfb4', 'b0393836-d416-4a6c-a19b-333906829c49', 6, '2026-02-26T13:47:20.728Z') ON CONFLICT (product_id, location_id) DO UPDATE SET quantity = EXCLUDED.quantity;
INSERT INTO stock_ledger (id, product_id, location_id, txn_type, txn_ref, qty_change, qty_after, created_at) VALUES ('d4eb8225-674f-40b2-836c-9ece5956195a', '6364f679-b2cc-4571-a98f-b170ec1cdfb4', 'b0393836-d416-4a6c-a19b-333906829c49', 'transfer_in', 'TRF-MMQ6PQNS0257', 6, 6, '2026-02-26T13:47:20.728Z');
INSERT INTO internal_transfers (id, reference, from_location, to_location, status, created_by, created_at) VALUES ('ffdd032f-6a3d-44e5-929e-46818791e9e8', 'TRF-MMQ6PQNS0258', '52052163-13a2-41ae-8522-1ca3ef8337a5', '1576efc7-20bb-4eb1-8b20-f292f265bd4a', 'done', '7c7cc594-72c0-464f-917a-ab5da13a3aa9', '2026-03-04T12:58:20.728Z');
INSERT INTO transfer_lines (id, transfer_id, product_id, qty) VALUES ('e47ef145-1dda-458b-80ed-2d675d842f59', 'ffdd032f-6a3d-44e5-929e-46818791e9e8', 'b2970da4-dbd4-4c34-a193-b8d7915946bb', 15);
INSERT INTO stock_levels (id, product_id, location_id, quantity, updated_at) VALUES ('8d366cd4-9fe9-4666-b40c-632a05452f66', 'b2970da4-dbd4-4c34-a193-b8d7915946bb', '52052163-13a2-41ae-8522-1ca3ef8337a5', 0, '2026-03-04T12:58:20.728Z') ON CONFLICT (product_id, location_id) DO UPDATE SET quantity = EXCLUDED.quantity;
INSERT INTO stock_ledger (id, product_id, location_id, txn_type, txn_ref, qty_change, qty_after, created_at) VALUES ('dfa9c9de-3f2c-4379-9f85-4a11c6aabab5', 'b2970da4-dbd4-4c34-a193-b8d7915946bb', '52052163-13a2-41ae-8522-1ca3ef8337a5', 'transfer_out', 'TRF-MMQ6PQNT0259', -15, 0, '2026-03-04T12:58:20.728Z');
INSERT INTO stock_levels (id, product_id, location_id, quantity, updated_at) VALUES ('31854156-1d04-4daf-a070-3bc439cd94cd', 'b2970da4-dbd4-4c34-a193-b8d7915946bb', '1576efc7-20bb-4eb1-8b20-f292f265bd4a', 15, '2026-03-04T12:58:20.728Z') ON CONFLICT (product_id, location_id) DO UPDATE SET quantity = EXCLUDED.quantity;
INSERT INTO stock_ledger (id, product_id, location_id, txn_type, txn_ref, qty_change, qty_after, created_at) VALUES ('afcc9c44-9fcd-47ef-92c4-e35b3f9136f8', 'b2970da4-dbd4-4c34-a193-b8d7915946bb', '1576efc7-20bb-4eb1-8b20-f292f265bd4a', 'transfer_in', 'TRF-MMQ6PQNT0260', 15, 15, '2026-03-04T12:58:20.728Z');
INSERT INTO transfer_lines (id, transfer_id, product_id, qty) VALUES ('91b99a59-d708-4e30-be49-4683244cc99d', 'ffdd032f-6a3d-44e5-929e-46818791e9e8', '3aedcc6c-cc44-4a12-a7ce-7120912e008b', 20);
INSERT INTO stock_levels (id, product_id, location_id, quantity, updated_at) VALUES ('b8759be5-c4dc-4a52-93a2-dece326cbcfa', '3aedcc6c-cc44-4a12-a7ce-7120912e008b', '52052163-13a2-41ae-8522-1ca3ef8337a5', 0, '2026-03-04T12:58:20.728Z') ON CONFLICT (product_id, location_id) DO UPDATE SET quantity = EXCLUDED.quantity;
INSERT INTO stock_ledger (id, product_id, location_id, txn_type, txn_ref, qty_change, qty_after, created_at) VALUES ('d6965936-2e61-4663-a66a-130a25d8b986', '3aedcc6c-cc44-4a12-a7ce-7120912e008b', '52052163-13a2-41ae-8522-1ca3ef8337a5', 'transfer_out', 'TRF-MMQ6PQNT0261', -20, 0, '2026-03-04T12:58:20.728Z');
INSERT INTO stock_levels (id, product_id, location_id, quantity, updated_at) VALUES ('d303a4d3-83ce-4177-9190-cdc92c8ed00f', '3aedcc6c-cc44-4a12-a7ce-7120912e008b', '1576efc7-20bb-4eb1-8b20-f292f265bd4a', 20, '2026-03-04T12:58:20.728Z') ON CONFLICT (product_id, location_id) DO UPDATE SET quantity = EXCLUDED.quantity;
INSERT INTO stock_ledger (id, product_id, location_id, txn_type, txn_ref, qty_change, qty_after, created_at) VALUES ('5649c89b-0dd3-49d2-b96e-dbb2eddd6a0a', '3aedcc6c-cc44-4a12-a7ce-7120912e008b', '1576efc7-20bb-4eb1-8b20-f292f265bd4a', 'transfer_in', 'TRF-MMQ6PQNT0262', 20, 20, '2026-03-04T12:58:20.728Z');
INSERT INTO internal_transfers (id, reference, from_location, to_location, status, created_by, created_at) VALUES ('daaa8d5d-e1d0-4dff-9bfc-2ba7a829bcd4', 'TRF-MMQ6PQNT0263', 'ad75dfeb-fa23-4eac-8f38-95b9d3b10bd4', '32e7dce7-4b31-4da9-b31b-1cf593dda08d', 'done', '745385a3-fbf0-4852-8018-daf647656db7', '2026-02-24T13:01:20.729Z');
INSERT INTO transfer_lines (id, transfer_id, product_id, qty) VALUES ('a7824d78-afc2-4f4d-8c3d-46f5b069af43', 'daaa8d5d-e1d0-4dff-9bfc-2ba7a829bcd4', 'bc69d07f-398b-4266-b778-576b070bd779', 12);
INSERT INTO stock_levels (id, product_id, location_id, quantity, updated_at) VALUES ('faf29d60-4bb0-4137-a940-ea3d2700aa7a', 'bc69d07f-398b-4266-b778-576b070bd779', 'ad75dfeb-fa23-4eac-8f38-95b9d3b10bd4', 0, '2026-02-24T13:01:20.729Z') ON CONFLICT (product_id, location_id) DO UPDATE SET quantity = EXCLUDED.quantity;
INSERT INTO stock_ledger (id, product_id, location_id, txn_type, txn_ref, qty_change, qty_after, created_at) VALUES ('6bc411fb-cf75-44de-a485-68293c6b4694', 'bc69d07f-398b-4266-b778-576b070bd779', 'ad75dfeb-fa23-4eac-8f38-95b9d3b10bd4', 'transfer_out', 'TRF-MMQ6PQNT0264', -12, 0, '2026-02-24T13:01:20.729Z');
INSERT INTO stock_levels (id, product_id, location_id, quantity, updated_at) VALUES ('30354845-7ffd-4dd9-8bde-3db5f1e7dcfa', 'bc69d07f-398b-4266-b778-576b070bd779', '32e7dce7-4b31-4da9-b31b-1cf593dda08d', 12, '2026-02-24T13:01:20.729Z') ON CONFLICT (product_id, location_id) DO UPDATE SET quantity = EXCLUDED.quantity;
INSERT INTO stock_ledger (id, product_id, location_id, txn_type, txn_ref, qty_change, qty_after, created_at) VALUES ('7e4fa63f-29d2-41eb-a7b5-9d017a061870', 'bc69d07f-398b-4266-b778-576b070bd779', '32e7dce7-4b31-4da9-b31b-1cf593dda08d', 'transfer_in', 'TRF-MMQ6PQNT0265', 12, 12, '2026-02-24T13:01:20.729Z');
INSERT INTO transfer_lines (id, transfer_id, product_id, qty) VALUES ('9b4bacfc-0c66-4525-82da-3853d9861e22', 'daaa8d5d-e1d0-4dff-9bfc-2ba7a829bcd4', '77e55e80-d93d-481c-a018-853695be93cd', 10);
INSERT INTO stock_levels (id, product_id, location_id, quantity, updated_at) VALUES ('22481395-d4ac-4013-9665-a8063aea8f10', '77e55e80-d93d-481c-a018-853695be93cd', 'ad75dfeb-fa23-4eac-8f38-95b9d3b10bd4', 0, '2026-02-24T13:01:20.729Z') ON CONFLICT (product_id, location_id) DO UPDATE SET quantity = EXCLUDED.quantity;
INSERT INTO stock_ledger (id, product_id, location_id, txn_type, txn_ref, qty_change, qty_after, created_at) VALUES ('ad042bfe-1018-4e02-b4a9-7381e0020a6c', '77e55e80-d93d-481c-a018-853695be93cd', 'ad75dfeb-fa23-4eac-8f38-95b9d3b10bd4', 'transfer_out', 'TRF-MMQ6PQNT0266', -10, 0, '2026-02-24T13:01:20.729Z');
INSERT INTO stock_levels (id, product_id, location_id, quantity, updated_at) VALUES ('d979224f-ccbe-4f7e-8502-57e565c0e675', '77e55e80-d93d-481c-a018-853695be93cd', '32e7dce7-4b31-4da9-b31b-1cf593dda08d', 10, '2026-02-24T13:01:20.729Z') ON CONFLICT (product_id, location_id) DO UPDATE SET quantity = EXCLUDED.quantity;
INSERT INTO stock_ledger (id, product_id, location_id, txn_type, txn_ref, qty_change, qty_after, created_at) VALUES ('8e4b1c8d-edf9-4407-ad5c-a3de3dd93234', '77e55e80-d93d-481c-a018-853695be93cd', '32e7dce7-4b31-4da9-b31b-1cf593dda08d', 'transfer_in', 'TRF-MMQ6PQNT0267', 10, 10, '2026-02-24T13:01:20.729Z');
INSERT INTO internal_transfers (id, reference, from_location, to_location, status, created_by, created_at) VALUES ('7ed3379a-84d8-40a9-8ec5-26bd7fffc2a0', 'TRF-MMQ6PQNT0268', '172f236c-b0cc-4a36-bf71-cbb3a6ae6be2', '3486a17a-96ca-4822-80c8-59ad7b37683f', 'done', '8ddb30cf-eeca-4755-8ff0-268bfbad68b7', '2026-03-10T14:03:20.729Z');
INSERT INTO transfer_lines (id, transfer_id, product_id, qty) VALUES ('8b65cba2-6924-4002-8df2-b14fa3bed0d7', '7ed3379a-84d8-40a9-8ec5-26bd7fffc2a0', '77706992-46a5-470a-bbc3-390658ac1579', 20);
INSERT INTO stock_levels (id, product_id, location_id, quantity, updated_at) VALUES ('101e8c76-09de-4a6f-ba26-7398a42341c9', '77706992-46a5-470a-bbc3-390658ac1579', '172f236c-b0cc-4a36-bf71-cbb3a6ae6be2', 0, '2026-03-10T14:03:20.729Z') ON CONFLICT (product_id, location_id) DO UPDATE SET quantity = EXCLUDED.quantity;
INSERT INTO stock_ledger (id, product_id, location_id, txn_type, txn_ref, qty_change, qty_after, created_at) VALUES ('3e3f9a90-79f3-4161-99f7-a378002e6300', '77706992-46a5-470a-bbc3-390658ac1579', '172f236c-b0cc-4a36-bf71-cbb3a6ae6be2', 'transfer_out', 'TRF-MMQ6PQNT0269', -20, 0, '2026-03-10T14:03:20.729Z');
INSERT INTO stock_levels (id, product_id, location_id, quantity, updated_at) VALUES ('816346bb-9786-450e-8f04-2be88a7882db', '77706992-46a5-470a-bbc3-390658ac1579', '3486a17a-96ca-4822-80c8-59ad7b37683f', 20, '2026-03-10T14:03:20.729Z') ON CONFLICT (product_id, location_id) DO UPDATE SET quantity = EXCLUDED.quantity;
INSERT INTO stock_ledger (id, product_id, location_id, txn_type, txn_ref, qty_change, qty_after, created_at) VALUES ('bc0e04a3-15bc-4321-b929-8e7fa0d59219', '77706992-46a5-470a-bbc3-390658ac1579', '3486a17a-96ca-4822-80c8-59ad7b37683f', 'transfer_in', 'TRF-MMQ6PQNT0270', 20, 20, '2026-03-10T14:03:20.729Z');
INSERT INTO transfer_lines (id, transfer_id, product_id, qty) VALUES ('3b75eaf8-649b-4526-b2f9-21e1c0badc56', '7ed3379a-84d8-40a9-8ec5-26bd7fffc2a0', '77706992-46a5-470a-bbc3-390658ac1579', 20);
INSERT INTO stock_levels (id, product_id, location_id, quantity, updated_at) VALUES ('2af6f6ad-ae45-4463-9b1e-abb6a6239244', '77706992-46a5-470a-bbc3-390658ac1579', '172f236c-b0cc-4a36-bf71-cbb3a6ae6be2', 0, '2026-03-10T14:03:20.729Z') ON CONFLICT (product_id, location_id) DO UPDATE SET quantity = EXCLUDED.quantity;
INSERT INTO stock_ledger (id, product_id, location_id, txn_type, txn_ref, qty_change, qty_after, created_at) VALUES ('0936ae95-7b26-4f28-bbe6-8121e8417acc', '77706992-46a5-470a-bbc3-390658ac1579', '172f236c-b0cc-4a36-bf71-cbb3a6ae6be2', 'transfer_out', 'TRF-MMQ6PQNT0271', -20, 0, '2026-03-10T14:03:20.729Z');
INSERT INTO stock_levels (id, product_id, location_id, quantity, updated_at) VALUES ('a6e64e08-b219-4ea5-a22e-88e2afc7d1a1', '77706992-46a5-470a-bbc3-390658ac1579', '3486a17a-96ca-4822-80c8-59ad7b37683f', 40, '2026-03-10T14:03:20.729Z') ON CONFLICT (product_id, location_id) DO UPDATE SET quantity = EXCLUDED.quantity;
INSERT INTO stock_ledger (id, product_id, location_id, txn_type, txn_ref, qty_change, qty_after, created_at) VALUES ('02770189-e0b5-4094-8fcb-0635e2aa0842', '77706992-46a5-470a-bbc3-390658ac1579', '3486a17a-96ca-4822-80c8-59ad7b37683f', 'transfer_in', 'TRF-MMQ6PQNT0272', 20, 40, '2026-03-10T14:03:20.729Z');
INSERT INTO internal_transfers (id, reference, from_location, to_location, status, created_by, created_at) VALUES ('71339f8d-8af8-4f06-b3e4-3b7d806473bf', 'TRF-MMQ6PQNT0273', '458a3bba-af36-4551-941c-cc517827facd', 'd2b6c2b8-93e7-4000-8c2e-f2a57631d60c', 'done', '95d50988-abc9-4f4a-a03f-0386de40da89', '2026-02-24T07:04:20.729Z');
INSERT INTO transfer_lines (id, transfer_id, product_id, qty) VALUES ('32be6495-691a-4805-9b25-75a1963dbdbc', '71339f8d-8af8-4f06-b3e4-3b7d806473bf', '5ee1e659-db33-491b-a1c1-22d704fb03fc', 9);
INSERT INTO stock_levels (id, product_id, location_id, quantity, updated_at) VALUES ('dde6afc0-f837-43cc-a8d7-ddd8b9b3560e', '5ee1e659-db33-491b-a1c1-22d704fb03fc', '458a3bba-af36-4551-941c-cc517827facd', 0, '2026-02-24T07:04:20.729Z') ON CONFLICT (product_id, location_id) DO UPDATE SET quantity = EXCLUDED.quantity;
INSERT INTO stock_ledger (id, product_id, location_id, txn_type, txn_ref, qty_change, qty_after, created_at) VALUES ('8704aa55-dc88-4fcd-a27f-4682cfd2fef5', '5ee1e659-db33-491b-a1c1-22d704fb03fc', '458a3bba-af36-4551-941c-cc517827facd', 'transfer_out', 'TRF-MMQ6PQNT0274', -9, 0, '2026-02-24T07:04:20.729Z');
INSERT INTO stock_levels (id, product_id, location_id, quantity, updated_at) VALUES ('6394c31c-e14f-4b30-85b5-94ad9acec0c8', '5ee1e659-db33-491b-a1c1-22d704fb03fc', 'd2b6c2b8-93e7-4000-8c2e-f2a57631d60c', 9, '2026-02-24T07:04:20.729Z') ON CONFLICT (product_id, location_id) DO UPDATE SET quantity = EXCLUDED.quantity;
INSERT INTO stock_ledger (id, product_id, location_id, txn_type, txn_ref, qty_change, qty_after, created_at) VALUES ('e9f4d157-92ba-4fc6-a69d-20a9254298bc', '5ee1e659-db33-491b-a1c1-22d704fb03fc', 'd2b6c2b8-93e7-4000-8c2e-f2a57631d60c', 'transfer_in', 'TRF-MMQ6PQNT0275', 9, 9, '2026-02-24T07:04:20.729Z');
INSERT INTO internal_transfers (id, reference, from_location, to_location, status, created_by, created_at) VALUES ('f7cd8fe2-78d9-4f98-93d6-9341d9216e22', 'TRF-MMQ6PQNT0276', '746e8269-238f-4fd4-8020-c7acac8a476b', 'aa0bfb79-7358-4643-a1ca-e90eabdee0fd', 'done', '8ddb30cf-eeca-4755-8ff0-268bfbad68b7', '2026-03-03T06:20:20.729Z');
INSERT INTO transfer_lines (id, transfer_id, product_id, qty) VALUES ('12e8e23b-6423-48b7-ac0f-ab42e93ca9d8', 'f7cd8fe2-78d9-4f98-93d6-9341d9216e22', '23d55237-5a97-4d59-9ecc-ebd73ad7d5f2', 5);
INSERT INTO stock_levels (id, product_id, location_id, quantity, updated_at) VALUES ('e864aa2d-fda1-4fd7-810c-bb9be61365ec', '23d55237-5a97-4d59-9ecc-ebd73ad7d5f2', '746e8269-238f-4fd4-8020-c7acac8a476b', 0, '2026-03-03T06:20:20.729Z') ON CONFLICT (product_id, location_id) DO UPDATE SET quantity = EXCLUDED.quantity;
INSERT INTO stock_ledger (id, product_id, location_id, txn_type, txn_ref, qty_change, qty_after, created_at) VALUES ('06e6c020-fb21-440f-864e-bbee1aeaea2a', '23d55237-5a97-4d59-9ecc-ebd73ad7d5f2', '746e8269-238f-4fd4-8020-c7acac8a476b', 'transfer_out', 'TRF-MMQ6PQNT0277', -5, 0, '2026-03-03T06:20:20.729Z');
INSERT INTO stock_levels (id, product_id, location_id, quantity, updated_at) VALUES ('6113110c-663b-42e3-952e-5f48cf3ae49b', '23d55237-5a97-4d59-9ecc-ebd73ad7d5f2', 'aa0bfb79-7358-4643-a1ca-e90eabdee0fd', 5, '2026-03-03T06:20:20.729Z') ON CONFLICT (product_id, location_id) DO UPDATE SET quantity = EXCLUDED.quantity;
INSERT INTO stock_ledger (id, product_id, location_id, txn_type, txn_ref, qty_change, qty_after, created_at) VALUES ('682eeb3c-37e6-4ae4-842b-06d638e97334', '23d55237-5a97-4d59-9ecc-ebd73ad7d5f2', 'aa0bfb79-7358-4643-a1ca-e90eabdee0fd', 'transfer_in', 'TRF-MMQ6PQNT0278', 5, 5, '2026-03-03T06:20:20.729Z');
INSERT INTO transfer_lines (id, transfer_id, product_id, qty) VALUES ('300f0617-e430-4699-a4e1-cfe3ec2310e3', 'f7cd8fe2-78d9-4f98-93d6-9341d9216e22', '055543a7-bf87-4cac-946a-c6d9832c109a', 13);
INSERT INTO stock_levels (id, product_id, location_id, quantity, updated_at) VALUES ('43643a89-3024-4c4b-a5c9-1cb2d2cef33a', '055543a7-bf87-4cac-946a-c6d9832c109a', '746e8269-238f-4fd4-8020-c7acac8a476b', 0, '2026-03-03T06:20:20.729Z') ON CONFLICT (product_id, location_id) DO UPDATE SET quantity = EXCLUDED.quantity;
INSERT INTO stock_ledger (id, product_id, location_id, txn_type, txn_ref, qty_change, qty_after, created_at) VALUES ('cc283d76-95f0-44ab-b7a1-4bb644417ab9', '055543a7-bf87-4cac-946a-c6d9832c109a', '746e8269-238f-4fd4-8020-c7acac8a476b', 'transfer_out', 'TRF-MMQ6PQNT0279', -13, 0, '2026-03-03T06:20:20.729Z');
INSERT INTO stock_levels (id, product_id, location_id, quantity, updated_at) VALUES ('91622c19-4d92-4ba1-84c7-6bbd29821d2f', '055543a7-bf87-4cac-946a-c6d9832c109a', 'aa0bfb79-7358-4643-a1ca-e90eabdee0fd', 13, '2026-03-03T06:20:20.729Z') ON CONFLICT (product_id, location_id) DO UPDATE SET quantity = EXCLUDED.quantity;
INSERT INTO stock_ledger (id, product_id, location_id, txn_type, txn_ref, qty_change, qty_after, created_at) VALUES ('5dc29055-e533-471e-9ea0-d8a180d9ea29', '055543a7-bf87-4cac-946a-c6d9832c109a', 'aa0bfb79-7358-4643-a1ca-e90eabdee0fd', 'transfer_in', 'TRF-MMQ6PQNT0280', 13, 13, '2026-03-03T06:20:20.729Z');
INSERT INTO internal_transfers (id, reference, from_location, to_location, status, created_by, created_at) VALUES ('25a21d41-aae7-43c8-b22b-54c53dd7a442', 'TRF-MMQ6PQNT0281', 'cb052f8a-3399-4f83-81c6-d3ecf432aff2', '1389579d-d85b-45b3-8ace-4ab7bcbef648', 'done', '45130999-48e2-4b7d-bc3c-a0dac3e113d6', '2026-03-13T03:47:20.729Z');
INSERT INTO transfer_lines (id, transfer_id, product_id, qty) VALUES ('fe6142e7-e684-4d1f-9f44-78a04262edf7', '25a21d41-aae7-43c8-b22b-54c53dd7a442', '055543a7-bf87-4cac-946a-c6d9832c109a', 6);
INSERT INTO stock_levels (id, product_id, location_id, quantity, updated_at) VALUES ('ef7d3951-8c61-437c-ae3a-c4c4a8b5e4db', '055543a7-bf87-4cac-946a-c6d9832c109a', 'cb052f8a-3399-4f83-81c6-d3ecf432aff2', 0, '2026-03-13T03:47:20.729Z') ON CONFLICT (product_id, location_id) DO UPDATE SET quantity = EXCLUDED.quantity;
INSERT INTO stock_ledger (id, product_id, location_id, txn_type, txn_ref, qty_change, qty_after, created_at) VALUES ('cfbd8223-48c5-4cd8-b2d0-52ceceaabd9c', '055543a7-bf87-4cac-946a-c6d9832c109a', 'cb052f8a-3399-4f83-81c6-d3ecf432aff2', 'transfer_out', 'TRF-MMQ6PQNT0282', -6, 0, '2026-03-13T03:47:20.729Z');
INSERT INTO stock_levels (id, product_id, location_id, quantity, updated_at) VALUES ('f5c94560-0ac3-4b5f-af37-9132e8c0d876', '055543a7-bf87-4cac-946a-c6d9832c109a', '1389579d-d85b-45b3-8ace-4ab7bcbef648', 6, '2026-03-13T03:47:20.729Z') ON CONFLICT (product_id, location_id) DO UPDATE SET quantity = EXCLUDED.quantity;
INSERT INTO stock_ledger (id, product_id, location_id, txn_type, txn_ref, qty_change, qty_after, created_at) VALUES ('c44ccaae-c19d-4748-b4e2-20be22f5d035', '055543a7-bf87-4cac-946a-c6d9832c109a', '1389579d-d85b-45b3-8ace-4ab7bcbef648', 'transfer_in', 'TRF-MMQ6PQNT0283', 6, 6, '2026-03-13T03:47:20.729Z');
INSERT INTO transfer_lines (id, transfer_id, product_id, qty) VALUES ('223d9e4b-d8e7-41c2-aab9-daf197eeeac2', '25a21d41-aae7-43c8-b22b-54c53dd7a442', '6364f679-b2cc-4571-a98f-b170ec1cdfb4', 19);
INSERT INTO stock_levels (id, product_id, location_id, quantity, updated_at) VALUES ('c73f9a02-b74f-4337-abba-e5f412fa0743', '6364f679-b2cc-4571-a98f-b170ec1cdfb4', 'cb052f8a-3399-4f83-81c6-d3ecf432aff2', 0, '2026-03-13T03:47:20.729Z') ON CONFLICT (product_id, location_id) DO UPDATE SET quantity = EXCLUDED.quantity;
INSERT INTO stock_ledger (id, product_id, location_id, txn_type, txn_ref, qty_change, qty_after, created_at) VALUES ('acbdad3f-3d2d-4517-a4e1-01eaf0c32c12', '6364f679-b2cc-4571-a98f-b170ec1cdfb4', 'cb052f8a-3399-4f83-81c6-d3ecf432aff2', 'transfer_out', 'TRF-MMQ6PQNT0284', -19, 0, '2026-03-13T03:47:20.729Z');
INSERT INTO stock_levels (id, product_id, location_id, quantity, updated_at) VALUES ('3d0e310b-b86a-4248-9f88-d6d9e497d941', '6364f679-b2cc-4571-a98f-b170ec1cdfb4', '1389579d-d85b-45b3-8ace-4ab7bcbef648', 19, '2026-03-13T03:47:20.729Z') ON CONFLICT (product_id, location_id) DO UPDATE SET quantity = EXCLUDED.quantity;
INSERT INTO stock_ledger (id, product_id, location_id, txn_type, txn_ref, qty_change, qty_after, created_at) VALUES ('9089992b-80fe-4cf0-b9c1-16af34c0ed32', '6364f679-b2cc-4571-a98f-b170ec1cdfb4', '1389579d-d85b-45b3-8ace-4ab7bcbef648', 'transfer_in', 'TRF-MMQ6PQNT0285', 19, 19, '2026-03-13T03:47:20.729Z');
INSERT INTO internal_transfers (id, reference, from_location, to_location, status, created_by, created_at) VALUES ('321ede2d-8537-4ded-82be-baa195e96e51', 'TRF-MMQ6PQNT0286', '34b29f53-0e00-4a1a-bb3c-11012804ce72', 'ad75dfeb-fa23-4eac-8f38-95b9d3b10bd4', 'done', 'ad750edf-c1ac-4031-adac-3a48f67126dd', '2026-02-22T03:05:20.729Z');
INSERT INTO transfer_lines (id, transfer_id, product_id, qty) VALUES ('684fe522-26bb-4409-a413-c9ef223e2f1e', '321ede2d-8537-4ded-82be-baa195e96e51', 'f381d105-3cbd-4328-9598-29bd0cd22b65', 18);
INSERT INTO stock_levels (id, product_id, location_id, quantity, updated_at) VALUES ('0b8637d5-d059-4425-a727-4b12429e6c57', 'f381d105-3cbd-4328-9598-29bd0cd22b65', '34b29f53-0e00-4a1a-bb3c-11012804ce72', 0, '2026-02-22T03:05:20.729Z') ON CONFLICT (product_id, location_id) DO UPDATE SET quantity = EXCLUDED.quantity;
INSERT INTO stock_ledger (id, product_id, location_id, txn_type, txn_ref, qty_change, qty_after, created_at) VALUES ('9ac133ef-f6d4-4797-9c09-1d48d9590fe5', 'f381d105-3cbd-4328-9598-29bd0cd22b65', '34b29f53-0e00-4a1a-bb3c-11012804ce72', 'transfer_out', 'TRF-MMQ6PQNT0287', -18, 0, '2026-02-22T03:05:20.729Z');
INSERT INTO stock_levels (id, product_id, location_id, quantity, updated_at) VALUES ('742f799e-f346-43c5-8513-e5dbd1911a87', 'f381d105-3cbd-4328-9598-29bd0cd22b65', 'ad75dfeb-fa23-4eac-8f38-95b9d3b10bd4', 18, '2026-02-22T03:05:20.729Z') ON CONFLICT (product_id, location_id) DO UPDATE SET quantity = EXCLUDED.quantity;
INSERT INTO stock_ledger (id, product_id, location_id, txn_type, txn_ref, qty_change, qty_after, created_at) VALUES ('975310ac-72ed-4652-8c61-ef8c3fbc3ffd', 'f381d105-3cbd-4328-9598-29bd0cd22b65', 'ad75dfeb-fa23-4eac-8f38-95b9d3b10bd4', 'transfer_in', 'TRF-MMQ6PQNT0288', 18, 18, '2026-02-22T03:05:20.729Z');
INSERT INTO internal_transfers (id, reference, from_location, to_location, status, created_by, created_at) VALUES ('89742d29-d192-4143-a874-0389ae966936', 'TRF-MMQ6PQNT0289', '3852a7b3-f655-4f16-8d61-f31e8a182483', '172f236c-b0cc-4a36-bf71-cbb3a6ae6be2', 'done', 'd637f74a-2233-49ca-9c50-da7bd039fc13', '2026-02-25T11:06:20.729Z');
INSERT INTO transfer_lines (id, transfer_id, product_id, qty) VALUES ('316dbc00-e0b8-4913-ade5-926fff66b7ad', '89742d29-d192-4143-a874-0389ae966936', 'b2970da4-dbd4-4c34-a193-b8d7915946bb', 4);
INSERT INTO stock_levels (id, product_id, location_id, quantity, updated_at) VALUES ('5dbad6f7-05d2-4bdb-8c42-104f8a0146da', 'b2970da4-dbd4-4c34-a193-b8d7915946bb', '3852a7b3-f655-4f16-8d61-f31e8a182483', 0, '2026-02-25T11:06:20.729Z') ON CONFLICT (product_id, location_id) DO UPDATE SET quantity = EXCLUDED.quantity;
INSERT INTO stock_ledger (id, product_id, location_id, txn_type, txn_ref, qty_change, qty_after, created_at) VALUES ('64277557-1b69-49f9-80c3-aaa8bdc7b7c1', 'b2970da4-dbd4-4c34-a193-b8d7915946bb', '3852a7b3-f655-4f16-8d61-f31e8a182483', 'transfer_out', 'TRF-MMQ6PQNT0290', -4, 0, '2026-02-25T11:06:20.729Z');
INSERT INTO stock_levels (id, product_id, location_id, quantity, updated_at) VALUES ('980fc184-0474-4018-b81c-f10725791643', 'b2970da4-dbd4-4c34-a193-b8d7915946bb', '172f236c-b0cc-4a36-bf71-cbb3a6ae6be2', 4, '2026-02-25T11:06:20.729Z') ON CONFLICT (product_id, location_id) DO UPDATE SET quantity = EXCLUDED.quantity;
INSERT INTO stock_ledger (id, product_id, location_id, txn_type, txn_ref, qty_change, qty_after, created_at) VALUES ('cbc3fa08-3c3c-4c24-a2bc-f98def1fd2e7', 'b2970da4-dbd4-4c34-a193-b8d7915946bb', '172f236c-b0cc-4a36-bf71-cbb3a6ae6be2', 'transfer_in', 'TRF-MMQ6PQNT0291', 4, 4, '2026-02-25T11:06:20.729Z');
INSERT INTO internal_transfers (id, reference, from_location, to_location, status, created_by, created_at) VALUES ('ecdd0ac8-593c-406d-9abf-f4580244584f', 'TRF-MMQ6PQNT0292', '94ae51e4-66f5-4ca3-ab58-71c577fd7ea7', '70072616-5b58-4c8f-8eff-290e999cdfb8', 'done', '6c15979c-728c-4fc1-a79e-1cadd1729b4f', '2026-02-28T04:28:20.729Z');
INSERT INTO transfer_lines (id, transfer_id, product_id, qty) VALUES ('9e9a9689-0095-4a69-a8f5-52d1b92d976b', 'ecdd0ac8-593c-406d-9abf-f4580244584f', 'd2b3d8e3-b42d-421c-9486-66bf40968391', 17);
INSERT INTO stock_levels (id, product_id, location_id, quantity, updated_at) VALUES ('2bab727b-711f-45f0-8593-649d725cf58f', 'd2b3d8e3-b42d-421c-9486-66bf40968391', '94ae51e4-66f5-4ca3-ab58-71c577fd7ea7', 0, '2026-02-28T04:28:20.729Z') ON CONFLICT (product_id, location_id) DO UPDATE SET quantity = EXCLUDED.quantity;
INSERT INTO stock_ledger (id, product_id, location_id, txn_type, txn_ref, qty_change, qty_after, created_at) VALUES ('ac929956-da55-408b-b18b-3574554d9f96', 'd2b3d8e3-b42d-421c-9486-66bf40968391', '94ae51e4-66f5-4ca3-ab58-71c577fd7ea7', 'transfer_out', 'TRF-MMQ6PQNT0293', -17, 0, '2026-02-28T04:28:20.729Z');
INSERT INTO stock_levels (id, product_id, location_id, quantity, updated_at) VALUES ('36315cdc-1595-45a9-9a90-80169c024aae', 'd2b3d8e3-b42d-421c-9486-66bf40968391', '70072616-5b58-4c8f-8eff-290e999cdfb8', 17, '2026-02-28T04:28:20.729Z') ON CONFLICT (product_id, location_id) DO UPDATE SET quantity = EXCLUDED.quantity;
INSERT INTO stock_ledger (id, product_id, location_id, txn_type, txn_ref, qty_change, qty_after, created_at) VALUES ('9634c78e-080d-455a-8612-b7ef16845822', 'd2b3d8e3-b42d-421c-9486-66bf40968391', '70072616-5b58-4c8f-8eff-290e999cdfb8', 'transfer_in', 'TRF-MMQ6PQNT0294', 17, 17, '2026-02-28T04:28:20.729Z');
INSERT INTO internal_transfers (id, reference, from_location, to_location, status, created_by, created_at) VALUES ('2ebcfe1c-0f76-47ff-8bae-968900054e9e', 'TRF-MMQ6PQNT0295', '172f236c-b0cc-4a36-bf71-cbb3a6ae6be2', '3486a17a-96ca-4822-80c8-59ad7b37683f', 'done', '86492b60-f8fc-42a3-a8ed-8a1a74b43393', '2026-03-03T04:19:20.729Z');
INSERT INTO transfer_lines (id, transfer_id, product_id, qty) VALUES ('eaeb7dde-e9ca-4ab4-938f-c34bfc366717', '2ebcfe1c-0f76-47ff-8bae-968900054e9e', '67a18037-e61f-443d-9abf-c942bd70afa8', 10);
INSERT INTO stock_levels (id, product_id, location_id, quantity, updated_at) VALUES ('8fc60278-e906-4f79-ba16-6d892e004804', '67a18037-e61f-443d-9abf-c942bd70afa8', '172f236c-b0cc-4a36-bf71-cbb3a6ae6be2', 0, '2026-03-03T04:19:20.729Z') ON CONFLICT (product_id, location_id) DO UPDATE SET quantity = EXCLUDED.quantity;
INSERT INTO stock_ledger (id, product_id, location_id, txn_type, txn_ref, qty_change, qty_after, created_at) VALUES ('79e1b18f-c332-4043-9a40-d7893daa572f', '67a18037-e61f-443d-9abf-c942bd70afa8', '172f236c-b0cc-4a36-bf71-cbb3a6ae6be2', 'transfer_out', 'TRF-MMQ6PQNT0296', -10, 0, '2026-03-03T04:19:20.729Z');
INSERT INTO stock_levels (id, product_id, location_id, quantity, updated_at) VALUES ('57931043-29cb-4ec7-81dc-75b95c226124', '67a18037-e61f-443d-9abf-c942bd70afa8', '3486a17a-96ca-4822-80c8-59ad7b37683f', 10, '2026-03-03T04:19:20.729Z') ON CONFLICT (product_id, location_id) DO UPDATE SET quantity = EXCLUDED.quantity;
INSERT INTO stock_ledger (id, product_id, location_id, txn_type, txn_ref, qty_change, qty_after, created_at) VALUES ('11cb7c9b-fa61-4210-9da4-68aca80932fb', '67a18037-e61f-443d-9abf-c942bd70afa8', '3486a17a-96ca-4822-80c8-59ad7b37683f', 'transfer_in', 'TRF-MMQ6PQNT0297', 10, 10, '2026-03-03T04:19:20.729Z');
INSERT INTO internal_transfers (id, reference, from_location, to_location, status, created_by, created_at) VALUES ('c97d6843-a36c-4ade-8a80-cb8ffa608847', 'TRF-MMQ6PQNT0298', 'ffdfb574-d3a1-46cd-ad3b-3563c7480673', '1050eaeb-bc5f-4e04-89ac-902a7a79622a', 'done', '590049cb-4666-47f7-a73e-7be69fcbdb71', '2026-03-09T00:40:20.729Z');
INSERT INTO transfer_lines (id, transfer_id, product_id, qty) VALUES ('a270e976-dcad-4159-abb4-ca95da088ca5', 'c97d6843-a36c-4ade-8a80-cb8ffa608847', 'c009c438-fed7-40b0-8cf6-7833258eb0dc', 3);
INSERT INTO stock_levels (id, product_id, location_id, quantity, updated_at) VALUES ('6de40b45-7e78-49fe-bc5e-bf972585ca9b', 'c009c438-fed7-40b0-8cf6-7833258eb0dc', 'ffdfb574-d3a1-46cd-ad3b-3563c7480673', 0, '2026-03-09T00:40:20.729Z') ON CONFLICT (product_id, location_id) DO UPDATE SET quantity = EXCLUDED.quantity;
INSERT INTO stock_ledger (id, product_id, location_id, txn_type, txn_ref, qty_change, qty_after, created_at) VALUES ('8e3d3e73-34e7-4e73-98ca-69366267f58e', 'c009c438-fed7-40b0-8cf6-7833258eb0dc', 'ffdfb574-d3a1-46cd-ad3b-3563c7480673', 'transfer_out', 'TRF-MMQ6PQNT0299', -3, 0, '2026-03-09T00:40:20.729Z');
INSERT INTO stock_levels (id, product_id, location_id, quantity, updated_at) VALUES ('c038ea77-9f0e-4f80-be44-ae468f39a1df', 'c009c438-fed7-40b0-8cf6-7833258eb0dc', '1050eaeb-bc5f-4e04-89ac-902a7a79622a', 222, '2026-03-09T00:40:20.729Z') ON CONFLICT (product_id, location_id) DO UPDATE SET quantity = EXCLUDED.quantity;
INSERT INTO stock_ledger (id, product_id, location_id, txn_type, txn_ref, qty_change, qty_after, created_at) VALUES ('f252eba5-7fe4-4358-952c-6af61fcbeb71', 'c009c438-fed7-40b0-8cf6-7833258eb0dc', '1050eaeb-bc5f-4e04-89ac-902a7a79622a', 'transfer_in', 'TRF-MMQ6PQNT0300', 3, 222, '2026-03-09T00:40:20.729Z');
INSERT INTO transfer_lines (id, transfer_id, product_id, qty) VALUES ('7120296f-5ca3-4a5a-9eb7-15637cb6427c', 'c97d6843-a36c-4ade-8a80-cb8ffa608847', 'd2b7a318-a871-4f4d-a9a4-4a5e20e2c282', 5);
INSERT INTO stock_levels (id, product_id, location_id, quantity, updated_at) VALUES ('c969e791-5bba-4c3a-bfc1-5b6601c7d0f7', 'd2b7a318-a871-4f4d-a9a4-4a5e20e2c282', 'ffdfb574-d3a1-46cd-ad3b-3563c7480673', 0, '2026-03-09T00:40:20.729Z') ON CONFLICT (product_id, location_id) DO UPDATE SET quantity = EXCLUDED.quantity;
INSERT INTO stock_ledger (id, product_id, location_id, txn_type, txn_ref, qty_change, qty_after, created_at) VALUES ('910d1ca7-9158-4e2f-8b22-90e9baf21400', 'd2b7a318-a871-4f4d-a9a4-4a5e20e2c282', 'ffdfb574-d3a1-46cd-ad3b-3563c7480673', 'transfer_out', 'TRF-MMQ6PQNT0301', -5, 0, '2026-03-09T00:40:20.729Z');
INSERT INTO stock_levels (id, product_id, location_id, quantity, updated_at) VALUES ('fb08a374-7e88-48bd-982e-727969dcf444', 'd2b7a318-a871-4f4d-a9a4-4a5e20e2c282', '1050eaeb-bc5f-4e04-89ac-902a7a79622a', 5, '2026-03-09T00:40:20.729Z') ON CONFLICT (product_id, location_id) DO UPDATE SET quantity = EXCLUDED.quantity;
INSERT INTO stock_ledger (id, product_id, location_id, txn_type, txn_ref, qty_change, qty_after, created_at) VALUES ('9a26c0d4-2199-4949-b7d9-05fc6e674fc4', 'd2b7a318-a871-4f4d-a9a4-4a5e20e2c282', '1050eaeb-bc5f-4e04-89ac-902a7a79622a', 'transfer_in', 'TRF-MMQ6PQNT0302', 5, 5, '2026-03-09T00:40:20.729Z');
INSERT INTO internal_transfers (id, reference, from_location, to_location, status, created_by, created_at) VALUES ('8574fef3-da7b-4f8b-a8a3-eda6abe9a0e8', 'TRF-MMQ6PQNT0303', 'cb052f8a-3399-4f83-81c6-d3ecf432aff2', 'aa26af2f-9b28-4543-a9f2-c67bf33072d2', 'done', 'de15c0c5-a19a-424a-aa23-0f02f56a9ba6', '2026-03-06T01:28:20.729Z');
INSERT INTO transfer_lines (id, transfer_id, product_id, qty) VALUES ('da022e9b-2a36-4b5b-8050-a576661a1b8a', '8574fef3-da7b-4f8b-a8a3-eda6abe9a0e8', '4cecf198-08ad-46bf-8f28-3830403c166c', 6);
INSERT INTO stock_levels (id, product_id, location_id, quantity, updated_at) VALUES ('46fec976-966a-46ff-8ec0-3f078f16da22', '4cecf198-08ad-46bf-8f28-3830403c166c', 'cb052f8a-3399-4f83-81c6-d3ecf432aff2', 0, '2026-03-06T01:28:20.729Z') ON CONFLICT (product_id, location_id) DO UPDATE SET quantity = EXCLUDED.quantity;
INSERT INTO stock_ledger (id, product_id, location_id, txn_type, txn_ref, qty_change, qty_after, created_at) VALUES ('6ff99093-593a-497c-b8a8-4f812c0ba24b', '4cecf198-08ad-46bf-8f28-3830403c166c', 'cb052f8a-3399-4f83-81c6-d3ecf432aff2', 'transfer_out', 'TRF-MMQ6PQNT0304', -6, 0, '2026-03-06T01:28:20.729Z');
INSERT INTO stock_levels (id, product_id, location_id, quantity, updated_at) VALUES ('6dad75ee-57d5-4736-aada-f5b9bdf1e5bb', '4cecf198-08ad-46bf-8f28-3830403c166c', 'aa26af2f-9b28-4543-a9f2-c67bf33072d2', 6, '2026-03-06T01:28:20.729Z') ON CONFLICT (product_id, location_id) DO UPDATE SET quantity = EXCLUDED.quantity;
INSERT INTO stock_ledger (id, product_id, location_id, txn_type, txn_ref, qty_change, qty_after, created_at) VALUES ('6a8ec95f-c17b-4699-a6f8-31a68db2a4dc', '4cecf198-08ad-46bf-8f28-3830403c166c', 'aa26af2f-9b28-4543-a9f2-c67bf33072d2', 'transfer_in', 'TRF-MMQ6PQNT0305', 6, 6, '2026-03-06T01:28:20.729Z');
INSERT INTO internal_transfers (id, reference, from_location, to_location, status, created_by, created_at) VALUES ('b3eb9f78-2fef-429c-a19f-12c8043582d7', 'TRF-MMQ6PQNT0306', 'e0e9c369-4809-477a-8ad6-b175af3ec874', 'a235b113-5d3d-49d4-a203-d32f04eb0032', 'done', 'ad750edf-c1ac-4031-adac-3a48f67126dd', '2026-03-01T06:52:20.729Z');
INSERT INTO transfer_lines (id, transfer_id, product_id, qty) VALUES ('46609c93-1e0b-459b-965b-b454f0a18738', 'b3eb9f78-2fef-429c-a19f-12c8043582d7', '1fd13a42-e0d4-4b37-871d-913dc1e7bdb4', 19);
INSERT INTO stock_levels (id, product_id, location_id, quantity, updated_at) VALUES ('6b189d7c-a701-424b-88be-35bf69cf790f', '1fd13a42-e0d4-4b37-871d-913dc1e7bdb4', 'e0e9c369-4809-477a-8ad6-b175af3ec874', 0, '2026-03-01T06:52:20.729Z') ON CONFLICT (product_id, location_id) DO UPDATE SET quantity = EXCLUDED.quantity;
INSERT INTO stock_ledger (id, product_id, location_id, txn_type, txn_ref, qty_change, qty_after, created_at) VALUES ('1460dfb2-b8c3-49c8-808f-ba02492167d1', '1fd13a42-e0d4-4b37-871d-913dc1e7bdb4', 'e0e9c369-4809-477a-8ad6-b175af3ec874', 'transfer_out', 'TRF-MMQ6PQNT0307', -19, 0, '2026-03-01T06:52:20.729Z');
INSERT INTO stock_levels (id, product_id, location_id, quantity, updated_at) VALUES ('bdbc8617-753f-4b05-9708-0f608bc7895f', '1fd13a42-e0d4-4b37-871d-913dc1e7bdb4', 'a235b113-5d3d-49d4-a203-d32f04eb0032', 19, '2026-03-01T06:52:20.729Z') ON CONFLICT (product_id, location_id) DO UPDATE SET quantity = EXCLUDED.quantity;
INSERT INTO stock_ledger (id, product_id, location_id, txn_type, txn_ref, qty_change, qty_after, created_at) VALUES ('9ed52c9e-e234-4f65-9467-fe70cb5bb656', '1fd13a42-e0d4-4b37-871d-913dc1e7bdb4', 'a235b113-5d3d-49d4-a203-d32f04eb0032', 'transfer_in', 'TRF-MMQ6PQNT0308', 19, 19, '2026-03-01T06:52:20.729Z');
INSERT INTO internal_transfers (id, reference, from_location, to_location, status, created_by, created_at) VALUES ('720e8cac-8149-4d75-af0e-1bd736cf6383', 'TRF-MMQ6PQNT0309', '8e520804-271c-442c-aaf9-523920cd3ac1', 'a1cab631-22d0-463e-bf9b-71ecd48a580c', 'done', '6c15979c-728c-4fc1-a79e-1cadd1729b4f', '2026-03-09T04:25:20.729Z');
INSERT INTO transfer_lines (id, transfer_id, product_id, qty) VALUES ('1df61c66-b51c-4b69-bb19-917a92afb869', '720e8cac-8149-4d75-af0e-1bd736cf6383', '055543a7-bf87-4cac-946a-c6d9832c109a', 17);
INSERT INTO stock_levels (id, product_id, location_id, quantity, updated_at) VALUES ('64e726c4-6050-46d1-a75b-74872fbee87c', '055543a7-bf87-4cac-946a-c6d9832c109a', '8e520804-271c-442c-aaf9-523920cd3ac1', 0, '2026-03-09T04:25:20.729Z') ON CONFLICT (product_id, location_id) DO UPDATE SET quantity = EXCLUDED.quantity;
INSERT INTO stock_ledger (id, product_id, location_id, txn_type, txn_ref, qty_change, qty_after, created_at) VALUES ('13f71da3-7206-4ed2-b42c-313aad03d80d', '055543a7-bf87-4cac-946a-c6d9832c109a', '8e520804-271c-442c-aaf9-523920cd3ac1', 'transfer_out', 'TRF-MMQ6PQNT0310', -17, 0, '2026-03-09T04:25:20.729Z');
INSERT INTO stock_levels (id, product_id, location_id, quantity, updated_at) VALUES ('0ee9553f-d341-4c16-9981-e7e07e96c815', '055543a7-bf87-4cac-946a-c6d9832c109a', 'a1cab631-22d0-463e-bf9b-71ecd48a580c', 17, '2026-03-09T04:25:20.729Z') ON CONFLICT (product_id, location_id) DO UPDATE SET quantity = EXCLUDED.quantity;
INSERT INTO stock_ledger (id, product_id, location_id, txn_type, txn_ref, qty_change, qty_after, created_at) VALUES ('571f1e2b-11ee-4a77-8229-4a1ba81a8923', '055543a7-bf87-4cac-946a-c6d9832c109a', 'a1cab631-22d0-463e-bf9b-71ecd48a580c', 'transfer_in', 'TRF-MMQ6PQNT0311', 17, 17, '2026-03-09T04:25:20.729Z');
INSERT INTO internal_transfers (id, reference, from_location, to_location, status, created_by, created_at) VALUES ('15366bc3-890e-4fb6-8294-e4e93e22dba8', 'TRF-MMQ6PQNT0312', '458a3bba-af36-4551-941c-cc517827facd', '23514c14-16d8-4d7a-b8ed-1935e60f3e81', 'done', '9525d2a6-7a6f-4af7-af54-1710679a1930', '2026-02-24T09:29:20.729Z');
INSERT INTO transfer_lines (id, transfer_id, product_id, qty) VALUES ('736b460b-3526-4af4-9b56-e3b4a18938a1', '15366bc3-890e-4fb6-8294-e4e93e22dba8', 'a3f90fe5-0d1b-450b-8244-3c931e9c51b4', 2);
INSERT INTO stock_levels (id, product_id, location_id, quantity, updated_at) VALUES ('167489ff-5133-4eae-b9a7-0c0988972a73', 'a3f90fe5-0d1b-450b-8244-3c931e9c51b4', '458a3bba-af36-4551-941c-cc517827facd', 0, '2026-02-24T09:29:20.729Z') ON CONFLICT (product_id, location_id) DO UPDATE SET quantity = EXCLUDED.quantity;
INSERT INTO stock_ledger (id, product_id, location_id, txn_type, txn_ref, qty_change, qty_after, created_at) VALUES ('64052ef2-7856-4c66-aaf2-fb639e0aa469', 'a3f90fe5-0d1b-450b-8244-3c931e9c51b4', '458a3bba-af36-4551-941c-cc517827facd', 'transfer_out', 'TRF-MMQ6PQNT0313', -2, 0, '2026-02-24T09:29:20.729Z');
INSERT INTO stock_levels (id, product_id, location_id, quantity, updated_at) VALUES ('78687345-c957-4bdd-adc2-8f9add8bf772', 'a3f90fe5-0d1b-450b-8244-3c931e9c51b4', '23514c14-16d8-4d7a-b8ed-1935e60f3e81', 2, '2026-02-24T09:29:20.729Z') ON CONFLICT (product_id, location_id) DO UPDATE SET quantity = EXCLUDED.quantity;
INSERT INTO stock_ledger (id, product_id, location_id, txn_type, txn_ref, qty_change, qty_after, created_at) VALUES ('08f59fab-5cea-4135-8409-fe61a1cdc5eb', 'a3f90fe5-0d1b-450b-8244-3c931e9c51b4', '23514c14-16d8-4d7a-b8ed-1935e60f3e81', 'transfer_in', 'TRF-MMQ6PQNT0314', 2, 2, '2026-02-24T09:29:20.729Z');
INSERT INTO internal_transfers (id, reference, from_location, to_location, status, created_by, created_at) VALUES ('29472343-a077-42b7-8bbb-10a099be0091', 'TRF-MMQ6PQNT0315', '746e8269-238f-4fd4-8020-c7acac8a476b', '1389579d-d85b-45b3-8ace-4ab7bcbef648', 'done', '0fc6204b-c7fb-4bb4-89f8-b09cda007ad1', '2026-03-08T07:40:20.729Z');
INSERT INTO transfer_lines (id, transfer_id, product_id, qty) VALUES ('36e65c39-1da9-4c1a-8b7d-9a1947d924aa', '29472343-a077-42b7-8bbb-10a099be0091', '23d55237-5a97-4d59-9ecc-ebd73ad7d5f2', 13);
INSERT INTO stock_levels (id, product_id, location_id, quantity, updated_at) VALUES ('e5ed0eec-5999-475a-b4b4-ed93e7d1877f', '23d55237-5a97-4d59-9ecc-ebd73ad7d5f2', '746e8269-238f-4fd4-8020-c7acac8a476b', 0, '2026-03-08T07:40:20.729Z') ON CONFLICT (product_id, location_id) DO UPDATE SET quantity = EXCLUDED.quantity;
INSERT INTO stock_ledger (id, product_id, location_id, txn_type, txn_ref, qty_change, qty_after, created_at) VALUES ('db4d3863-610b-45a3-b74c-0ee258e3b604', '23d55237-5a97-4d59-9ecc-ebd73ad7d5f2', '746e8269-238f-4fd4-8020-c7acac8a476b', 'transfer_out', 'TRF-MMQ6PQNT0316', -13, 0, '2026-03-08T07:40:20.729Z');
INSERT INTO stock_levels (id, product_id, location_id, quantity, updated_at) VALUES ('ac3022dc-def3-41be-ae10-769e78a215b0', '23d55237-5a97-4d59-9ecc-ebd73ad7d5f2', '1389579d-d85b-45b3-8ace-4ab7bcbef648', 13, '2026-03-08T07:40:20.729Z') ON CONFLICT (product_id, location_id) DO UPDATE SET quantity = EXCLUDED.quantity;
INSERT INTO stock_ledger (id, product_id, location_id, txn_type, txn_ref, qty_change, qty_after, created_at) VALUES ('5fa0074b-7b0a-40a6-802a-8e8057ea253b', '23d55237-5a97-4d59-9ecc-ebd73ad7d5f2', '1389579d-d85b-45b3-8ace-4ab7bcbef648', 'transfer_in', 'TRF-MMQ6PQNT0317', 13, 13, '2026-03-08T07:40:20.729Z');
INSERT INTO internal_transfers (id, reference, from_location, to_location, status, created_by, created_at) VALUES ('2f25fbed-05a5-4438-860d-516e71e0b656', 'TRF-MMQ6PQNT0318', 'cf2c0920-a9e0-411e-bf22-1e2881815ba3', '03aea7d3-ebec-437b-86c5-48ad21188edc', 'done', 'de15c0c5-a19a-424a-aa23-0f02f56a9ba6', '2026-03-12T01:12:20.729Z');
INSERT INTO transfer_lines (id, transfer_id, product_id, qty) VALUES ('a4c7d337-39e3-44cb-b903-71076b06a345', '2f25fbed-05a5-4438-860d-516e71e0b656', 'bdb7b550-fb84-4f61-b9d3-11b7c9866602', 7);
INSERT INTO stock_levels (id, product_id, location_id, quantity, updated_at) VALUES ('91bb2958-2cc5-44c5-9467-9832b63836ea', 'bdb7b550-fb84-4f61-b9d3-11b7c9866602', 'cf2c0920-a9e0-411e-bf22-1e2881815ba3', 0, '2026-03-12T01:12:20.729Z') ON CONFLICT (product_id, location_id) DO UPDATE SET quantity = EXCLUDED.quantity;
INSERT INTO stock_ledger (id, product_id, location_id, txn_type, txn_ref, qty_change, qty_after, created_at) VALUES ('0caa2400-632e-4b66-a8b9-ad76130de222', 'bdb7b550-fb84-4f61-b9d3-11b7c9866602', 'cf2c0920-a9e0-411e-bf22-1e2881815ba3', 'transfer_out', 'TRF-MMQ6PQNT0319', -7, 0, '2026-03-12T01:12:20.729Z');
INSERT INTO stock_levels (id, product_id, location_id, quantity, updated_at) VALUES ('ce5ff48b-9496-4ceb-8d48-0d4bb688fa5a', 'bdb7b550-fb84-4f61-b9d3-11b7c9866602', '03aea7d3-ebec-437b-86c5-48ad21188edc', 7, '2026-03-12T01:12:20.729Z') ON CONFLICT (product_id, location_id) DO UPDATE SET quantity = EXCLUDED.quantity;
INSERT INTO stock_ledger (id, product_id, location_id, txn_type, txn_ref, qty_change, qty_after, created_at) VALUES ('7742c81b-bbf5-43fc-814e-91f66afd2326', 'bdb7b550-fb84-4f61-b9d3-11b7c9866602', '03aea7d3-ebec-437b-86c5-48ad21188edc', 'transfer_in', 'TRF-MMQ6PQNT0320', 7, 7, '2026-03-12T01:12:20.729Z');
INSERT INTO transfer_lines (id, transfer_id, product_id, qty) VALUES ('75e2f607-615e-4290-980b-eefb296c2851', '2f25fbed-05a5-4438-860d-516e71e0b656', 'f381d105-3cbd-4328-9598-29bd0cd22b65', 5);
INSERT INTO stock_levels (id, product_id, location_id, quantity, updated_at) VALUES ('b0a677ff-3e0d-474b-8ec1-c7b976a194c5', 'f381d105-3cbd-4328-9598-29bd0cd22b65', 'cf2c0920-a9e0-411e-bf22-1e2881815ba3', 0, '2026-03-12T01:12:20.729Z') ON CONFLICT (product_id, location_id) DO UPDATE SET quantity = EXCLUDED.quantity;
INSERT INTO stock_ledger (id, product_id, location_id, txn_type, txn_ref, qty_change, qty_after, created_at) VALUES ('8bb30453-91fa-4d74-bc1a-c8c8bca4f054', 'f381d105-3cbd-4328-9598-29bd0cd22b65', 'cf2c0920-a9e0-411e-bf22-1e2881815ba3', 'transfer_out', 'TRF-MMQ6PQNT0321', -5, 0, '2026-03-12T01:12:20.729Z');
INSERT INTO stock_levels (id, product_id, location_id, quantity, updated_at) VALUES ('b02814fd-9e21-4982-9174-0a9f9872cb38', 'f381d105-3cbd-4328-9598-29bd0cd22b65', '03aea7d3-ebec-437b-86c5-48ad21188edc', 5, '2026-03-12T01:12:20.729Z') ON CONFLICT (product_id, location_id) DO UPDATE SET quantity = EXCLUDED.quantity;
INSERT INTO stock_ledger (id, product_id, location_id, txn_type, txn_ref, qty_change, qty_after, created_at) VALUES ('43c974be-f7f1-4a50-9097-7c8e02029e49', 'f381d105-3cbd-4328-9598-29bd0cd22b65', '03aea7d3-ebec-437b-86c5-48ad21188edc', 'transfer_in', 'TRF-MMQ6PQNT0322', 5, 5, '2026-03-12T01:12:20.729Z');
INSERT INTO internal_transfers (id, reference, from_location, to_location, status, created_by, created_at) VALUES ('6373debe-34d1-4cb1-b86d-b72d1046289c', 'TRF-MMQ6PQNT0323', '52052163-13a2-41ae-8522-1ca3ef8337a5', 'a1cab631-22d0-463e-bf9b-71ecd48a580c', 'done', 'c0bdadbf-cb38-4e9d-8a3d-583ab8f337a9', '2026-03-04T07:35:20.729Z');
INSERT INTO transfer_lines (id, transfer_id, product_id, qty) VALUES ('96b48c89-580c-4bbd-a67a-172dcf1e01c6', '6373debe-34d1-4cb1-b86d-b72d1046289c', '0a547981-603e-443e-ac30-68e39c8ecdee', 8);
INSERT INTO stock_levels (id, product_id, location_id, quantity, updated_at) VALUES ('c9a8d68c-85bb-4ed0-b0d0-cf1537323934', '0a547981-603e-443e-ac30-68e39c8ecdee', '52052163-13a2-41ae-8522-1ca3ef8337a5', 0, '2026-03-04T07:35:20.729Z') ON CONFLICT (product_id, location_id) DO UPDATE SET quantity = EXCLUDED.quantity;
INSERT INTO stock_ledger (id, product_id, location_id, txn_type, txn_ref, qty_change, qty_after, created_at) VALUES ('0099ce4f-950e-43f6-a9ce-e9e716a6f450', '0a547981-603e-443e-ac30-68e39c8ecdee', '52052163-13a2-41ae-8522-1ca3ef8337a5', 'transfer_out', 'TRF-MMQ6PQNT0324', -8, 0, '2026-03-04T07:35:20.729Z');
INSERT INTO stock_levels (id, product_id, location_id, quantity, updated_at) VALUES ('bf3ec25c-2820-47cf-bc12-b4396cb98533', '0a547981-603e-443e-ac30-68e39c8ecdee', 'a1cab631-22d0-463e-bf9b-71ecd48a580c', 8, '2026-03-04T07:35:20.729Z') ON CONFLICT (product_id, location_id) DO UPDATE SET quantity = EXCLUDED.quantity;
INSERT INTO stock_ledger (id, product_id, location_id, txn_type, txn_ref, qty_change, qty_after, created_at) VALUES ('2434d328-40aa-4b65-91f1-92bf2b01d548', '0a547981-603e-443e-ac30-68e39c8ecdee', 'a1cab631-22d0-463e-bf9b-71ecd48a580c', 'transfer_in', 'TRF-MMQ6PQNT0325', 8, 8, '2026-03-04T07:35:20.729Z');
INSERT INTO transfer_lines (id, transfer_id, product_id, qty) VALUES ('178e7949-63cd-434b-8296-ce53a892a7b1', '6373debe-34d1-4cb1-b86d-b72d1046289c', '4c5a10a2-fb8c-45c4-8323-552053be7c49', 17);
INSERT INTO stock_levels (id, product_id, location_id, quantity, updated_at) VALUES ('b2fa4f70-b9ab-41e0-badd-2beb6847d00f', '4c5a10a2-fb8c-45c4-8323-552053be7c49', '52052163-13a2-41ae-8522-1ca3ef8337a5', 0, '2026-03-04T07:35:20.729Z') ON CONFLICT (product_id, location_id) DO UPDATE SET quantity = EXCLUDED.quantity;
INSERT INTO stock_ledger (id, product_id, location_id, txn_type, txn_ref, qty_change, qty_after, created_at) VALUES ('2e924e54-1514-46db-9d47-4d4fafdf951c', '4c5a10a2-fb8c-45c4-8323-552053be7c49', '52052163-13a2-41ae-8522-1ca3ef8337a5', 'transfer_out', 'TRF-MMQ6PQNT0326', -17, 0, '2026-03-04T07:35:20.729Z');
INSERT INTO stock_levels (id, product_id, location_id, quantity, updated_at) VALUES ('f49ab2bc-d642-4368-b561-6440c61ef8f8', '4c5a10a2-fb8c-45c4-8323-552053be7c49', 'a1cab631-22d0-463e-bf9b-71ecd48a580c', 17, '2026-03-04T07:35:20.729Z') ON CONFLICT (product_id, location_id) DO UPDATE SET quantity = EXCLUDED.quantity;
INSERT INTO stock_ledger (id, product_id, location_id, txn_type, txn_ref, qty_change, qty_after, created_at) VALUES ('0b21bee7-08eb-476a-8b69-9026cad4bf6b', '4c5a10a2-fb8c-45c4-8323-552053be7c49', 'a1cab631-22d0-463e-bf9b-71ecd48a580c', 'transfer_in', 'TRF-MMQ6PQNT0327', 17, 17, '2026-03-04T07:35:20.729Z');
INSERT INTO internal_transfers (id, reference, from_location, to_location, status, created_by, created_at) VALUES ('9dd2bf52-1aec-489a-a4df-788f67cf9065', 'TRF-MMQ6PQNT0328', '66930ff7-e2cf-414b-ae08-4577ec2836dd', 'e0e9c369-4809-477a-8ad6-b175af3ec874', 'done', '7609277e-2130-422a-be54-c69ea35f3062', '2026-03-12T08:14:20.729Z');
INSERT INTO transfer_lines (id, transfer_id, product_id, qty) VALUES ('70a24836-f624-4969-aca3-a21a92f7b7a0', '9dd2bf52-1aec-489a-a4df-788f67cf9065', 'bdb7b550-fb84-4f61-b9d3-11b7c9866602', 6);
INSERT INTO stock_levels (id, product_id, location_id, quantity, updated_at) VALUES ('51d6945c-2145-493d-ad9f-0a950fa71402', 'bdb7b550-fb84-4f61-b9d3-11b7c9866602', '66930ff7-e2cf-414b-ae08-4577ec2836dd', 0, '2026-03-12T08:14:20.729Z') ON CONFLICT (product_id, location_id) DO UPDATE SET quantity = EXCLUDED.quantity;
INSERT INTO stock_ledger (id, product_id, location_id, txn_type, txn_ref, qty_change, qty_after, created_at) VALUES ('d7c0dbdf-07fd-408a-b0c9-a5f3e68cb8f5', 'bdb7b550-fb84-4f61-b9d3-11b7c9866602', '66930ff7-e2cf-414b-ae08-4577ec2836dd', 'transfer_out', 'TRF-MMQ6PQNT0329', -6, 0, '2026-03-12T08:14:20.729Z');
INSERT INTO stock_levels (id, product_id, location_id, quantity, updated_at) VALUES ('a52a988c-9981-4775-91af-ef5f9ea1233f', 'bdb7b550-fb84-4f61-b9d3-11b7c9866602', 'e0e9c369-4809-477a-8ad6-b175af3ec874', 6, '2026-03-12T08:14:20.729Z') ON CONFLICT (product_id, location_id) DO UPDATE SET quantity = EXCLUDED.quantity;
INSERT INTO stock_ledger (id, product_id, location_id, txn_type, txn_ref, qty_change, qty_after, created_at) VALUES ('8077df33-4248-40da-a19c-dd0a0c05c060', 'bdb7b550-fb84-4f61-b9d3-11b7c9866602', 'e0e9c369-4809-477a-8ad6-b175af3ec874', 'transfer_in', 'TRF-MMQ6PQNT0330', 6, 6, '2026-03-12T08:14:20.729Z');
INSERT INTO transfer_lines (id, transfer_id, product_id, qty) VALUES ('6a56a63b-6616-4515-a001-0a3a88737cab', '9dd2bf52-1aec-489a-a4df-788f67cf9065', '5e65ff4b-3cb2-4c5d-b204-93b3255a0f0a', 2);
INSERT INTO stock_levels (id, product_id, location_id, quantity, updated_at) VALUES ('3b6904f2-0f95-4f1a-b7f8-3e1578f7b93e', '5e65ff4b-3cb2-4c5d-b204-93b3255a0f0a', '66930ff7-e2cf-414b-ae08-4577ec2836dd', 0, '2026-03-12T08:14:20.729Z') ON CONFLICT (product_id, location_id) DO UPDATE SET quantity = EXCLUDED.quantity;
INSERT INTO stock_ledger (id, product_id, location_id, txn_type, txn_ref, qty_change, qty_after, created_at) VALUES ('0381b454-5318-4a9b-9b04-604728a72483', '5e65ff4b-3cb2-4c5d-b204-93b3255a0f0a', '66930ff7-e2cf-414b-ae08-4577ec2836dd', 'transfer_out', 'TRF-MMQ6PQNT0331', -2, 0, '2026-03-12T08:14:20.729Z');
INSERT INTO stock_levels (id, product_id, location_id, quantity, updated_at) VALUES ('0bad847c-e767-4b58-9fcf-f68246d64f33', '5e65ff4b-3cb2-4c5d-b204-93b3255a0f0a', 'e0e9c369-4809-477a-8ad6-b175af3ec874', 2, '2026-03-12T08:14:20.729Z') ON CONFLICT (product_id, location_id) DO UPDATE SET quantity = EXCLUDED.quantity;
INSERT INTO stock_ledger (id, product_id, location_id, txn_type, txn_ref, qty_change, qty_after, created_at) VALUES ('6a344fe7-a437-4a8b-b0ed-c8d5daff5a3d', '5e65ff4b-3cb2-4c5d-b204-93b3255a0f0a', 'e0e9c369-4809-477a-8ad6-b175af3ec874', 'transfer_in', 'TRF-MMQ6PQNT0332', 2, 2, '2026-03-12T08:14:20.729Z');
INSERT INTO internal_transfers (id, reference, from_location, to_location, status, created_by, created_at) VALUES ('e6d192d6-ad0a-4c4a-9072-a01c159ed8d0', 'TRF-MMQ6PQNT0333', '94ae51e4-66f5-4ca3-ab58-71c577fd7ea7', '746e8269-238f-4fd4-8020-c7acac8a476b', 'done', '89ed61cf-8cca-4a3f-b6f7-5cd247eb1899', '2026-03-05T15:14:20.729Z');
INSERT INTO transfer_lines (id, transfer_id, product_id, qty) VALUES ('cac78c69-3f41-4cc7-a640-88a0c072198f', 'e6d192d6-ad0a-4c4a-9072-a01c159ed8d0', 'bae0590b-d7cc-40d6-b857-fbf7d0c17ae1', 15);
INSERT INTO stock_levels (id, product_id, location_id, quantity, updated_at) VALUES ('47c952b7-fe80-45c3-8b29-4c620374fd41', 'bae0590b-d7cc-40d6-b857-fbf7d0c17ae1', '94ae51e4-66f5-4ca3-ab58-71c577fd7ea7', 0, '2026-03-05T15:14:20.729Z') ON CONFLICT (product_id, location_id) DO UPDATE SET quantity = EXCLUDED.quantity;
INSERT INTO stock_ledger (id, product_id, location_id, txn_type, txn_ref, qty_change, qty_after, created_at) VALUES ('910094e5-6795-4ae2-9138-c1945a1d0b4d', 'bae0590b-d7cc-40d6-b857-fbf7d0c17ae1', '94ae51e4-66f5-4ca3-ab58-71c577fd7ea7', 'transfer_out', 'TRF-MMQ6PQNT0334', -15, 0, '2026-03-05T15:14:20.729Z');
INSERT INTO stock_levels (id, product_id, location_id, quantity, updated_at) VALUES ('fac21f97-126d-4f00-8627-2d033bb1b661', 'bae0590b-d7cc-40d6-b857-fbf7d0c17ae1', '746e8269-238f-4fd4-8020-c7acac8a476b', 15, '2026-03-05T15:14:20.729Z') ON CONFLICT (product_id, location_id) DO UPDATE SET quantity = EXCLUDED.quantity;
INSERT INTO stock_ledger (id, product_id, location_id, txn_type, txn_ref, qty_change, qty_after, created_at) VALUES ('63094d71-0b5d-420e-a157-c7043a1e6ab9', 'bae0590b-d7cc-40d6-b857-fbf7d0c17ae1', '746e8269-238f-4fd4-8020-c7acac8a476b', 'transfer_in', 'TRF-MMQ6PQNT0335', 15, 15, '2026-03-05T15:14:20.729Z');
INSERT INTO transfer_lines (id, transfer_id, product_id, qty) VALUES ('163997b6-500b-45cd-9fea-5cf04c95f87c', 'e6d192d6-ad0a-4c4a-9072-a01c159ed8d0', 'bdb7b550-fb84-4f61-b9d3-11b7c9866602', 8);
INSERT INTO stock_levels (id, product_id, location_id, quantity, updated_at) VALUES ('86ee2a46-db67-4805-8190-5c4e75159576', 'bdb7b550-fb84-4f61-b9d3-11b7c9866602', '94ae51e4-66f5-4ca3-ab58-71c577fd7ea7', 0, '2026-03-05T15:14:20.729Z') ON CONFLICT (product_id, location_id) DO UPDATE SET quantity = EXCLUDED.quantity;
INSERT INTO stock_ledger (id, product_id, location_id, txn_type, txn_ref, qty_change, qty_after, created_at) VALUES ('54c36470-5ae2-4a4e-8b05-b71de275cd28', 'bdb7b550-fb84-4f61-b9d3-11b7c9866602', '94ae51e4-66f5-4ca3-ab58-71c577fd7ea7', 'transfer_out', 'TRF-MMQ6PQNT0336', -8, 0, '2026-03-05T15:14:20.729Z');
INSERT INTO stock_levels (id, product_id, location_id, quantity, updated_at) VALUES ('71e260c3-b923-48ff-80af-ad403c39b473', 'bdb7b550-fb84-4f61-b9d3-11b7c9866602', '746e8269-238f-4fd4-8020-c7acac8a476b', 8, '2026-03-05T15:14:20.729Z') ON CONFLICT (product_id, location_id) DO UPDATE SET quantity = EXCLUDED.quantity;
INSERT INTO stock_ledger (id, product_id, location_id, txn_type, txn_ref, qty_change, qty_after, created_at) VALUES ('060a019a-c52f-4012-ad68-a75652e00035', 'bdb7b550-fb84-4f61-b9d3-11b7c9866602', '746e8269-238f-4fd4-8020-c7acac8a476b', 'transfer_in', 'TRF-MMQ6PQNT0337', 8, 8, '2026-03-05T15:14:20.729Z');
INSERT INTO internal_transfers (id, reference, from_location, to_location, status, created_by, created_at) VALUES ('31603896-bfbc-4c71-90b7-4eeabad86e55', 'TRF-MMQ6PQNT0338', 'db30e5ad-68ee-4337-beea-22396dda808d', '70072616-5b58-4c8f-8eff-290e999cdfb8', 'done', '61a03009-42b9-4376-8707-57c903e7d745', '2026-03-05T12:19:20.729Z');
INSERT INTO transfer_lines (id, transfer_id, product_id, qty) VALUES ('be41b3c5-d1b2-447e-a0b1-0d7e22f7ee3d', '31603896-bfbc-4c71-90b7-4eeabad86e55', '2b2d6d2f-5fd0-4aef-b462-f6d84959d51a', 5);
INSERT INTO stock_levels (id, product_id, location_id, quantity, updated_at) VALUES ('527fe099-ea0a-43be-9282-af094f90fb9f', '2b2d6d2f-5fd0-4aef-b462-f6d84959d51a', 'db30e5ad-68ee-4337-beea-22396dda808d', 0, '2026-03-05T12:19:20.729Z') ON CONFLICT (product_id, location_id) DO UPDATE SET quantity = EXCLUDED.quantity;
INSERT INTO stock_ledger (id, product_id, location_id, txn_type, txn_ref, qty_change, qty_after, created_at) VALUES ('3784526a-b327-48ea-863a-f56b9a1ae269', '2b2d6d2f-5fd0-4aef-b462-f6d84959d51a', 'db30e5ad-68ee-4337-beea-22396dda808d', 'transfer_out', 'TRF-MMQ6PQNT0339', -5, 0, '2026-03-05T12:19:20.729Z');
INSERT INTO stock_levels (id, product_id, location_id, quantity, updated_at) VALUES ('57d45dbe-ff24-4e49-b583-773fa1994d17', '2b2d6d2f-5fd0-4aef-b462-f6d84959d51a', '70072616-5b58-4c8f-8eff-290e999cdfb8', 68, '2026-03-05T12:19:20.729Z') ON CONFLICT (product_id, location_id) DO UPDATE SET quantity = EXCLUDED.quantity;
INSERT INTO stock_ledger (id, product_id, location_id, txn_type, txn_ref, qty_change, qty_after, created_at) VALUES ('358623e2-8063-4597-a22b-5cfe0826c0ad', '2b2d6d2f-5fd0-4aef-b462-f6d84959d51a', '70072616-5b58-4c8f-8eff-290e999cdfb8', 'transfer_in', 'TRF-MMQ6PQNT0340', 5, 68, '2026-03-05T12:19:20.729Z');
INSERT INTO transfer_lines (id, transfer_id, product_id, qty) VALUES ('8b89f748-1d29-4e64-b008-86d39d9458da', '31603896-bfbc-4c71-90b7-4eeabad86e55', 'b2970da4-dbd4-4c34-a193-b8d7915946bb', 19);
INSERT INTO stock_levels (id, product_id, location_id, quantity, updated_at) VALUES ('dada716f-523b-4675-b5c5-131c7decbf31', 'b2970da4-dbd4-4c34-a193-b8d7915946bb', 'db30e5ad-68ee-4337-beea-22396dda808d', 0, '2026-03-05T12:19:20.729Z') ON CONFLICT (product_id, location_id) DO UPDATE SET quantity = EXCLUDED.quantity;
INSERT INTO stock_ledger (id, product_id, location_id, txn_type, txn_ref, qty_change, qty_after, created_at) VALUES ('48431eae-d3ce-4d47-971e-76ce5bd88841', 'b2970da4-dbd4-4c34-a193-b8d7915946bb', 'db30e5ad-68ee-4337-beea-22396dda808d', 'transfer_out', 'TRF-MMQ6PQNT0341', -19, 0, '2026-03-05T12:19:20.729Z');
INSERT INTO stock_levels (id, product_id, location_id, quantity, updated_at) VALUES ('c10c26d5-0684-4ca6-b947-d1a845ba6c26', 'b2970da4-dbd4-4c34-a193-b8d7915946bb', '70072616-5b58-4c8f-8eff-290e999cdfb8', 19, '2026-03-05T12:19:20.729Z') ON CONFLICT (product_id, location_id) DO UPDATE SET quantity = EXCLUDED.quantity;
INSERT INTO stock_ledger (id, product_id, location_id, txn_type, txn_ref, qty_change, qty_after, created_at) VALUES ('51b97001-f62c-4ebf-8fec-fa030f4b22b9', 'b2970da4-dbd4-4c34-a193-b8d7915946bb', '70072616-5b58-4c8f-8eff-290e999cdfb8', 'transfer_in', 'TRF-MMQ6PQNT0342', 19, 19, '2026-03-05T12:19:20.729Z');
INSERT INTO internal_transfers (id, reference, from_location, to_location, status, created_by, created_at) VALUES ('2e7cafcc-28ef-418a-9763-f02054024cd7', 'TRF-MMQ6PQNT0343', 'cb052f8a-3399-4f83-81c6-d3ecf432aff2', '88381029-bb75-4ba1-868a-25bd2176c27b', 'done', '22d5b928-2450-40b2-9131-1ed029b449c4', '2026-03-11T07:20:20.729Z');
INSERT INTO transfer_lines (id, transfer_id, product_id, qty) VALUES ('5fda081f-f612-4040-ab1a-64382ce81025', '2e7cafcc-28ef-418a-9763-f02054024cd7', '3a88ce42-5d14-4306-8458-f6fb0bbdc851', 18);
INSERT INTO stock_levels (id, product_id, location_id, quantity, updated_at) VALUES ('af8a0453-697d-4af0-94e8-99dd706caded', '3a88ce42-5d14-4306-8458-f6fb0bbdc851', 'cb052f8a-3399-4f83-81c6-d3ecf432aff2', 0, '2026-03-11T07:20:20.729Z') ON CONFLICT (product_id, location_id) DO UPDATE SET quantity = EXCLUDED.quantity;
INSERT INTO stock_ledger (id, product_id, location_id, txn_type, txn_ref, qty_change, qty_after, created_at) VALUES ('5143fa8b-c61a-4988-aaa2-40f0f1b04c8f', '3a88ce42-5d14-4306-8458-f6fb0bbdc851', 'cb052f8a-3399-4f83-81c6-d3ecf432aff2', 'transfer_out', 'TRF-MMQ6PQNT0344', -18, 0, '2026-03-11T07:20:20.729Z');
INSERT INTO stock_levels (id, product_id, location_id, quantity, updated_at) VALUES ('406ef14e-122b-4a3f-81ec-e80757ef171d', '3a88ce42-5d14-4306-8458-f6fb0bbdc851', '88381029-bb75-4ba1-868a-25bd2176c27b', 18, '2026-03-11T07:20:20.729Z') ON CONFLICT (product_id, location_id) DO UPDATE SET quantity = EXCLUDED.quantity;
INSERT INTO stock_ledger (id, product_id, location_id, txn_type, txn_ref, qty_change, qty_after, created_at) VALUES ('9020617c-b492-4a47-a4cf-a4f55ad71b16', '3a88ce42-5d14-4306-8458-f6fb0bbdc851', '88381029-bb75-4ba1-868a-25bd2176c27b', 'transfer_in', 'TRF-MMQ6PQNT0345', 18, 18, '2026-03-11T07:20:20.729Z');
INSERT INTO transfer_lines (id, transfer_id, product_id, qty) VALUES ('ffcf9d5b-a8bb-4c50-b273-170378f8572f', '2e7cafcc-28ef-418a-9763-f02054024cd7', '3e2ce3c3-3e37-4268-a410-0cb4fb78e7c1', 3);
INSERT INTO stock_levels (id, product_id, location_id, quantity, updated_at) VALUES ('7474085c-e0cf-45ad-9fe5-73f8b070dd96', '3e2ce3c3-3e37-4268-a410-0cb4fb78e7c1', 'cb052f8a-3399-4f83-81c6-d3ecf432aff2', 0, '2026-03-11T07:20:20.729Z') ON CONFLICT (product_id, location_id) DO UPDATE SET quantity = EXCLUDED.quantity;
INSERT INTO stock_ledger (id, product_id, location_id, txn_type, txn_ref, qty_change, qty_after, created_at) VALUES ('eca42d3b-ff81-42cb-9b07-acf310ff87b9', '3e2ce3c3-3e37-4268-a410-0cb4fb78e7c1', 'cb052f8a-3399-4f83-81c6-d3ecf432aff2', 'transfer_out', 'TRF-MMQ6PQNT0346', -3, 0, '2026-03-11T07:20:20.729Z');
INSERT INTO stock_levels (id, product_id, location_id, quantity, updated_at) VALUES ('33211239-72b4-4027-95d7-897cc8be50d1', '3e2ce3c3-3e37-4268-a410-0cb4fb78e7c1', '88381029-bb75-4ba1-868a-25bd2176c27b', 3, '2026-03-11T07:20:20.729Z') ON CONFLICT (product_id, location_id) DO UPDATE SET quantity = EXCLUDED.quantity;
INSERT INTO stock_ledger (id, product_id, location_id, txn_type, txn_ref, qty_change, qty_after, created_at) VALUES ('21bcc1e1-ddf7-4fab-a0cc-16fc03c0b55c', '3e2ce3c3-3e37-4268-a410-0cb4fb78e7c1', '88381029-bb75-4ba1-868a-25bd2176c27b', 'transfer_in', 'TRF-MMQ6PQNT0347', 3, 3, '2026-03-11T07:20:20.729Z');
INSERT INTO internal_transfers (id, reference, from_location, to_location, status, created_by, created_at) VALUES ('014aa605-2ac2-43ea-92de-1b2d51125571', 'TRF-MMQ6PQNT0348', '458a3bba-af36-4551-941c-cc517827facd', 'ad75dfeb-fa23-4eac-8f38-95b9d3b10bd4', 'done', '393bbde3-8e3d-4998-956c-b4b1220b1756', '2026-02-24T08:48:20.729Z');
INSERT INTO transfer_lines (id, transfer_id, product_id, qty) VALUES ('1845dd6d-b204-4d26-8377-64a280664fa0', '014aa605-2ac2-43ea-92de-1b2d51125571', 'ee1dbb2e-1c80-4938-8f26-fb741deae50b', 15);
INSERT INTO stock_levels (id, product_id, location_id, quantity, updated_at) VALUES ('5da435eb-43fb-4662-8731-8c713ef8a459', 'ee1dbb2e-1c80-4938-8f26-fb741deae50b', '458a3bba-af36-4551-941c-cc517827facd', 0, '2026-02-24T08:48:20.729Z') ON CONFLICT (product_id, location_id) DO UPDATE SET quantity = EXCLUDED.quantity;
INSERT INTO stock_ledger (id, product_id, location_id, txn_type, txn_ref, qty_change, qty_after, created_at) VALUES ('f73682d5-08c4-4110-b112-90111543a981', 'ee1dbb2e-1c80-4938-8f26-fb741deae50b', '458a3bba-af36-4551-941c-cc517827facd', 'transfer_out', 'TRF-MMQ6PQNT0349', -15, 0, '2026-02-24T08:48:20.729Z');
INSERT INTO stock_levels (id, product_id, location_id, quantity, updated_at) VALUES ('c221f430-05ff-46ff-a291-4321884dc367', 'ee1dbb2e-1c80-4938-8f26-fb741deae50b', 'ad75dfeb-fa23-4eac-8f38-95b9d3b10bd4', 15, '2026-02-24T08:48:20.729Z') ON CONFLICT (product_id, location_id) DO UPDATE SET quantity = EXCLUDED.quantity;
INSERT INTO stock_ledger (id, product_id, location_id, txn_type, txn_ref, qty_change, qty_after, created_at) VALUES ('579bb69f-0538-4728-947b-a304c0361567', 'ee1dbb2e-1c80-4938-8f26-fb741deae50b', 'ad75dfeb-fa23-4eac-8f38-95b9d3b10bd4', 'transfer_in', 'TRF-MMQ6PQNT0350', 15, 15, '2026-02-24T08:48:20.729Z');
INSERT INTO internal_transfers (id, reference, from_location, to_location, status, created_by, created_at) VALUES ('0816ddd0-e6d5-4c06-82c7-36367f3361a8', 'TRF-MMQ6PQNT0351', '66930ff7-e2cf-414b-ae08-4577ec2836dd', '3486a17a-96ca-4822-80c8-59ad7b37683f', 'done', '9fef4b74-fd04-4850-a534-430387bebeab', '2026-03-07T02:01:20.729Z');
INSERT INTO transfer_lines (id, transfer_id, product_id, qty) VALUES ('dc902a94-241d-40c1-921c-1ecf29ee8f65', '0816ddd0-e6d5-4c06-82c7-36367f3361a8', 'b79c27fc-9cf8-439f-b371-840f66da4c6e', 11);
INSERT INTO stock_levels (id, product_id, location_id, quantity, updated_at) VALUES ('f3216769-6e1e-4cfe-98df-04561f4035de', 'b79c27fc-9cf8-439f-b371-840f66da4c6e', '66930ff7-e2cf-414b-ae08-4577ec2836dd', 0, '2026-03-07T02:01:20.729Z') ON CONFLICT (product_id, location_id) DO UPDATE SET quantity = EXCLUDED.quantity;
INSERT INTO stock_ledger (id, product_id, location_id, txn_type, txn_ref, qty_change, qty_after, created_at) VALUES ('24adde95-3687-49b2-b287-78cc7b1b1ef2', 'b79c27fc-9cf8-439f-b371-840f66da4c6e', '66930ff7-e2cf-414b-ae08-4577ec2836dd', 'transfer_out', 'TRF-MMQ6PQNT0352', -11, 0, '2026-03-07T02:01:20.729Z');
INSERT INTO stock_levels (id, product_id, location_id, quantity, updated_at) VALUES ('3655baf7-3d14-44bb-bd37-e0cf65bbc98c', 'b79c27fc-9cf8-439f-b371-840f66da4c6e', '3486a17a-96ca-4822-80c8-59ad7b37683f', 11, '2026-03-07T02:01:20.729Z') ON CONFLICT (product_id, location_id) DO UPDATE SET quantity = EXCLUDED.quantity;
INSERT INTO stock_ledger (id, product_id, location_id, txn_type, txn_ref, qty_change, qty_after, created_at) VALUES ('e5a2dc00-23a9-49ca-b30a-0fa693e6e610', 'b79c27fc-9cf8-439f-b371-840f66da4c6e', '3486a17a-96ca-4822-80c8-59ad7b37683f', 'transfer_in', 'TRF-MMQ6PQNT0353', 11, 11, '2026-03-07T02:01:20.729Z');
INSERT INTO transfer_lines (id, transfer_id, product_id, qty) VALUES ('52ec9c6f-ade9-4c5b-a232-86ecdb4fe851', '0816ddd0-e6d5-4c06-82c7-36367f3361a8', '3a88ce42-5d14-4306-8458-f6fb0bbdc851', 8);
INSERT INTO stock_levels (id, product_id, location_id, quantity, updated_at) VALUES ('dfa694ff-5646-4d9d-ad3d-2fc7305fe165', '3a88ce42-5d14-4306-8458-f6fb0bbdc851', '66930ff7-e2cf-414b-ae08-4577ec2836dd', 42, '2026-03-07T02:01:20.729Z') ON CONFLICT (product_id, location_id) DO UPDATE SET quantity = EXCLUDED.quantity;
INSERT INTO stock_ledger (id, product_id, location_id, txn_type, txn_ref, qty_change, qty_after, created_at) VALUES ('63ad3e92-9606-4bac-8be7-0248100136fe', '3a88ce42-5d14-4306-8458-f6fb0bbdc851', '66930ff7-e2cf-414b-ae08-4577ec2836dd', 'transfer_out', 'TRF-MMQ6PQNT0354', -8, 42, '2026-03-07T02:01:20.729Z');
INSERT INTO stock_levels (id, product_id, location_id, quantity, updated_at) VALUES ('1734201a-b57e-4556-938a-7c32827bb2ca', '3a88ce42-5d14-4306-8458-f6fb0bbdc851', '3486a17a-96ca-4822-80c8-59ad7b37683f', 8, '2026-03-07T02:01:20.729Z') ON CONFLICT (product_id, location_id) DO UPDATE SET quantity = EXCLUDED.quantity;
INSERT INTO stock_ledger (id, product_id, location_id, txn_type, txn_ref, qty_change, qty_after, created_at) VALUES ('8ec6a510-81ff-4d23-80a3-d644c1def10c', '3a88ce42-5d14-4306-8458-f6fb0bbdc851', '3486a17a-96ca-4822-80c8-59ad7b37683f', 'transfer_in', 'TRF-MMQ6PQNT0355', 8, 8, '2026-03-07T02:01:20.729Z');
INSERT INTO internal_transfers (id, reference, from_location, to_location, status, created_by, created_at) VALUES ('d5fffa6b-ccf5-4a1d-a084-e0928daeadc4', 'TRF-MMQ6PQNT0356', 'ffdfb574-d3a1-46cd-ad3b-3563c7480673', '5ec13c2e-b42e-430f-8937-87133bde1daf', 'done', '8cc1bc5d-ba52-4663-a50a-8d10041e9e39', '2026-03-12T13:47:20.729Z');
INSERT INTO transfer_lines (id, transfer_id, product_id, qty) VALUES ('53b6d40b-1b6a-4fda-ab48-e30d1372c9e8', 'd5fffa6b-ccf5-4a1d-a084-e0928daeadc4', '67a18037-e61f-443d-9abf-c942bd70afa8', 20);
INSERT INTO stock_levels (id, product_id, location_id, quantity, updated_at) VALUES ('e2601a73-451b-439f-b2ad-598b3c11c2f7', '67a18037-e61f-443d-9abf-c942bd70afa8', 'ffdfb574-d3a1-46cd-ad3b-3563c7480673', 0, '2026-03-12T13:47:20.729Z') ON CONFLICT (product_id, location_id) DO UPDATE SET quantity = EXCLUDED.quantity;
INSERT INTO stock_ledger (id, product_id, location_id, txn_type, txn_ref, qty_change, qty_after, created_at) VALUES ('54370cd8-f647-4e37-b897-6a1ed85fa206', '67a18037-e61f-443d-9abf-c942bd70afa8', 'ffdfb574-d3a1-46cd-ad3b-3563c7480673', 'transfer_out', 'TRF-MMQ6PQNT0357', -20, 0, '2026-03-12T13:47:20.729Z');
INSERT INTO stock_levels (id, product_id, location_id, quantity, updated_at) VALUES ('76fc8ca3-b3a0-471f-a5b0-49006b13057e', '67a18037-e61f-443d-9abf-c942bd70afa8', '5ec13c2e-b42e-430f-8937-87133bde1daf', 20, '2026-03-12T13:47:20.729Z') ON CONFLICT (product_id, location_id) DO UPDATE SET quantity = EXCLUDED.quantity;
INSERT INTO stock_ledger (id, product_id, location_id, txn_type, txn_ref, qty_change, qty_after, created_at) VALUES ('c8cafbb1-b955-42f5-b5a5-e764f694fa22', '67a18037-e61f-443d-9abf-c942bd70afa8', '5ec13c2e-b42e-430f-8937-87133bde1daf', 'transfer_in', 'TRF-MMQ6PQNT0358', 20, 20, '2026-03-12T13:47:20.729Z');
INSERT INTO internal_transfers (id, reference, from_location, to_location, status, created_by, created_at) VALUES ('9a95f686-cd51-4947-ab68-4928287689e8', 'TRF-MMQ6PQNT0359', 'e0e9c369-4809-477a-8ad6-b175af3ec874', '6f5bc62b-b4fb-4344-940f-4775ebd8851d', 'done', 'ad750edf-c1ac-4031-adac-3a48f67126dd', '2026-03-04T15:02:20.729Z');
INSERT INTO transfer_lines (id, transfer_id, product_id, qty) VALUES ('4f1fe88d-f9da-4fd9-8526-ac26748de79b', '9a95f686-cd51-4947-ab68-4928287689e8', '125e2cad-205c-4313-b17b-2119f96c7523', 11);
INSERT INTO stock_levels (id, product_id, location_id, quantity, updated_at) VALUES ('21635a37-adf1-4860-830f-ff6b80c610dc', '125e2cad-205c-4313-b17b-2119f96c7523', 'e0e9c369-4809-477a-8ad6-b175af3ec874', 0, '2026-03-04T15:02:20.729Z') ON CONFLICT (product_id, location_id) DO UPDATE SET quantity = EXCLUDED.quantity;
INSERT INTO stock_ledger (id, product_id, location_id, txn_type, txn_ref, qty_change, qty_after, created_at) VALUES ('cd5c4faa-c839-442a-93d4-8f29429da19e', '125e2cad-205c-4313-b17b-2119f96c7523', 'e0e9c369-4809-477a-8ad6-b175af3ec874', 'transfer_out', 'TRF-MMQ6PQNT0360', -11, 0, '2026-03-04T15:02:20.729Z');
INSERT INTO stock_levels (id, product_id, location_id, quantity, updated_at) VALUES ('7beb95dd-07a7-4f71-b15a-7d49bb4453a0', '125e2cad-205c-4313-b17b-2119f96c7523', '6f5bc62b-b4fb-4344-940f-4775ebd8851d', 11, '2026-03-04T15:02:20.729Z') ON CONFLICT (product_id, location_id) DO UPDATE SET quantity = EXCLUDED.quantity;
INSERT INTO stock_ledger (id, product_id, location_id, txn_type, txn_ref, qty_change, qty_after, created_at) VALUES ('7e0da79b-9f0f-461b-9ded-c912688c9f22', '125e2cad-205c-4313-b17b-2119f96c7523', '6f5bc62b-b4fb-4344-940f-4775ebd8851d', 'transfer_in', 'TRF-MMQ6PQNT0361', 11, 11, '2026-03-04T15:02:20.729Z');
INSERT INTO internal_transfers (id, reference, from_location, to_location, status, created_by, created_at) VALUES ('baa8c1ac-66bc-4ada-948d-d68532aed769', 'TRF-MMQ6PQNT0362', '3b93c1c0-daa7-4826-9a3c-90f99b2d9710', '1389579d-d85b-45b3-8ace-4ab7bcbef648', 'done', 'ad750edf-c1ac-4031-adac-3a48f67126dd', '2026-02-24T05:55:20.729Z');
INSERT INTO transfer_lines (id, transfer_id, product_id, qty) VALUES ('173c82c9-eb6d-467b-abc3-ad6f5805aba8', 'baa8c1ac-66bc-4ada-948d-d68532aed769', '3a88ce42-5d14-4306-8458-f6fb0bbdc851', 11);
INSERT INTO stock_levels (id, product_id, location_id, quantity, updated_at) VALUES ('89d95695-26a9-4178-bb83-8f6dc4eae173', '3a88ce42-5d14-4306-8458-f6fb0bbdc851', '3b93c1c0-daa7-4826-9a3c-90f99b2d9710', 0, '2026-02-24T05:55:20.729Z') ON CONFLICT (product_id, location_id) DO UPDATE SET quantity = EXCLUDED.quantity;
INSERT INTO stock_ledger (id, product_id, location_id, txn_type, txn_ref, qty_change, qty_after, created_at) VALUES ('fff5fe05-d0ab-417c-885a-65523f0623ec', '3a88ce42-5d14-4306-8458-f6fb0bbdc851', '3b93c1c0-daa7-4826-9a3c-90f99b2d9710', 'transfer_out', 'TRF-MMQ6PQNT0363', -11, 0, '2026-02-24T05:55:20.729Z');
INSERT INTO stock_levels (id, product_id, location_id, quantity, updated_at) VALUES ('66d99f14-7c30-469b-9662-80af7e730c94', '3a88ce42-5d14-4306-8458-f6fb0bbdc851', '1389579d-d85b-45b3-8ace-4ab7bcbef648', 11, '2026-02-24T05:55:20.729Z') ON CONFLICT (product_id, location_id) DO UPDATE SET quantity = EXCLUDED.quantity;
INSERT INTO stock_ledger (id, product_id, location_id, txn_type, txn_ref, qty_change, qty_after, created_at) VALUES ('b56ae247-dbd0-47d9-bb7f-7f7ab06e27ce', '3a88ce42-5d14-4306-8458-f6fb0bbdc851', '1389579d-d85b-45b3-8ace-4ab7bcbef648', 'transfer_in', 'TRF-MMQ6PQNT0364', 11, 11, '2026-02-24T05:55:20.729Z');
INSERT INTO transfer_lines (id, transfer_id, product_id, qty) VALUES ('121f9fcf-db91-47c8-8fc1-b237cf71401f', 'baa8c1ac-66bc-4ada-948d-d68532aed769', 'd2b3d8e3-b42d-421c-9486-66bf40968391', 4);
INSERT INTO stock_levels (id, product_id, location_id, quantity, updated_at) VALUES ('07c789e4-0ad3-4741-9bbc-3911c458744d', 'd2b3d8e3-b42d-421c-9486-66bf40968391', '3b93c1c0-daa7-4826-9a3c-90f99b2d9710', 0, '2026-02-24T05:55:20.729Z') ON CONFLICT (product_id, location_id) DO UPDATE SET quantity = EXCLUDED.quantity;
INSERT INTO stock_ledger (id, product_id, location_id, txn_type, txn_ref, qty_change, qty_after, created_at) VALUES ('ffd525bb-817a-4952-ac10-8184587656e3', 'd2b3d8e3-b42d-421c-9486-66bf40968391', '3b93c1c0-daa7-4826-9a3c-90f99b2d9710', 'transfer_out', 'TRF-MMQ6PQNT0365', -4, 0, '2026-02-24T05:55:20.729Z');
INSERT INTO stock_levels (id, product_id, location_id, quantity, updated_at) VALUES ('2c90cf91-841f-45df-840d-c8fc62427958', 'd2b3d8e3-b42d-421c-9486-66bf40968391', '1389579d-d85b-45b3-8ace-4ab7bcbef648', 4, '2026-02-24T05:55:20.729Z') ON CONFLICT (product_id, location_id) DO UPDATE SET quantity = EXCLUDED.quantity;
INSERT INTO stock_ledger (id, product_id, location_id, txn_type, txn_ref, qty_change, qty_after, created_at) VALUES ('8e40da05-09f3-4a49-8633-dc3e31a11a15', 'd2b3d8e3-b42d-421c-9486-66bf40968391', '1389579d-d85b-45b3-8ace-4ab7bcbef648', 'transfer_in', 'TRF-MMQ6PQNT0366', 4, 4, '2026-02-24T05:55:20.729Z');
INSERT INTO internal_transfers (id, reference, from_location, to_location, status, created_by, created_at) VALUES ('c3520c47-8ff9-42a1-8e87-aa234ed45999', 'TRF-MMQ6PQNT0367', 'cf2c0920-a9e0-411e-bf22-1e2881815ba3', '52a0d542-7526-475e-ba69-9eb68de75cda', 'done', 'e779c618-17f6-4392-83aa-33abca817e14', '2026-02-26T02:27:20.729Z');
INSERT INTO transfer_lines (id, transfer_id, product_id, qty) VALUES ('65464672-3dca-4994-8d01-3214b0293610', 'c3520c47-8ff9-42a1-8e87-aa234ed45999', 'a3f90fe5-0d1b-450b-8244-3c931e9c51b4', 3);
INSERT INTO stock_levels (id, product_id, location_id, quantity, updated_at) VALUES ('bf791758-6edf-43ed-b3f0-1780c23dd17c', 'a3f90fe5-0d1b-450b-8244-3c931e9c51b4', 'cf2c0920-a9e0-411e-bf22-1e2881815ba3', 0, '2026-02-26T02:27:20.729Z') ON CONFLICT (product_id, location_id) DO UPDATE SET quantity = EXCLUDED.quantity;
INSERT INTO stock_ledger (id, product_id, location_id, txn_type, txn_ref, qty_change, qty_after, created_at) VALUES ('edfda5af-c0fb-40f9-95c8-e070a66ee32f', 'a3f90fe5-0d1b-450b-8244-3c931e9c51b4', 'cf2c0920-a9e0-411e-bf22-1e2881815ba3', 'transfer_out', 'TRF-MMQ6PQNT0368', -3, 0, '2026-02-26T02:27:20.729Z');
INSERT INTO stock_levels (id, product_id, location_id, quantity, updated_at) VALUES ('56b238db-b776-48df-9752-686671ff6c91', 'a3f90fe5-0d1b-450b-8244-3c931e9c51b4', '52a0d542-7526-475e-ba69-9eb68de75cda', 3, '2026-02-26T02:27:20.729Z') ON CONFLICT (product_id, location_id) DO UPDATE SET quantity = EXCLUDED.quantity;
INSERT INTO stock_ledger (id, product_id, location_id, txn_type, txn_ref, qty_change, qty_after, created_at) VALUES ('89e3c808-a579-4792-9786-78af324811b6', 'a3f90fe5-0d1b-450b-8244-3c931e9c51b4', '52a0d542-7526-475e-ba69-9eb68de75cda', 'transfer_in', 'TRF-MMQ6PQNT0369', 3, 3, '2026-02-26T02:27:20.729Z');
INSERT INTO transfer_lines (id, transfer_id, product_id, qty) VALUES ('e8459806-f88f-4945-b5c0-e73aa728bc25', 'c3520c47-8ff9-42a1-8e87-aa234ed45999', '8d8e82da-291f-4f43-ad37-199474551254', 5);
INSERT INTO stock_levels (id, product_id, location_id, quantity, updated_at) VALUES ('145c2902-1c02-465a-8036-db026e56fd89', '8d8e82da-291f-4f43-ad37-199474551254', 'cf2c0920-a9e0-411e-bf22-1e2881815ba3', 0, '2026-02-26T02:27:20.729Z') ON CONFLICT (product_id, location_id) DO UPDATE SET quantity = EXCLUDED.quantity;
INSERT INTO stock_ledger (id, product_id, location_id, txn_type, txn_ref, qty_change, qty_after, created_at) VALUES ('b2dad8e8-f15f-49fb-87b5-c49d5ad61777', '8d8e82da-291f-4f43-ad37-199474551254', 'cf2c0920-a9e0-411e-bf22-1e2881815ba3', 'transfer_out', 'TRF-MMQ6PQNT0370', -5, 0, '2026-02-26T02:27:20.729Z');
INSERT INTO stock_levels (id, product_id, location_id, quantity, updated_at) VALUES ('afffc51e-5054-4839-933c-54e11df5cb63', '8d8e82da-291f-4f43-ad37-199474551254', '52a0d542-7526-475e-ba69-9eb68de75cda', 5, '2026-02-26T02:27:20.729Z') ON CONFLICT (product_id, location_id) DO UPDATE SET quantity = EXCLUDED.quantity;
INSERT INTO stock_ledger (id, product_id, location_id, txn_type, txn_ref, qty_change, qty_after, created_at) VALUES ('a1ec75ed-66ca-46ef-9fd2-6efd767d8999', '8d8e82da-291f-4f43-ad37-199474551254', '52a0d542-7526-475e-ba69-9eb68de75cda', 'transfer_in', 'TRF-MMQ6PQNT0371', 5, 5, '2026-02-26T02:27:20.729Z');
INSERT INTO internal_transfers (id, reference, from_location, to_location, status, created_by, created_at) VALUES ('ea5adeff-bb56-4be7-a2c5-ef32d847322e', 'TRF-MMQ6PQNT0372', '3b93c1c0-daa7-4826-9a3c-90f99b2d9710', '6f5bc62b-b4fb-4344-940f-4775ebd8851d', 'done', '7c7cc594-72c0-464f-917a-ab5da13a3aa9', '2026-03-12T05:03:20.729Z');
INSERT INTO transfer_lines (id, transfer_id, product_id, qty) VALUES ('6a5f9943-2d81-4b38-b159-8ded2e1b8775', 'ea5adeff-bb56-4be7-a2c5-ef32d847322e', '3e2ce3c3-3e37-4268-a410-0cb4fb78e7c1', 8);
INSERT INTO stock_levels (id, product_id, location_id, quantity, updated_at) VALUES ('2e074ef6-98d7-40c4-a7a6-67340840aa36', '3e2ce3c3-3e37-4268-a410-0cb4fb78e7c1', '3b93c1c0-daa7-4826-9a3c-90f99b2d9710', 0, '2026-03-12T05:03:20.729Z') ON CONFLICT (product_id, location_id) DO UPDATE SET quantity = EXCLUDED.quantity;
INSERT INTO stock_ledger (id, product_id, location_id, txn_type, txn_ref, qty_change, qty_after, created_at) VALUES ('e0570a49-fc63-4c4e-b194-8eab0fc15336', '3e2ce3c3-3e37-4268-a410-0cb4fb78e7c1', '3b93c1c0-daa7-4826-9a3c-90f99b2d9710', 'transfer_out', 'TRF-MMQ6PQNT0373', -8, 0, '2026-03-12T05:03:20.729Z');
INSERT INTO stock_levels (id, product_id, location_id, quantity, updated_at) VALUES ('d9aa525d-632f-40ef-85bf-431eefe57478', '3e2ce3c3-3e37-4268-a410-0cb4fb78e7c1', '6f5bc62b-b4fb-4344-940f-4775ebd8851d', 8, '2026-03-12T05:03:20.729Z') ON CONFLICT (product_id, location_id) DO UPDATE SET quantity = EXCLUDED.quantity;
INSERT INTO stock_ledger (id, product_id, location_id, txn_type, txn_ref, qty_change, qty_after, created_at) VALUES ('4627a2c1-a535-4c23-ac33-9fbbc150b24f', '3e2ce3c3-3e37-4268-a410-0cb4fb78e7c1', '6f5bc62b-b4fb-4344-940f-4775ebd8851d', 'transfer_in', 'TRF-MMQ6PQNT0374', 8, 8, '2026-03-12T05:03:20.729Z');
INSERT INTO internal_transfers (id, reference, from_location, to_location, status, created_by, created_at) VALUES ('09cfb033-22c1-4639-8e80-ccff3c2327b3', 'TRF-MMQ6PQNT0375', '03aea7d3-ebec-437b-86c5-48ad21188edc', 'fdc73375-1d89-40b0-b053-da789aba3989', 'done', 'de15c0c5-a19a-424a-aa23-0f02f56a9ba6', '2026-02-27T05:09:20.729Z');
INSERT INTO transfer_lines (id, transfer_id, product_id, qty) VALUES ('ead8127d-5ab2-4069-8b54-bdd02a5986b4', '09cfb033-22c1-4639-8e80-ccff3c2327b3', '3e2ce3c3-3e37-4268-a410-0cb4fb78e7c1', 8);
INSERT INTO stock_levels (id, product_id, location_id, quantity, updated_at) VALUES ('51968b3c-bd98-457a-9660-b31d7d480489', '3e2ce3c3-3e37-4268-a410-0cb4fb78e7c1', '03aea7d3-ebec-437b-86c5-48ad21188edc', 0, '2026-02-27T05:09:20.729Z') ON CONFLICT (product_id, location_id) DO UPDATE SET quantity = EXCLUDED.quantity;
INSERT INTO stock_ledger (id, product_id, location_id, txn_type, txn_ref, qty_change, qty_after, created_at) VALUES ('d0c842b0-2cac-44b9-aec9-7d05b95c93b8', '3e2ce3c3-3e37-4268-a410-0cb4fb78e7c1', '03aea7d3-ebec-437b-86c5-48ad21188edc', 'transfer_out', 'TRF-MMQ6PQNT0376', -8, 0, '2026-02-27T05:09:20.729Z');
INSERT INTO stock_levels (id, product_id, location_id, quantity, updated_at) VALUES ('707d75dd-b792-49d5-be8c-b0cb8492d5f9', '3e2ce3c3-3e37-4268-a410-0cb4fb78e7c1', 'fdc73375-1d89-40b0-b053-da789aba3989', 8, '2026-02-27T05:09:20.729Z') ON CONFLICT (product_id, location_id) DO UPDATE SET quantity = EXCLUDED.quantity;
INSERT INTO stock_ledger (id, product_id, location_id, txn_type, txn_ref, qty_change, qty_after, created_at) VALUES ('73aea1a4-39de-45a3-af0c-77758d0df926', '3e2ce3c3-3e37-4268-a410-0cb4fb78e7c1', 'fdc73375-1d89-40b0-b053-da789aba3989', 'transfer_in', 'TRF-MMQ6PQNT0377', 8, 8, '2026-02-27T05:09:20.729Z');
INSERT INTO transfer_lines (id, transfer_id, product_id, qty) VALUES ('9571ee3a-c0ef-4b67-b97e-c05f0140d0dc', '09cfb033-22c1-4639-8e80-ccff3c2327b3', '055543a7-bf87-4cac-946a-c6d9832c109a', 17);
INSERT INTO stock_levels (id, product_id, location_id, quantity, updated_at) VALUES ('96631366-8644-4791-87b4-d0fb1f2e383c', '055543a7-bf87-4cac-946a-c6d9832c109a', '03aea7d3-ebec-437b-86c5-48ad21188edc', 0, '2026-02-27T05:09:20.729Z') ON CONFLICT (product_id, location_id) DO UPDATE SET quantity = EXCLUDED.quantity;
INSERT INTO stock_ledger (id, product_id, location_id, txn_type, txn_ref, qty_change, qty_after, created_at) VALUES ('0ebe81f2-9aab-4692-9003-cbccb1ff4f60', '055543a7-bf87-4cac-946a-c6d9832c109a', '03aea7d3-ebec-437b-86c5-48ad21188edc', 'transfer_out', 'TRF-MMQ6PQNT0378', -17, 0, '2026-02-27T05:09:20.729Z');
INSERT INTO stock_levels (id, product_id, location_id, quantity, updated_at) VALUES ('37a008b5-44e3-47cf-89d2-53512e863366', '055543a7-bf87-4cac-946a-c6d9832c109a', 'fdc73375-1d89-40b0-b053-da789aba3989', 17, '2026-02-27T05:09:20.729Z') ON CONFLICT (product_id, location_id) DO UPDATE SET quantity = EXCLUDED.quantity;
INSERT INTO stock_ledger (id, product_id, location_id, txn_type, txn_ref, qty_change, qty_after, created_at) VALUES ('1730791e-70d5-43ce-b9cc-5e24978c7cfb', '055543a7-bf87-4cac-946a-c6d9832c109a', 'fdc73375-1d89-40b0-b053-da789aba3989', 'transfer_in', 'TRF-MMQ6PQNT0379', 17, 17, '2026-02-27T05:09:20.729Z');
INSERT INTO internal_transfers (id, reference, from_location, to_location, status, created_by, created_at) VALUES ('1953de4f-724f-4070-b006-6682a4301f3c', 'TRF-MMQ6PQNT0380', '34b29f53-0e00-4a1a-bb3c-11012804ce72', '52052163-13a2-41ae-8522-1ca3ef8337a5', 'done', 'ca38621e-8066-48b0-b5f4-acfc332f51bd', '2026-03-06T15:20:20.729Z');
INSERT INTO transfer_lines (id, transfer_id, product_id, qty) VALUES ('e3a1a06c-fc7d-4d55-9cb4-67366157349a', '1953de4f-724f-4070-b006-6682a4301f3c', 'fb2050b4-2cd7-445b-a36f-70ce79bb8273', 4);
INSERT INTO stock_levels (id, product_id, location_id, quantity, updated_at) VALUES ('12c367c6-cc7a-4dff-9351-763dce38282b', 'fb2050b4-2cd7-445b-a36f-70ce79bb8273', '34b29f53-0e00-4a1a-bb3c-11012804ce72', 0, '2026-03-06T15:20:20.729Z') ON CONFLICT (product_id, location_id) DO UPDATE SET quantity = EXCLUDED.quantity;
INSERT INTO stock_ledger (id, product_id, location_id, txn_type, txn_ref, qty_change, qty_after, created_at) VALUES ('8557dd7a-fbaf-41d1-ad5d-22d3bc64b0c0', 'fb2050b4-2cd7-445b-a36f-70ce79bb8273', '34b29f53-0e00-4a1a-bb3c-11012804ce72', 'transfer_out', 'TRF-MMQ6PQNT0381', -4, 0, '2026-03-06T15:20:20.729Z');
INSERT INTO stock_levels (id, product_id, location_id, quantity, updated_at) VALUES ('8197ffff-67d9-4f58-b5c1-e7b73c902972', 'fb2050b4-2cd7-445b-a36f-70ce79bb8273', '52052163-13a2-41ae-8522-1ca3ef8337a5', 4, '2026-03-06T15:20:20.729Z') ON CONFLICT (product_id, location_id) DO UPDATE SET quantity = EXCLUDED.quantity;
INSERT INTO stock_ledger (id, product_id, location_id, txn_type, txn_ref, qty_change, qty_after, created_at) VALUES ('b1cfeb17-904e-4fb5-8c43-c21c939313b0', 'fb2050b4-2cd7-445b-a36f-70ce79bb8273', '52052163-13a2-41ae-8522-1ca3ef8337a5', 'transfer_in', 'TRF-MMQ6PQNT0382', 4, 4, '2026-03-06T15:20:20.729Z');
INSERT INTO internal_transfers (id, reference, from_location, to_location, status, created_by, created_at) VALUES ('a9464b45-5c42-42e7-9a8b-982b033741a2', 'TRF-MMQ6PQNT0383', 'db30e5ad-68ee-4337-beea-22396dda808d', 'd2b6c2b8-93e7-4000-8c2e-f2a57631d60c', 'done', '94210c26-a797-4415-a3e5-1a7fd572b27a', '2026-03-04T07:03:20.729Z');
INSERT INTO transfer_lines (id, transfer_id, product_id, qty) VALUES ('c03ae781-43c4-4433-838e-38ff1c5403da', 'a9464b45-5c42-42e7-9a8b-982b033741a2', 'c009c438-fed7-40b0-8cf6-7833258eb0dc', 4);
INSERT INTO stock_levels (id, product_id, location_id, quantity, updated_at) VALUES ('2dd04bcf-161e-4134-b6c0-5c8d8e5b29a0', 'c009c438-fed7-40b0-8cf6-7833258eb0dc', 'db30e5ad-68ee-4337-beea-22396dda808d', 0, '2026-03-04T07:03:20.729Z') ON CONFLICT (product_id, location_id) DO UPDATE SET quantity = EXCLUDED.quantity;
INSERT INTO stock_ledger (id, product_id, location_id, txn_type, txn_ref, qty_change, qty_after, created_at) VALUES ('d4098d17-5611-4b27-9e8b-65303ca859cc', 'c009c438-fed7-40b0-8cf6-7833258eb0dc', 'db30e5ad-68ee-4337-beea-22396dda808d', 'transfer_out', 'TRF-MMQ6PQNT0384', -4, 0, '2026-03-04T07:03:20.729Z');
INSERT INTO stock_levels (id, product_id, location_id, quantity, updated_at) VALUES ('887d85d7-0dc6-4423-9f0a-15cceb7a8607', 'c009c438-fed7-40b0-8cf6-7833258eb0dc', 'd2b6c2b8-93e7-4000-8c2e-f2a57631d60c', 4, '2026-03-04T07:03:20.729Z') ON CONFLICT (product_id, location_id) DO UPDATE SET quantity = EXCLUDED.quantity;
INSERT INTO stock_ledger (id, product_id, location_id, txn_type, txn_ref, qty_change, qty_after, created_at) VALUES ('743a4fe0-26a0-4b39-8ffe-8b0494d559fd', 'c009c438-fed7-40b0-8cf6-7833258eb0dc', 'd2b6c2b8-93e7-4000-8c2e-f2a57631d60c', 'transfer_in', 'TRF-MMQ6PQNT0385', 4, 4, '2026-03-04T07:03:20.729Z');
INSERT INTO internal_transfers (id, reference, from_location, to_location, status, created_by, created_at) VALUES ('217c9e9e-f16c-42a0-bc5f-ffac8287f95c', 'TRF-MMQ6PQNT0386', '52052163-13a2-41ae-8522-1ca3ef8337a5', '5851c86b-baa5-45c5-90b5-d1fdacb3eb83', 'done', '331ee985-db3e-46b1-8ec1-fd4e36b596f9', '2026-02-24T12:43:20.729Z');
INSERT INTO transfer_lines (id, transfer_id, product_id, qty) VALUES ('9488a894-97fe-4aa6-b942-0d156c6697b0', '217c9e9e-f16c-42a0-bc5f-ffac8287f95c', 'fb2050b4-2cd7-445b-a36f-70ce79bb8273', 2);
INSERT INTO stock_levels (id, product_id, location_id, quantity, updated_at) VALUES ('500a56ea-06bc-4514-a6c5-35d5ccdb21b7', 'fb2050b4-2cd7-445b-a36f-70ce79bb8273', '52052163-13a2-41ae-8522-1ca3ef8337a5', 2, '2026-02-24T12:43:20.729Z') ON CONFLICT (product_id, location_id) DO UPDATE SET quantity = EXCLUDED.quantity;
INSERT INTO stock_ledger (id, product_id, location_id, txn_type, txn_ref, qty_change, qty_after, created_at) VALUES ('d8873468-4314-4ca4-af54-9b54a63e521f', 'fb2050b4-2cd7-445b-a36f-70ce79bb8273', '52052163-13a2-41ae-8522-1ca3ef8337a5', 'transfer_out', 'TRF-MMQ6PQNT0387', -2, 2, '2026-02-24T12:43:20.729Z');
INSERT INTO stock_levels (id, product_id, location_id, quantity, updated_at) VALUES ('01908f3f-a59d-47dc-a548-f5e5d49ed3eb', 'fb2050b4-2cd7-445b-a36f-70ce79bb8273', '5851c86b-baa5-45c5-90b5-d1fdacb3eb83', 2, '2026-02-24T12:43:20.729Z') ON CONFLICT (product_id, location_id) DO UPDATE SET quantity = EXCLUDED.quantity;
INSERT INTO stock_ledger (id, product_id, location_id, txn_type, txn_ref, qty_change, qty_after, created_at) VALUES ('1a8d8edc-e2a2-4227-a964-dd0b71e21c5c', 'fb2050b4-2cd7-445b-a36f-70ce79bb8273', '5851c86b-baa5-45c5-90b5-d1fdacb3eb83', 'transfer_in', 'TRF-MMQ6PQNT0388', 2, 2, '2026-02-24T12:43:20.729Z');
INSERT INTO internal_transfers (id, reference, from_location, to_location, status, created_by, created_at) VALUES ('35340bd3-da71-47e9-a3b3-b7245a302ee3', 'TRF-MMQ6PQNT0389', '746e8269-238f-4fd4-8020-c7acac8a476b', '94ae51e4-66f5-4ca3-ab58-71c577fd7ea7', 'done', '590049cb-4666-47f7-a73e-7be69fcbdb71', '2026-03-05T08:15:20.729Z');
INSERT INTO transfer_lines (id, transfer_id, product_id, qty) VALUES ('3087d24b-6d5c-4821-a18d-9a61ed12d958', '35340bd3-da71-47e9-a3b3-b7245a302ee3', '5afd699a-66a5-41ae-9e4f-6aba016893c9', 16);
INSERT INTO stock_levels (id, product_id, location_id, quantity, updated_at) VALUES ('a7067ecf-f366-4a9c-b740-cc480af4ad88', '5afd699a-66a5-41ae-9e4f-6aba016893c9', '746e8269-238f-4fd4-8020-c7acac8a476b', 0, '2026-03-05T08:15:20.729Z') ON CONFLICT (product_id, location_id) DO UPDATE SET quantity = EXCLUDED.quantity;
INSERT INTO stock_ledger (id, product_id, location_id, txn_type, txn_ref, qty_change, qty_after, created_at) VALUES ('656c28fc-e6af-4bad-868b-b301a868f218', '5afd699a-66a5-41ae-9e4f-6aba016893c9', '746e8269-238f-4fd4-8020-c7acac8a476b', 'transfer_out', 'TRF-MMQ6PQNT0390', -16, 0, '2026-03-05T08:15:20.729Z');
INSERT INTO stock_levels (id, product_id, location_id, quantity, updated_at) VALUES ('3ad34655-b41d-4c6e-b50b-ab5ebe1fbf04', '5afd699a-66a5-41ae-9e4f-6aba016893c9', '94ae51e4-66f5-4ca3-ab58-71c577fd7ea7', 16, '2026-03-05T08:15:20.729Z') ON CONFLICT (product_id, location_id) DO UPDATE SET quantity = EXCLUDED.quantity;
INSERT INTO stock_ledger (id, product_id, location_id, txn_type, txn_ref, qty_change, qty_after, created_at) VALUES ('5a526f99-7135-43db-8e26-9357bd875384', '5afd699a-66a5-41ae-9e4f-6aba016893c9', '94ae51e4-66f5-4ca3-ab58-71c577fd7ea7', 'transfer_in', 'TRF-MMQ6PQNT0391', 16, 16, '2026-03-05T08:15:20.729Z');
INSERT INTO transfer_lines (id, transfer_id, product_id, qty) VALUES ('8d652b43-6c09-4a74-8e98-b5077fa8693b', '35340bd3-da71-47e9-a3b3-b7245a302ee3', 'd2b3d8e3-b42d-421c-9486-66bf40968391', 9);
INSERT INTO stock_levels (id, product_id, location_id, quantity, updated_at) VALUES ('c12ee4a9-b0ab-44b2-a1ab-d0619b3ea16a', 'd2b3d8e3-b42d-421c-9486-66bf40968391', '746e8269-238f-4fd4-8020-c7acac8a476b', 0, '2026-03-05T08:15:20.729Z') ON CONFLICT (product_id, location_id) DO UPDATE SET quantity = EXCLUDED.quantity;
INSERT INTO stock_ledger (id, product_id, location_id, txn_type, txn_ref, qty_change, qty_after, created_at) VALUES ('b85c5c4e-46d6-464e-9267-0f6da5c98d7b', 'd2b3d8e3-b42d-421c-9486-66bf40968391', '746e8269-238f-4fd4-8020-c7acac8a476b', 'transfer_out', 'TRF-MMQ6PQNT0392', -9, 0, '2026-03-05T08:15:20.729Z');
INSERT INTO stock_levels (id, product_id, location_id, quantity, updated_at) VALUES ('2bd1ad0d-8fd1-476a-833f-3a1a280ba1a4', 'd2b3d8e3-b42d-421c-9486-66bf40968391', '94ae51e4-66f5-4ca3-ab58-71c577fd7ea7', 9, '2026-03-05T08:15:20.729Z') ON CONFLICT (product_id, location_id) DO UPDATE SET quantity = EXCLUDED.quantity;
INSERT INTO stock_ledger (id, product_id, location_id, txn_type, txn_ref, qty_change, qty_after, created_at) VALUES ('6ec0beaf-ce46-4847-a923-81d806b980de', 'd2b3d8e3-b42d-421c-9486-66bf40968391', '94ae51e4-66f5-4ca3-ab58-71c577fd7ea7', 'transfer_in', 'TRF-MMQ6PQNT0393', 9, 9, '2026-03-05T08:15:20.729Z');
INSERT INTO internal_transfers (id, reference, from_location, to_location, status, created_by, created_at) VALUES ('d1b32076-f7f9-4731-8d6c-de3fcbb6bc1a', 'TRF-MMQ6PQNT0394', '8e520804-271c-442c-aaf9-523920cd3ac1', '149415f8-3a14-4864-b6a5-d892fb7af719', 'done', '8cc1bc5d-ba52-4663-a50a-8d10041e9e39', '2026-03-09T14:43:20.729Z');
INSERT INTO transfer_lines (id, transfer_id, product_id, qty) VALUES ('129c8dcf-b5c4-4de3-8ad9-6187876d23b4', 'd1b32076-f7f9-4731-8d6c-de3fcbb6bc1a', 'bdb7b550-fb84-4f61-b9d3-11b7c9866602', 3);
INSERT INTO stock_levels (id, product_id, location_id, quantity, updated_at) VALUES ('9c815a6c-161f-45e2-97d0-e0dd7539752e', 'bdb7b550-fb84-4f61-b9d3-11b7c9866602', '8e520804-271c-442c-aaf9-523920cd3ac1', 0, '2026-03-09T14:43:20.729Z') ON CONFLICT (product_id, location_id) DO UPDATE SET quantity = EXCLUDED.quantity;
INSERT INTO stock_ledger (id, product_id, location_id, txn_type, txn_ref, qty_change, qty_after, created_at) VALUES ('c96b16e1-7ec7-470a-b7e4-a2ab3c0a80af', 'bdb7b550-fb84-4f61-b9d3-11b7c9866602', '8e520804-271c-442c-aaf9-523920cd3ac1', 'transfer_out', 'TRF-MMQ6PQNT0395', -3, 0, '2026-03-09T14:43:20.729Z');
INSERT INTO stock_levels (id, product_id, location_id, quantity, updated_at) VALUES ('cac8d38d-8759-497a-a8e1-06fdf8c8d035', 'bdb7b550-fb84-4f61-b9d3-11b7c9866602', '149415f8-3a14-4864-b6a5-d892fb7af719', 3, '2026-03-09T14:43:20.729Z') ON CONFLICT (product_id, location_id) DO UPDATE SET quantity = EXCLUDED.quantity;
INSERT INTO stock_ledger (id, product_id, location_id, txn_type, txn_ref, qty_change, qty_after, created_at) VALUES ('e233a0f0-4dc9-4b34-9f30-3536e122c2b9', 'bdb7b550-fb84-4f61-b9d3-11b7c9866602', '149415f8-3a14-4864-b6a5-d892fb7af719', 'transfer_in', 'TRF-MMQ6PQNT0396', 3, 3, '2026-03-09T14:43:20.729Z');
INSERT INTO transfer_lines (id, transfer_id, product_id, qty) VALUES ('a51faeaf-c9ef-4f74-a98b-1db82a9597cf', 'd1b32076-f7f9-4731-8d6c-de3fcbb6bc1a', '341564ac-060c-4c59-abb5-9e4789c3ee0d', 19);
INSERT INTO stock_levels (id, product_id, location_id, quantity, updated_at) VALUES ('5c8b3227-a061-45e5-ab64-8f7ae4e26b78', '341564ac-060c-4c59-abb5-9e4789c3ee0d', '8e520804-271c-442c-aaf9-523920cd3ac1', 0, '2026-03-09T14:43:20.729Z') ON CONFLICT (product_id, location_id) DO UPDATE SET quantity = EXCLUDED.quantity;
INSERT INTO stock_ledger (id, product_id, location_id, txn_type, txn_ref, qty_change, qty_after, created_at) VALUES ('5f9a442f-08f0-48e2-b0f3-197ecdad6f80', '341564ac-060c-4c59-abb5-9e4789c3ee0d', '8e520804-271c-442c-aaf9-523920cd3ac1', 'transfer_out', 'TRF-MMQ6PQNT0397', -19, 0, '2026-03-09T14:43:20.729Z');
INSERT INTO stock_levels (id, product_id, location_id, quantity, updated_at) VALUES ('30547646-908c-4bd4-9462-c591d0f51933', '341564ac-060c-4c59-abb5-9e4789c3ee0d', '149415f8-3a14-4864-b6a5-d892fb7af719', 199, '2026-03-09T14:43:20.729Z') ON CONFLICT (product_id, location_id) DO UPDATE SET quantity = EXCLUDED.quantity;
INSERT INTO stock_ledger (id, product_id, location_id, txn_type, txn_ref, qty_change, qty_after, created_at) VALUES ('d6add0af-6d66-440b-9065-202d3cf724da', '341564ac-060c-4c59-abb5-9e4789c3ee0d', '149415f8-3a14-4864-b6a5-d892fb7af719', 'transfer_in', 'TRF-MMQ6PQNT0398', 19, 199, '2026-03-09T14:43:20.729Z');
INSERT INTO internal_transfers (id, reference, from_location, to_location, status, created_by, created_at) VALUES ('d6ca7e02-f9cb-4735-b3fb-4743f1c75849', 'TRF-MMQ6PQNT0399', '1576efc7-20bb-4eb1-8b20-f292f265bd4a', '458a3bba-af36-4551-941c-cc517827facd', 'done', '7609277e-2130-422a-be54-c69ea35f3062', '2026-03-03T09:44:20.729Z');
INSERT INTO transfer_lines (id, transfer_id, product_id, qty) VALUES ('05655522-80e6-4d88-bd10-f3310c8c46d6', 'd6ca7e02-f9cb-4735-b3fb-4743f1c75849', '125e2cad-205c-4313-b17b-2119f96c7523', 3);
INSERT INTO stock_levels (id, product_id, location_id, quantity, updated_at) VALUES ('e6cea175-4a41-4bfa-aa57-b57d88921b53', '125e2cad-205c-4313-b17b-2119f96c7523', '1576efc7-20bb-4eb1-8b20-f292f265bd4a', 0, '2026-03-03T09:44:20.729Z') ON CONFLICT (product_id, location_id) DO UPDATE SET quantity = EXCLUDED.quantity;
INSERT INTO stock_ledger (id, product_id, location_id, txn_type, txn_ref, qty_change, qty_after, created_at) VALUES ('6e9fc326-eb7e-4ef2-9855-0f05aac070b7', '125e2cad-205c-4313-b17b-2119f96c7523', '1576efc7-20bb-4eb1-8b20-f292f265bd4a', 'transfer_out', 'TRF-MMQ6PQNT0400', -3, 0, '2026-03-03T09:44:20.729Z');
INSERT INTO stock_levels (id, product_id, location_id, quantity, updated_at) VALUES ('43c7fc45-2414-488d-baf7-28cae6d625ba', '125e2cad-205c-4313-b17b-2119f96c7523', '458a3bba-af36-4551-941c-cc517827facd', 3, '2026-03-03T09:44:20.729Z') ON CONFLICT (product_id, location_id) DO UPDATE SET quantity = EXCLUDED.quantity;
INSERT INTO stock_ledger (id, product_id, location_id, txn_type, txn_ref, qty_change, qty_after, created_at) VALUES ('b1365dd9-1d32-4364-b1d9-839e5b2e44f3', '125e2cad-205c-4313-b17b-2119f96c7523', '458a3bba-af36-4551-941c-cc517827facd', 'transfer_in', 'TRF-MMQ6PQNT0401', 3, 3, '2026-03-03T09:44:20.729Z');
INSERT INTO transfer_lines (id, transfer_id, product_id, qty) VALUES ('1caef7e7-2485-4afb-a9f7-0aa6591814bd', 'd6ca7e02-f9cb-4735-b3fb-4743f1c75849', '5afd699a-66a5-41ae-9e4f-6aba016893c9', 9);
INSERT INTO stock_levels (id, product_id, location_id, quantity, updated_at) VALUES ('4244225a-ef0d-47e1-8edc-e33bbd121ffc', '5afd699a-66a5-41ae-9e4f-6aba016893c9', '1576efc7-20bb-4eb1-8b20-f292f265bd4a', 0, '2026-03-03T09:44:20.729Z') ON CONFLICT (product_id, location_id) DO UPDATE SET quantity = EXCLUDED.quantity;
INSERT INTO stock_ledger (id, product_id, location_id, txn_type, txn_ref, qty_change, qty_after, created_at) VALUES ('4340a865-5275-4295-9c61-fc091dd065dc', '5afd699a-66a5-41ae-9e4f-6aba016893c9', '1576efc7-20bb-4eb1-8b20-f292f265bd4a', 'transfer_out', 'TRF-MMQ6PQNT0402', -9, 0, '2026-03-03T09:44:20.729Z');
INSERT INTO stock_levels (id, product_id, location_id, quantity, updated_at) VALUES ('c4cd1cbd-e58a-4f47-9e44-3e8ef8a70a92', '5afd699a-66a5-41ae-9e4f-6aba016893c9', '458a3bba-af36-4551-941c-cc517827facd', 9, '2026-03-03T09:44:20.729Z') ON CONFLICT (product_id, location_id) DO UPDATE SET quantity = EXCLUDED.quantity;
INSERT INTO stock_ledger (id, product_id, location_id, txn_type, txn_ref, qty_change, qty_after, created_at) VALUES ('016e7f37-a3e2-455f-8b71-d4c5b804e92f', '5afd699a-66a5-41ae-9e4f-6aba016893c9', '458a3bba-af36-4551-941c-cc517827facd', 'transfer_in', 'TRF-MMQ6PQNT0403', 9, 9, '2026-03-03T09:44:20.729Z');
INSERT INTO internal_transfers (id, reference, from_location, to_location, status, created_by, created_at) VALUES ('18192936-29e3-4805-9e98-3cbca0a8a99c', 'TRF-MMQ6PQNT0404', 'c9e92d47-9168-4689-b38e-64afb4920d88', '23514c14-16d8-4d7a-b8ed-1935e60f3e81', 'done', 'd637f74a-2233-49ca-9c50-da7bd039fc13', '2026-03-03T11:45:20.729Z');
INSERT INTO transfer_lines (id, transfer_id, product_id, qty) VALUES ('76a9f8e5-4cbc-4034-b3d4-ff0ba55e5ae5', '18192936-29e3-4805-9e98-3cbca0a8a99c', 'bdb7b550-fb84-4f61-b9d3-11b7c9866602', 11);
INSERT INTO stock_levels (id, product_id, location_id, quantity, updated_at) VALUES ('56a8cd33-8042-4c59-85f9-d45a40e1c62d', 'bdb7b550-fb84-4f61-b9d3-11b7c9866602', 'c9e92d47-9168-4689-b38e-64afb4920d88', 0, '2026-03-03T11:45:20.729Z') ON CONFLICT (product_id, location_id) DO UPDATE SET quantity = EXCLUDED.quantity;
INSERT INTO stock_ledger (id, product_id, location_id, txn_type, txn_ref, qty_change, qty_after, created_at) VALUES ('01944e3b-9129-4d86-a168-d292cfb49482', 'bdb7b550-fb84-4f61-b9d3-11b7c9866602', 'c9e92d47-9168-4689-b38e-64afb4920d88', 'transfer_out', 'TRF-MMQ6PQNT0405', -11, 0, '2026-03-03T11:45:20.729Z');
INSERT INTO stock_levels (id, product_id, location_id, quantity, updated_at) VALUES ('0623edd4-abfd-48c2-adf5-6b3722ced02f', 'bdb7b550-fb84-4f61-b9d3-11b7c9866602', '23514c14-16d8-4d7a-b8ed-1935e60f3e81', 11, '2026-03-03T11:45:20.729Z') ON CONFLICT (product_id, location_id) DO UPDATE SET quantity = EXCLUDED.quantity;
INSERT INTO stock_ledger (id, product_id, location_id, txn_type, txn_ref, qty_change, qty_after, created_at) VALUES ('ac9574bc-70d1-4883-9ff0-0e8ab7f32de8', 'bdb7b550-fb84-4f61-b9d3-11b7c9866602', '23514c14-16d8-4d7a-b8ed-1935e60f3e81', 'transfer_in', 'TRF-MMQ6PQNT0406', 11, 11, '2026-03-03T11:45:20.729Z');
INSERT INTO transfer_lines (id, transfer_id, product_id, qty) VALUES ('590fa7df-666e-43ef-bde5-3e272cee413e', '18192936-29e3-4805-9e98-3cbca0a8a99c', '335d8910-4c05-4cfb-824f-5eba82ecbf57', 5);
INSERT INTO stock_levels (id, product_id, location_id, quantity, updated_at) VALUES ('1a5ab577-3d5e-418e-b7e7-09f99ea38ecd', '335d8910-4c05-4cfb-824f-5eba82ecbf57', 'c9e92d47-9168-4689-b38e-64afb4920d88', 0, '2026-03-03T11:45:20.729Z') ON CONFLICT (product_id, location_id) DO UPDATE SET quantity = EXCLUDED.quantity;
INSERT INTO stock_ledger (id, product_id, location_id, txn_type, txn_ref, qty_change, qty_after, created_at) VALUES ('90cd89e6-0728-4466-866a-c15eb078db9c', '335d8910-4c05-4cfb-824f-5eba82ecbf57', 'c9e92d47-9168-4689-b38e-64afb4920d88', 'transfer_out', 'TRF-MMQ6PQNT0407', -5, 0, '2026-03-03T11:45:20.729Z');
INSERT INTO stock_levels (id, product_id, location_id, quantity, updated_at) VALUES ('0e03fa63-cbb7-4557-b8f4-4cf945d73f8d', '335d8910-4c05-4cfb-824f-5eba82ecbf57', '23514c14-16d8-4d7a-b8ed-1935e60f3e81', 5, '2026-03-03T11:45:20.729Z') ON CONFLICT (product_id, location_id) DO UPDATE SET quantity = EXCLUDED.quantity;
INSERT INTO stock_ledger (id, product_id, location_id, txn_type, txn_ref, qty_change, qty_after, created_at) VALUES ('4ef50769-ad06-4ba9-85b6-5b9ddb32d7c3', '335d8910-4c05-4cfb-824f-5eba82ecbf57', '23514c14-16d8-4d7a-b8ed-1935e60f3e81', 'transfer_in', 'TRF-MMQ6PQNT0408', 5, 5, '2026-03-03T11:45:20.729Z');
INSERT INTO internal_transfers (id, reference, from_location, to_location, status, created_by, created_at) VALUES ('cc1ff9c8-41a3-4761-adae-4669d21b17c2', 'TRF-MMQ6PQNT0409', 'e5b15470-abf4-4b54-89d6-ebdebe056dde', 'c9e92d47-9168-4689-b38e-64afb4920d88', 'done', 'ad750edf-c1ac-4031-adac-3a48f67126dd', '2026-03-05T08:30:20.729Z');
INSERT INTO transfer_lines (id, transfer_id, product_id, qty) VALUES ('81e150e7-9e88-49c1-9cdd-267234737f48', 'cc1ff9c8-41a3-4761-adae-4669d21b17c2', '1fd13a42-e0d4-4b37-871d-913dc1e7bdb4', 10);
INSERT INTO stock_levels (id, product_id, location_id, quantity, updated_at) VALUES ('96b3019d-bff0-4759-84be-8c51bd29f692', '1fd13a42-e0d4-4b37-871d-913dc1e7bdb4', 'e5b15470-abf4-4b54-89d6-ebdebe056dde', 0, '2026-03-05T08:30:20.729Z') ON CONFLICT (product_id, location_id) DO UPDATE SET quantity = EXCLUDED.quantity;
INSERT INTO stock_ledger (id, product_id, location_id, txn_type, txn_ref, qty_change, qty_after, created_at) VALUES ('41e9ea2f-4129-44dd-beaf-1932470d9427', '1fd13a42-e0d4-4b37-871d-913dc1e7bdb4', 'e5b15470-abf4-4b54-89d6-ebdebe056dde', 'transfer_out', 'TRF-MMQ6PQNT0410', -10, 0, '2026-03-05T08:30:20.729Z');
INSERT INTO stock_levels (id, product_id, location_id, quantity, updated_at) VALUES ('353952e4-0f1d-4629-a8c4-d948471bd8ff', '1fd13a42-e0d4-4b37-871d-913dc1e7bdb4', 'c9e92d47-9168-4689-b38e-64afb4920d88', 10, '2026-03-05T08:30:20.729Z') ON CONFLICT (product_id, location_id) DO UPDATE SET quantity = EXCLUDED.quantity;
INSERT INTO stock_ledger (id, product_id, location_id, txn_type, txn_ref, qty_change, qty_after, created_at) VALUES ('1722d575-d38d-4eed-bb66-47349000a779', '1fd13a42-e0d4-4b37-871d-913dc1e7bdb4', 'c9e92d47-9168-4689-b38e-64afb4920d88', 'transfer_in', 'TRF-MMQ6PQNT0411', 10, 10, '2026-03-05T08:30:20.729Z');
INSERT INTO transfer_lines (id, transfer_id, product_id, qty) VALUES ('50020de9-64af-4049-bb1b-74b2e0373704', 'cc1ff9c8-41a3-4761-adae-4669d21b17c2', '6364f679-b2cc-4571-a98f-b170ec1cdfb4', 8);
INSERT INTO stock_levels (id, product_id, location_id, quantity, updated_at) VALUES ('422d5cf9-49ff-4933-8e40-b850df2c918b', '6364f679-b2cc-4571-a98f-b170ec1cdfb4', 'e5b15470-abf4-4b54-89d6-ebdebe056dde', 0, '2026-03-05T08:30:20.729Z') ON CONFLICT (product_id, location_id) DO UPDATE SET quantity = EXCLUDED.quantity;
INSERT INTO stock_ledger (id, product_id, location_id, txn_type, txn_ref, qty_change, qty_after, created_at) VALUES ('25ae7fdf-008d-4c2f-b98a-e20cff1950ac', '6364f679-b2cc-4571-a98f-b170ec1cdfb4', 'e5b15470-abf4-4b54-89d6-ebdebe056dde', 'transfer_out', 'TRF-MMQ6PQNT0412', -8, 0, '2026-03-05T08:30:20.729Z');
INSERT INTO stock_levels (id, product_id, location_id, quantity, updated_at) VALUES ('cdb618a6-e91c-45d2-b178-ed3d908e1f9b', '6364f679-b2cc-4571-a98f-b170ec1cdfb4', 'c9e92d47-9168-4689-b38e-64afb4920d88', 8, '2026-03-05T08:30:20.729Z') ON CONFLICT (product_id, location_id) DO UPDATE SET quantity = EXCLUDED.quantity;
INSERT INTO stock_ledger (id, product_id, location_id, txn_type, txn_ref, qty_change, qty_after, created_at) VALUES ('813479fa-975f-4cae-8012-ca4928c6194a', '6364f679-b2cc-4571-a98f-b170ec1cdfb4', 'c9e92d47-9168-4689-b38e-64afb4920d88', 'transfer_in', 'TRF-MMQ6PQNT0413', 8, 8, '2026-03-05T08:30:20.729Z');
INSERT INTO internal_transfers (id, reference, from_location, to_location, status, created_by, created_at) VALUES ('9dc7af08-2f29-4001-a38f-90dadbbb554a', 'TRF-MMQ6PQNT0414', '52052163-13a2-41ae-8522-1ca3ef8337a5', '32e7dce7-4b31-4da9-b31b-1cf593dda08d', 'done', '745385a3-fbf0-4852-8018-daf647656db7', '2026-03-09T08:57:20.729Z');
INSERT INTO transfer_lines (id, transfer_id, product_id, qty) VALUES ('fa4268a7-7181-4a16-b9f8-f1176b215e81', '9dc7af08-2f29-4001-a38f-90dadbbb554a', '0a547981-603e-443e-ac30-68e39c8ecdee', 20);
INSERT INTO stock_levels (id, product_id, location_id, quantity, updated_at) VALUES ('d9b54f47-9629-4ebd-8a51-3cd21b543bea', '0a547981-603e-443e-ac30-68e39c8ecdee', '52052163-13a2-41ae-8522-1ca3ef8337a5', 0, '2026-03-09T08:57:20.729Z') ON CONFLICT (product_id, location_id) DO UPDATE SET quantity = EXCLUDED.quantity;
INSERT INTO stock_ledger (id, product_id, location_id, txn_type, txn_ref, qty_change, qty_after, created_at) VALUES ('d91f4923-c7d2-4db0-9950-595d73b186dd', '0a547981-603e-443e-ac30-68e39c8ecdee', '52052163-13a2-41ae-8522-1ca3ef8337a5', 'transfer_out', 'TRF-MMQ6PQNT0415', -20, 0, '2026-03-09T08:57:20.729Z');
INSERT INTO stock_levels (id, product_id, location_id, quantity, updated_at) VALUES ('067a5652-92c1-4870-a6ac-128c56d7c2d4', '0a547981-603e-443e-ac30-68e39c8ecdee', '32e7dce7-4b31-4da9-b31b-1cf593dda08d', 20, '2026-03-09T08:57:20.729Z') ON CONFLICT (product_id, location_id) DO UPDATE SET quantity = EXCLUDED.quantity;
INSERT INTO stock_ledger (id, product_id, location_id, txn_type, txn_ref, qty_change, qty_after, created_at) VALUES ('269fb584-7551-40df-83b1-8eaa35b312c8', '0a547981-603e-443e-ac30-68e39c8ecdee', '32e7dce7-4b31-4da9-b31b-1cf593dda08d', 'transfer_in', 'TRF-MMQ6PQNT0416', 20, 20, '2026-03-09T08:57:20.729Z');
INSERT INTO transfer_lines (id, transfer_id, product_id, qty) VALUES ('3c518424-62ee-4c2c-99a4-f77b558e0f1d', '9dc7af08-2f29-4001-a38f-90dadbbb554a', '379facbf-0ad1-4e0c-bb0d-6613c91f762b', 15);
INSERT INTO stock_levels (id, product_id, location_id, quantity, updated_at) VALUES ('def3e61f-8f18-4ae6-a74e-b7c05d27f768', '379facbf-0ad1-4e0c-bb0d-6613c91f762b', '52052163-13a2-41ae-8522-1ca3ef8337a5', 0, '2026-03-09T08:57:20.729Z') ON CONFLICT (product_id, location_id) DO UPDATE SET quantity = EXCLUDED.quantity;
INSERT INTO stock_ledger (id, product_id, location_id, txn_type, txn_ref, qty_change, qty_after, created_at) VALUES ('e659b042-2a1f-4519-99ac-151160fa2409', '379facbf-0ad1-4e0c-bb0d-6613c91f762b', '52052163-13a2-41ae-8522-1ca3ef8337a5', 'transfer_out', 'TRF-MMQ6PQNT0417', -15, 0, '2026-03-09T08:57:20.729Z');
INSERT INTO stock_levels (id, product_id, location_id, quantity, updated_at) VALUES ('1e082743-e05f-4d74-a5de-34fdf92d4d2d', '379facbf-0ad1-4e0c-bb0d-6613c91f762b', '32e7dce7-4b31-4da9-b31b-1cf593dda08d', 15, '2026-03-09T08:57:20.729Z') ON CONFLICT (product_id, location_id) DO UPDATE SET quantity = EXCLUDED.quantity;
INSERT INTO stock_ledger (id, product_id, location_id, txn_type, txn_ref, qty_change, qty_after, created_at) VALUES ('01d81293-a432-47a7-8029-028a787ad4fb', '379facbf-0ad1-4e0c-bb0d-6613c91f762b', '32e7dce7-4b31-4da9-b31b-1cf593dda08d', 'transfer_in', 'TRF-MMQ6PQNT0418', 15, 15, '2026-03-09T08:57:20.729Z');
INSERT INTO internal_transfers (id, reference, from_location, to_location, status, created_by, created_at) VALUES ('b5643fb3-21cf-4415-9469-6bc958d6916b', 'TRF-MMQ6PQNT0419', 'a9b3032a-32eb-41ac-ad9b-462d27a72500', '149415f8-3a14-4864-b6a5-d892fb7af719', 'draft', '843a2ef8-90b0-47e6-9c22-cd9a8ddfa885', '2026-03-08T01:59:20.729Z');
INSERT INTO transfer_lines (id, transfer_id, product_id, qty) VALUES ('cedd7932-ecd5-455f-9378-e02d16848769', 'b5643fb3-21cf-4415-9469-6bc958d6916b', 'd2b7a318-a871-4f4d-a9a4-4a5e20e2c282', 5);
INSERT INTO internal_transfers (id, reference, from_location, to_location, status, created_by, created_at) VALUES ('c9ad7c07-5219-496f-bfd5-f1883219c1a1', 'TRF-MMQ6PQNT0420', '70072616-5b58-4c8f-8eff-290e999cdfb8', '88381029-bb75-4ba1-868a-25bd2176c27b', 'draft', '45130999-48e2-4b7d-bc3c-a0dac3e113d6', '2026-03-11T08:05:20.729Z');
INSERT INTO transfer_lines (id, transfer_id, product_id, qty) VALUES ('04e126f5-4845-42e5-a216-aeed7b3699ed', 'c9ad7c07-5219-496f-bfd5-f1883219c1a1', '894d7f03-cb13-4ab2-856e-ce053c948fe5', 10);
INSERT INTO internal_transfers (id, reference, from_location, to_location, status, created_by, created_at) VALUES ('ab6fe483-193b-4973-8e8e-4284751fec32', 'TRF-MMQ6PQNT0421', '5ec13c2e-b42e-430f-8937-87133bde1daf', '3314d3ae-1334-48be-a617-7242f0ce20ed', 'draft', 'ad750edf-c1ac-4031-adac-3a48f67126dd', '2026-03-01T01:34:20.729Z');
INSERT INTO transfer_lines (id, transfer_id, product_id, qty) VALUES ('c6e16804-95d5-4436-985e-a597af995687', 'ab6fe483-193b-4973-8e8e-4284751fec32', '5afd699a-66a5-41ae-9e4f-6aba016893c9', 8);
INSERT INTO internal_transfers (id, reference, from_location, to_location, status, created_by, created_at) VALUES ('dc9e130e-23b4-4ab9-887a-a67675fd88fc', 'TRF-MMQ6PQNU0422', '52a0d542-7526-475e-ba69-9eb68de75cda', '20577fc0-82ad-4dcd-8e11-01cf7c30a514', 'draft', 'a601ef30-d6af-41fa-99e6-c405f6f8e581', '2026-03-01T05:08:20.729Z');
INSERT INTO transfer_lines (id, transfer_id, product_id, qty) VALUES ('fba2ed12-951a-43af-bf29-fb9574db9890', 'dc9e130e-23b4-4ab9-887a-a67675fd88fc', '5ee1e659-db33-491b-a1c1-22d704fb03fc', 15);
INSERT INTO transfer_lines (id, transfer_id, product_id, qty) VALUES ('23ae14fd-6b17-45ba-b26f-7ceb702c608b', 'dc9e130e-23b4-4ab9-887a-a67675fd88fc', '3e2ce3c3-3e37-4268-a410-0cb4fb78e7c1', 16);
INSERT INTO internal_transfers (id, reference, from_location, to_location, status, created_by, created_at) VALUES ('c6e25750-6c19-42c5-9792-d99b1921cdf1', 'TRF-MMQ6PQNU0423', '32e7dce7-4b31-4da9-b31b-1cf593dda08d', 'aa0bfb79-7358-4643-a1ca-e90eabdee0fd', 'draft', '95d50988-abc9-4f4a-a03f-0386de40da89', '2026-02-22T02:34:20.730Z');
INSERT INTO transfer_lines (id, transfer_id, product_id, qty) VALUES ('68ef70d1-33ab-4e56-9b5c-0ecceebdfdae', 'c6e25750-6c19-42c5-9792-d99b1921cdf1', '994eeec5-6ca1-4c11-a020-384270659149', 13);
INSERT INTO transfer_lines (id, transfer_id, product_id, qty) VALUES ('7d65c779-6a99-4341-a4cf-ba74f0dd9d2a', 'c6e25750-6c19-42c5-9792-d99b1921cdf1', '1fd13a42-e0d4-4b37-871d-913dc1e7bdb4', 16);
INSERT INTO internal_transfers (id, reference, from_location, to_location, status, created_by, created_at) VALUES ('492a191c-28f3-4541-83c1-c943fa8f8916', 'TRF-MMQ6PQNU0424', '3486a17a-96ca-4822-80c8-59ad7b37683f', 'a9b3032a-32eb-41ac-ad9b-462d27a72500', 'draft', 'def724a2-bc98-407c-9633-503918bfaa1f', '2026-03-06T12:20:20.730Z');
INSERT INTO transfer_lines (id, transfer_id, product_id, qty) VALUES ('f86efb54-cb45-4862-bfc0-bd2c12b70b1c', '492a191c-28f3-4541-83c1-c943fa8f8916', '379facbf-0ad1-4e0c-bb0d-6613c91f762b', 7);
INSERT INTO internal_transfers (id, reference, from_location, to_location, status, created_by, created_at) VALUES ('bc2f4abf-4373-43f4-8c13-eb6344f17a44', 'TRF-MMQ6PQNU0425', '03aea7d3-ebec-437b-86c5-48ad21188edc', 'b0393836-d416-4a6c-a19b-333906829c49', 'draft', '95d50988-abc9-4f4a-a03f-0386de40da89', '2026-03-08T01:45:20.730Z');
INSERT INTO transfer_lines (id, transfer_id, product_id, qty) VALUES ('8fe90387-c4bb-4e52-948b-86431602c5fb', 'bc2f4abf-4373-43f4-8c13-eb6344f17a44', 'b79c27fc-9cf8-439f-b371-840f66da4c6e', 9);
INSERT INTO internal_transfers (id, reference, from_location, to_location, status, created_by, created_at) VALUES ('16917d9f-891e-4644-bce5-52b8a05895d6', 'TRF-MMQ6PQNU0426', 'ad75dfeb-fa23-4eac-8f38-95b9d3b10bd4', 'db30e5ad-68ee-4337-beea-22396dda808d', 'draft', '61a03009-42b9-4376-8707-57c903e7d745', '2026-03-03T03:22:20.730Z');
INSERT INTO transfer_lines (id, transfer_id, product_id, qty) VALUES ('9c8f09e8-d1ff-4faa-98fc-4b19947fc3dd', '16917d9f-891e-4644-bce5-52b8a05895d6', 'fb2050b4-2cd7-445b-a36f-70ce79bb8273', 10);
INSERT INTO transfer_lines (id, transfer_id, product_id, qty) VALUES ('c6bda6ef-07c4-469e-a96e-3b6425c2f18b', '16917d9f-891e-4644-bce5-52b8a05895d6', 'ee1dbb2e-1c80-4938-8f26-fb741deae50b', 7);
INSERT INTO internal_transfers (id, reference, from_location, to_location, status, created_by, created_at) VALUES ('a3e49de4-4763-459d-99df-9ad265db40c2', 'TRF-MMQ6PQNU0427', '6f5bc62b-b4fb-4344-940f-4775ebd8851d', 'ec77a02b-ad51-42f9-a4d3-6b7d64a99b49', 'draft', '745385a3-fbf0-4852-8018-daf647656db7', '2026-03-12T08:30:20.730Z');
INSERT INTO transfer_lines (id, transfer_id, product_id, qty) VALUES ('0c2e879e-bb20-4143-95ce-abeb52cddba3', 'a3e49de4-4763-459d-99df-9ad265db40c2', '23d55237-5a97-4d59-9ecc-ebd73ad7d5f2', 16);
INSERT INTO internal_transfers (id, reference, from_location, to_location, status, created_by, created_at) VALUES ('2ae25283-e7aa-448f-a3d4-0ce4b7c9e77c', 'TRF-MMQ6PQNU0428', '3b93c1c0-daa7-4826-9a3c-90f99b2d9710', '88381029-bb75-4ba1-868a-25bd2176c27b', 'draft', '590049cb-4666-47f7-a73e-7be69fcbdb71', '2026-02-23T12:21:20.730Z');
INSERT INTO transfer_lines (id, transfer_id, product_id, qty) VALUES ('55cb82a9-987c-426b-94e7-7a3bc6d2c50f', '2ae25283-e7aa-448f-a3d4-0ce4b7c9e77c', 'bc69d07f-398b-4266-b778-576b070bd779', 12);
INSERT INTO transfer_lines (id, transfer_id, product_id, qty) VALUES ('bae8b496-66b8-4e96-9b10-3daf3942f764', '2ae25283-e7aa-448f-a3d4-0ce4b7c9e77c', 'c009c438-fed7-40b0-8cf6-7833258eb0dc', 14);

-- 11. ADJUSTMENTS & LINES & LEDGER
INSERT INTO stock_adjustments (id, reference, location_id, reason, status, created_by, created_at) VALUES ('ad4070f2-c695-48fb-96ab-ec9c39b99797', 'ADJ-MMQ6PQNU0429', '94ae51e4-66f5-4ca3-ab58-71c577fd7ea7', 'Shrinkage', 'done', '9525d2a6-7a6f-4af7-af54-1710679a1930', '2026-03-13T05:13:20.730Z');
INSERT INTO adjustment_lines (id, adjustment_id, product_id, counted_qty, system_qty, difference) VALUES ('7b907b7b-56ba-4dab-ac16-1335d2d7f3c7', 'ad4070f2-c695-48fb-96ab-ec9c39b99797', 'bc69d07f-398b-4266-b778-576b070bd779', 0, 0, 0);
INSERT INTO stock_levels (id, product_id, location_id, quantity, updated_at) VALUES ('16f43785-3d8b-42b3-8691-c276dcc2ec5e', 'bc69d07f-398b-4266-b778-576b070bd779', '94ae51e4-66f5-4ca3-ab58-71c577fd7ea7', 0, '2026-03-13T05:13:20.730Z') ON CONFLICT (product_id, location_id) DO UPDATE SET quantity = EXCLUDED.quantity;
INSERT INTO stock_ledger (id, product_id, location_id, txn_type, txn_ref, qty_change, qty_after, created_at) VALUES ('023957cd-75c9-4997-a846-3e1fa7fa0ee2', 'bc69d07f-398b-4266-b778-576b070bd779', '94ae51e4-66f5-4ca3-ab58-71c577fd7ea7', 'adjustment', 'ADJ-MMQ6PQNU0430', 0, 0, '2026-03-13T05:13:20.730Z');
INSERT INTO adjustment_lines (id, adjustment_id, product_id, counted_qty, system_qty, difference) VALUES ('2eecdf82-ae80-45a1-993b-debb1d87fe1f', 'ad4070f2-c695-48fb-96ab-ec9c39b99797', '030e0aff-620e-4a76-82fe-e9cc4484b720', 0, 0, 0);
INSERT INTO stock_levels (id, product_id, location_id, quantity, updated_at) VALUES ('5002416e-1cc0-473a-b445-7a94d80f942d', '030e0aff-620e-4a76-82fe-e9cc4484b720', '94ae51e4-66f5-4ca3-ab58-71c577fd7ea7', 0, '2026-03-13T05:13:20.730Z') ON CONFLICT (product_id, location_id) DO UPDATE SET quantity = EXCLUDED.quantity;
INSERT INTO stock_ledger (id, product_id, location_id, txn_type, txn_ref, qty_change, qty_after, created_at) VALUES ('18c599f8-e25f-4a59-96e2-282e31f4b92a', '030e0aff-620e-4a76-82fe-e9cc4484b720', '94ae51e4-66f5-4ca3-ab58-71c577fd7ea7', 'adjustment', 'ADJ-MMQ6PQNU0431', 0, 0, '2026-03-13T05:13:20.730Z');
INSERT INTO stock_adjustments (id, reference, location_id, reason, status, created_by, created_at) VALUES ('235b5385-9e76-495d-8102-6f40ff436500', 'ADJ-MMQ6PQNU0432', 'aa26af2f-9b28-4543-a9f2-c67bf33072d2', 'Cycle count', 'done', 'de15c0c5-a19a-424a-aa23-0f02f56a9ba6', '2026-03-07T11:21:20.730Z');
INSERT INTO adjustment_lines (id, adjustment_id, product_id, counted_qty, system_qty, difference) VALUES ('8dd9556c-3e6f-459d-9272-0533c3ac16ae', '235b5385-9e76-495d-8102-6f40ff436500', 'd088ec4f-fad7-43e5-b887-15d33233e2b5', 5, 0, 5);
INSERT INTO stock_levels (id, product_id, location_id, quantity, updated_at) VALUES ('9277a645-30bd-4184-aff4-5467bb958cdf', 'd088ec4f-fad7-43e5-b887-15d33233e2b5', 'aa26af2f-9b28-4543-a9f2-c67bf33072d2', 5, '2026-03-07T11:21:20.730Z') ON CONFLICT (product_id, location_id) DO UPDATE SET quantity = EXCLUDED.quantity;
INSERT INTO stock_ledger (id, product_id, location_id, txn_type, txn_ref, qty_change, qty_after, created_at) VALUES ('64341d60-4a36-430b-aa57-0aebf762373a', 'd088ec4f-fad7-43e5-b887-15d33233e2b5', 'aa26af2f-9b28-4543-a9f2-c67bf33072d2', 'adjustment', 'ADJ-MMQ6PQNU0433', 5, 5, '2026-03-07T11:21:20.730Z');
INSERT INTO stock_adjustments (id, reference, location_id, reason, status, created_by, created_at) VALUES ('4e0e125b-5ce7-43d7-b93f-661e27a04cfc', 'ADJ-MMQ6PQNU0434', '3314d3ae-1334-48be-a617-7242f0ce20ed', 'Audit correction', 'done', '331ee985-db3e-46b1-8ec1-fd4e36b596f9', '2026-03-13T09:22:20.730Z');
INSERT INTO adjustment_lines (id, adjustment_id, product_id, counted_qty, system_qty, difference) VALUES ('b54822da-1f8b-421c-a65d-6d71cae1411d', '4e0e125b-5ce7-43d7-b93f-661e27a04cfc', '4cecf198-08ad-46bf-8f28-3830403c166c', 0, 0, 0);
INSERT INTO stock_levels (id, product_id, location_id, quantity, updated_at) VALUES ('fd9cc273-b006-44e7-879f-c48ba5aaccad', '4cecf198-08ad-46bf-8f28-3830403c166c', '3314d3ae-1334-48be-a617-7242f0ce20ed', 0, '2026-03-13T09:22:20.730Z') ON CONFLICT (product_id, location_id) DO UPDATE SET quantity = EXCLUDED.quantity;
INSERT INTO stock_ledger (id, product_id, location_id, txn_type, txn_ref, qty_change, qty_after, created_at) VALUES ('49369ccd-1778-4686-a46a-7048c269e87d', '4cecf198-08ad-46bf-8f28-3830403c166c', '3314d3ae-1334-48be-a617-7242f0ce20ed', 'adjustment', 'ADJ-MMQ6PQNU0435', 0, 0, '2026-03-13T09:22:20.730Z');
INSERT INTO stock_adjustments (id, reference, location_id, reason, status, created_by, created_at) VALUES ('ce3e48aa-dbc3-479b-8e62-9650279f6727', 'ADJ-MMQ6PQNU0436', 'cf2c0920-a9e0-411e-bf22-1e2881815ba3', 'Damaged goods', 'done', '7609277e-2130-422a-be54-c69ea35f3062', '2026-03-06T14:43:20.730Z');
INSERT INTO adjustment_lines (id, adjustment_id, product_id, counted_qty, system_qty, difference) VALUES ('b5ed28c9-5253-43a3-a636-bff7a259d729', 'ce3e48aa-dbc3-479b-8e62-9650279f6727', '77e55e80-d93d-481c-a018-853695be93cd', 1, 0, 1);
INSERT INTO stock_levels (id, product_id, location_id, quantity, updated_at) VALUES ('921f081f-becd-417a-8524-c6017f27eaa1', '77e55e80-d93d-481c-a018-853695be93cd', 'cf2c0920-a9e0-411e-bf22-1e2881815ba3', 1, '2026-03-06T14:43:20.730Z') ON CONFLICT (product_id, location_id) DO UPDATE SET quantity = EXCLUDED.quantity;
INSERT INTO stock_ledger (id, product_id, location_id, txn_type, txn_ref, qty_change, qty_after, created_at) VALUES ('068d326c-5159-47b5-a90c-3a900f07d375', '77e55e80-d93d-481c-a018-853695be93cd', 'cf2c0920-a9e0-411e-bf22-1e2881815ba3', 'adjustment', 'ADJ-MMQ6PQNU0437', 1, 1, '2026-03-06T14:43:20.730Z');
INSERT INTO adjustment_lines (id, adjustment_id, product_id, counted_qty, system_qty, difference) VALUES ('4edcba39-25a5-449c-b4d2-496d662da40a', 'ce3e48aa-dbc3-479b-8e62-9650279f6727', '949aad1e-b01e-4746-9104-b0537ff072bf', 0, 0, 0);
INSERT INTO stock_levels (id, product_id, location_id, quantity, updated_at) VALUES ('04d1dfbf-aa6d-41a0-9fec-9187ef0fae01', '949aad1e-b01e-4746-9104-b0537ff072bf', 'cf2c0920-a9e0-411e-bf22-1e2881815ba3', 0, '2026-03-06T14:43:20.730Z') ON CONFLICT (product_id, location_id) DO UPDATE SET quantity = EXCLUDED.quantity;
INSERT INTO stock_ledger (id, product_id, location_id, txn_type, txn_ref, qty_change, qty_after, created_at) VALUES ('3d0093da-0b8e-4462-b807-cdd206ba330b', '949aad1e-b01e-4746-9104-b0537ff072bf', 'cf2c0920-a9e0-411e-bf22-1e2881815ba3', 'adjustment', 'ADJ-MMQ6PQNU0438', 0, 0, '2026-03-06T14:43:20.730Z');
INSERT INTO stock_adjustments (id, reference, location_id, reason, status, created_by, created_at) VALUES ('3ae31c70-4a32-41de-bdb0-e7a475851de4', 'ADJ-MMQ6PQNU0439', 'aa26af2f-9b28-4543-a9f2-c67bf33072d2', 'Cycle count', 'done', 'de15c0c5-a19a-424a-aa23-0f02f56a9ba6', '2026-03-10T07:54:20.730Z');
INSERT INTO adjustment_lines (id, adjustment_id, product_id, counted_qty, system_qty, difference) VALUES ('cbe05a1d-1663-432b-a987-7022fe856162', '3ae31c70-4a32-41de-bdb0-e7a475851de4', '2b2d6d2f-5fd0-4aef-b462-f6d84959d51a', 10, 0, 10);
INSERT INTO stock_levels (id, product_id, location_id, quantity, updated_at) VALUES ('e3234ff0-488e-4136-8efd-6461d3378329', '2b2d6d2f-5fd0-4aef-b462-f6d84959d51a', 'aa26af2f-9b28-4543-a9f2-c67bf33072d2', 10, '2026-03-10T07:54:20.730Z') ON CONFLICT (product_id, location_id) DO UPDATE SET quantity = EXCLUDED.quantity;
INSERT INTO stock_ledger (id, product_id, location_id, txn_type, txn_ref, qty_change, qty_after, created_at) VALUES ('af8b7452-94e7-48a7-9038-cafb9d315b64', '2b2d6d2f-5fd0-4aef-b462-f6d84959d51a', 'aa26af2f-9b28-4543-a9f2-c67bf33072d2', 'adjustment', 'ADJ-MMQ6PQNU0440', 10, 10, '2026-03-10T07:54:20.730Z');
INSERT INTO stock_adjustments (id, reference, location_id, reason, status, created_by, created_at) VALUES ('4db68af8-61b0-49eb-a6db-1b6b14252da3', 'ADJ-MMQ6PQNU0441', '52a0d542-7526-475e-ba69-9eb68de75cda', 'Cycle count', 'done', 'a5ff0611-f9b3-489f-a472-d356909d5f83', '2026-03-11T10:46:20.730Z');
INSERT INTO adjustment_lines (id, adjustment_id, product_id, counted_qty, system_qty, difference) VALUES ('e9f5e630-a693-44cd-b9d5-e171642ed692', '4db68af8-61b0-49eb-a6db-1b6b14252da3', '3aedcc6c-cc44-4a12-a7ce-7120912e008b', 7, 0, 7);
INSERT INTO stock_levels (id, product_id, location_id, quantity, updated_at) VALUES ('085c88a1-76ec-477f-9156-aac6f54ecd5b', '3aedcc6c-cc44-4a12-a7ce-7120912e008b', '52a0d542-7526-475e-ba69-9eb68de75cda', 7, '2026-03-11T10:46:20.730Z') ON CONFLICT (product_id, location_id) DO UPDATE SET quantity = EXCLUDED.quantity;
INSERT INTO stock_ledger (id, product_id, location_id, txn_type, txn_ref, qty_change, qty_after, created_at) VALUES ('83733e97-ccd1-45d5-8b67-9614255b3ad9', '3aedcc6c-cc44-4a12-a7ce-7120912e008b', '52a0d542-7526-475e-ba69-9eb68de75cda', 'adjustment', 'ADJ-MMQ6PQNU0442', 7, 7, '2026-03-11T10:46:20.730Z');
INSERT INTO adjustment_lines (id, adjustment_id, product_id, counted_qty, system_qty, difference) VALUES ('3921255c-4e5f-45cf-9b19-9d0cf408ae42', '4db68af8-61b0-49eb-a6db-1b6b14252da3', 'fb2050b4-2cd7-445b-a36f-70ce79bb8273', 0, 0, 0);
INSERT INTO stock_levels (id, product_id, location_id, quantity, updated_at) VALUES ('efb63114-c5ca-4813-8042-78c02334f121', 'fb2050b4-2cd7-445b-a36f-70ce79bb8273', '52a0d542-7526-475e-ba69-9eb68de75cda', 0, '2026-03-11T10:46:20.730Z') ON CONFLICT (product_id, location_id) DO UPDATE SET quantity = EXCLUDED.quantity;
INSERT INTO stock_ledger (id, product_id, location_id, txn_type, txn_ref, qty_change, qty_after, created_at) VALUES ('b6d66662-449f-4cb0-a184-2c8a05d4ccb5', 'fb2050b4-2cd7-445b-a36f-70ce79bb8273', '52a0d542-7526-475e-ba69-9eb68de75cda', 'adjustment', 'ADJ-MMQ6PQNU0443', 0, 0, '2026-03-11T10:46:20.730Z');
INSERT INTO stock_adjustments (id, reference, location_id, reason, status, created_by, created_at) VALUES ('e5b1f34b-e3cb-4702-9540-6c8105f5b13e', 'ADJ-MMQ6PQNU0444', '149415f8-3a14-4864-b6a5-d892fb7af719', 'Audit correction', 'done', '83a03042-67f5-458e-be99-a02d92650c39', '2026-03-08T01:31:20.730Z');
INSERT INTO adjustment_lines (id, adjustment_id, product_id, counted_qty, system_qty, difference) VALUES ('06856c0c-fe63-4012-8725-98a515d18569', 'e5b1f34b-e3cb-4702-9540-6c8105f5b13e', 'b5422929-a4b9-44fd-832a-6fe71682fbcc', 0, 0, 0);
INSERT INTO stock_levels (id, product_id, location_id, quantity, updated_at) VALUES ('e2bd107e-1017-4845-b982-46beecb8cbf6', 'b5422929-a4b9-44fd-832a-6fe71682fbcc', '149415f8-3a14-4864-b6a5-d892fb7af719', 0, '2026-03-08T01:31:20.730Z') ON CONFLICT (product_id, location_id) DO UPDATE SET quantity = EXCLUDED.quantity;
INSERT INTO stock_ledger (id, product_id, location_id, txn_type, txn_ref, qty_change, qty_after, created_at) VALUES ('fb71d79a-721c-44ab-8607-1f88a889a95f', 'b5422929-a4b9-44fd-832a-6fe71682fbcc', '149415f8-3a14-4864-b6a5-d892fb7af719', 'adjustment', 'ADJ-MMQ6PQNU0445', 0, 0, '2026-03-08T01:31:20.730Z');
INSERT INTO stock_adjustments (id, reference, location_id, reason, status, created_by, created_at) VALUES ('ea9c9b94-5253-4941-94aa-4c2751bcc8b3', 'ADJ-MMQ6PQNU0446', 'a1cab631-22d0-463e-bf9b-71ecd48a580c', 'Shrinkage', 'done', '22d5b928-2450-40b2-9131-1ed029b449c4', '2026-03-10T03:43:20.730Z');
INSERT INTO adjustment_lines (id, adjustment_id, product_id, counted_qty, system_qty, difference) VALUES ('0563e6bb-015a-40b4-a2ea-9014220d39b9', 'ea9c9b94-5253-4941-94aa-4c2751bcc8b3', '341564ac-060c-4c59-abb5-9e4789c3ee0d', 0, 0, 0);
INSERT INTO stock_levels (id, product_id, location_id, quantity, updated_at) VALUES ('2e013f85-0ffb-42de-8b7b-58a02219fb10', '341564ac-060c-4c59-abb5-9e4789c3ee0d', 'a1cab631-22d0-463e-bf9b-71ecd48a580c', 0, '2026-03-10T03:43:20.730Z') ON CONFLICT (product_id, location_id) DO UPDATE SET quantity = EXCLUDED.quantity;
INSERT INTO stock_ledger (id, product_id, location_id, txn_type, txn_ref, qty_change, qty_after, created_at) VALUES ('8007d87d-2ca6-4c78-a605-b8e5bce3e3d6', '341564ac-060c-4c59-abb5-9e4789c3ee0d', 'a1cab631-22d0-463e-bf9b-71ecd48a580c', 'adjustment', 'ADJ-MMQ6PQNU0447', 0, 0, '2026-03-10T03:43:20.730Z');
INSERT INTO stock_adjustments (id, reference, location_id, reason, status, created_by, created_at) VALUES ('1f899479-01a1-42ad-8045-7c420be994f9', 'ADJ-MMQ6PQNU0448', 'a1cab631-22d0-463e-bf9b-71ecd48a580c', 'Shrinkage', 'done', '7c7cc594-72c0-464f-917a-ab5da13a3aa9', '2026-03-11T10:52:20.730Z');
INSERT INTO adjustment_lines (id, adjustment_id, product_id, counted_qty, system_qty, difference) VALUES ('e87ebfd5-e3a4-4ccb-83f0-e235df08cc39', '1f899479-01a1-42ad-8045-7c420be994f9', 'bae0590b-d7cc-40d6-b857-fbf7d0c17ae1', 7, 0, 7);
INSERT INTO stock_levels (id, product_id, location_id, quantity, updated_at) VALUES ('a8c69035-1c09-47ce-887d-d2619edc9eef', 'bae0590b-d7cc-40d6-b857-fbf7d0c17ae1', 'a1cab631-22d0-463e-bf9b-71ecd48a580c', 7, '2026-03-11T10:52:20.730Z') ON CONFLICT (product_id, location_id) DO UPDATE SET quantity = EXCLUDED.quantity;
INSERT INTO stock_ledger (id, product_id, location_id, txn_type, txn_ref, qty_change, qty_after, created_at) VALUES ('1faeeabc-f3ae-46f3-bc1e-5f22a4d7bf0e', 'bae0590b-d7cc-40d6-b857-fbf7d0c17ae1', 'a1cab631-22d0-463e-bf9b-71ecd48a580c', 'adjustment', 'ADJ-MMQ6PQNU0449', 7, 7, '2026-03-11T10:52:20.730Z');
INSERT INTO adjustment_lines (id, adjustment_id, product_id, counted_qty, system_qty, difference) VALUES ('886a8a78-43b9-4ae2-b668-e2914177d99e', '1f899479-01a1-42ad-8045-7c420be994f9', 'd2b7a318-a871-4f4d-a9a4-4a5e20e2c282', 0, 0, 0);
INSERT INTO stock_levels (id, product_id, location_id, quantity, updated_at) VALUES ('6c34abfb-ffa5-46c6-bd6e-2cd982dce4d8', 'd2b7a318-a871-4f4d-a9a4-4a5e20e2c282', 'a1cab631-22d0-463e-bf9b-71ecd48a580c', 0, '2026-03-11T10:52:20.730Z') ON CONFLICT (product_id, location_id) DO UPDATE SET quantity = EXCLUDED.quantity;
INSERT INTO stock_ledger (id, product_id, location_id, txn_type, txn_ref, qty_change, qty_after, created_at) VALUES ('137bc60d-a791-45c7-b078-4d488b49a217', 'd2b7a318-a871-4f4d-a9a4-4a5e20e2c282', 'a1cab631-22d0-463e-bf9b-71ecd48a580c', 'adjustment', 'ADJ-MMQ6PQNU0450', 0, 0, '2026-03-11T10:52:20.730Z');
INSERT INTO stock_adjustments (id, reference, location_id, reason, status, created_by, created_at) VALUES ('6271fafd-f96e-4c5d-92bd-15afa9b013cf', 'ADJ-MMQ6PQNU0451', '32e7dce7-4b31-4da9-b31b-1cf593dda08d', 'Cycle count', 'done', '1e59c0e9-7ebd-4102-80fb-b1abaa3d16f6', '2026-03-13T01:36:20.730Z');
INSERT INTO adjustment_lines (id, adjustment_id, product_id, counted_qty, system_qty, difference) VALUES ('55b4093e-bbac-467e-a295-117132df8a27', '6271fafd-f96e-4c5d-92bd-15afa9b013cf', '894d7f03-cb13-4ab2-856e-ce053c948fe5', 7, 0, 7);
INSERT INTO stock_levels (id, product_id, location_id, quantity, updated_at) VALUES ('08112548-e142-4aa8-a959-553faaaecc68', '894d7f03-cb13-4ab2-856e-ce053c948fe5', '32e7dce7-4b31-4da9-b31b-1cf593dda08d', 7, '2026-03-13T01:36:20.730Z') ON CONFLICT (product_id, location_id) DO UPDATE SET quantity = EXCLUDED.quantity;
INSERT INTO stock_ledger (id, product_id, location_id, txn_type, txn_ref, qty_change, qty_after, created_at) VALUES ('5126092f-d638-47c4-9c16-af91a5b95460', '894d7f03-cb13-4ab2-856e-ce053c948fe5', '32e7dce7-4b31-4da9-b31b-1cf593dda08d', 'adjustment', 'ADJ-MMQ6PQNU0452', 7, 7, '2026-03-13T01:36:20.730Z');
INSERT INTO adjustment_lines (id, adjustment_id, product_id, counted_qty, system_qty, difference) VALUES ('6269ae26-76b7-40cf-b948-7be48a906e29', '6271fafd-f96e-4c5d-92bd-15afa9b013cf', '030e0aff-620e-4a76-82fe-e9cc4484b720', 0, 0, 0);
INSERT INTO stock_levels (id, product_id, location_id, quantity, updated_at) VALUES ('4aafb235-d7a8-4559-91f0-6d5b19904f7a', '030e0aff-620e-4a76-82fe-e9cc4484b720', '32e7dce7-4b31-4da9-b31b-1cf593dda08d', 0, '2026-03-13T01:36:20.730Z') ON CONFLICT (product_id, location_id) DO UPDATE SET quantity = EXCLUDED.quantity;
INSERT INTO stock_ledger (id, product_id, location_id, txn_type, txn_ref, qty_change, qty_after, created_at) VALUES ('d6f1efde-01af-4b95-8e8d-5a2822750a1d', '030e0aff-620e-4a76-82fe-e9cc4484b720', '32e7dce7-4b31-4da9-b31b-1cf593dda08d', 'adjustment', 'ADJ-MMQ6PQNU0453', 0, 0, '2026-03-13T01:36:20.730Z');
INSERT INTO stock_adjustments (id, reference, location_id, reason, status, created_by, created_at) VALUES ('1fae3038-c3eb-48ff-b8de-3765f16bd2fd', 'ADJ-MMQ6PQNU0454', '1050eaeb-bc5f-4e04-89ac-902a7a79622a', 'Audit correction', 'done', 'b567a271-fe11-4814-8b33-4ab4ca8fdcea', '2026-03-06T03:15:20.730Z');
INSERT INTO adjustment_lines (id, adjustment_id, product_id, counted_qty, system_qty, difference) VALUES ('8d5a9ea5-9d60-4027-9945-849d15572464', '1fae3038-c3eb-48ff-b8de-3765f16bd2fd', 'abffdbb7-5129-405c-aaad-7505948fb8d1', 59, 57, 2);
INSERT INTO stock_levels (id, product_id, location_id, quantity, updated_at) VALUES ('4246a865-6570-4e8d-b2b4-e38049382bf8', 'abffdbb7-5129-405c-aaad-7505948fb8d1', '1050eaeb-bc5f-4e04-89ac-902a7a79622a', 59, '2026-03-06T03:15:20.730Z') ON CONFLICT (product_id, location_id) DO UPDATE SET quantity = EXCLUDED.quantity;
INSERT INTO stock_ledger (id, product_id, location_id, txn_type, txn_ref, qty_change, qty_after, created_at) VALUES ('83e841a5-29e7-4915-8202-d32d95bd0c7a', 'abffdbb7-5129-405c-aaad-7505948fb8d1', '1050eaeb-bc5f-4e04-89ac-902a7a79622a', 'adjustment', 'ADJ-MMQ6PQNU0455', 2, 59, '2026-03-06T03:15:20.730Z');
INSERT INTO adjustment_lines (id, adjustment_id, product_id, counted_qty, system_qty, difference) VALUES ('cc4465a9-18d7-4117-afa3-f829f4f33988', '1fae3038-c3eb-48ff-b8de-3765f16bd2fd', 'ee1dbb2e-1c80-4938-8f26-fb741deae50b', 2, 12, -10);
INSERT INTO stock_levels (id, product_id, location_id, quantity, updated_at) VALUES ('9f3b0bb0-385b-45b8-b49b-800abe0f43bf', 'ee1dbb2e-1c80-4938-8f26-fb741deae50b', '1050eaeb-bc5f-4e04-89ac-902a7a79622a', 2, '2026-03-06T03:15:20.730Z') ON CONFLICT (product_id, location_id) DO UPDATE SET quantity = EXCLUDED.quantity;
INSERT INTO stock_ledger (id, product_id, location_id, txn_type, txn_ref, qty_change, qty_after, created_at) VALUES ('ffda5a00-94ab-4798-8735-90ab3b58c0c5', 'ee1dbb2e-1c80-4938-8f26-fb741deae50b', '1050eaeb-bc5f-4e04-89ac-902a7a79622a', 'adjustment', 'ADJ-MMQ6PQNU0456', -10, 2, '2026-03-06T03:15:20.730Z');
INSERT INTO stock_adjustments (id, reference, location_id, reason, status, created_by, created_at) VALUES ('79deeaee-0396-403f-a4a6-d02ca9bed57f', 'ADJ-MMQ6PQNU0457', '94ae51e4-66f5-4ca3-ab58-71c577fd7ea7', 'Damaged goods', 'done', '5f697995-bd67-4fb0-aba6-398c6a7013b7', '2026-03-04T07:17:20.730Z');
INSERT INTO adjustment_lines (id, adjustment_id, product_id, counted_qty, system_qty, difference) VALUES ('339035ab-abf2-4b8c-894b-f6c707c1cc09', '79deeaee-0396-403f-a4a6-d02ca9bed57f', '030e0aff-620e-4a76-82fe-e9cc4484b720', 4, 0, 4);
INSERT INTO stock_levels (id, product_id, location_id, quantity, updated_at) VALUES ('a2f11cf0-fd79-4fa0-a0f4-ed0ad6bb99f6', '030e0aff-620e-4a76-82fe-e9cc4484b720', '94ae51e4-66f5-4ca3-ab58-71c577fd7ea7', 4, '2026-03-04T07:17:20.730Z') ON CONFLICT (product_id, location_id) DO UPDATE SET quantity = EXCLUDED.quantity;
INSERT INTO stock_ledger (id, product_id, location_id, txn_type, txn_ref, qty_change, qty_after, created_at) VALUES ('5c85a310-153e-4d14-9377-bed0dd1122d5', '030e0aff-620e-4a76-82fe-e9cc4484b720', '94ae51e4-66f5-4ca3-ab58-71c577fd7ea7', 'adjustment', 'ADJ-MMQ6PQNU0458', 4, 4, '2026-03-04T07:17:20.730Z');
INSERT INTO stock_adjustments (id, reference, location_id, reason, status, created_by, created_at) VALUES ('57827e4f-3978-44b3-9a4a-f48e2d2939d8', 'ADJ-MMQ6PQNU0459', 'db30e5ad-68ee-4337-beea-22396dda808d', 'Audit correction', 'done', '51eb0bc5-3fdb-4cec-8a98-77ec45ac4069', '2026-03-09T02:56:20.730Z');
INSERT INTO adjustment_lines (id, adjustment_id, product_id, counted_qty, system_qty, difference) VALUES ('6f0240fe-bc5c-4b3d-97fe-d47d05182af4', '57827e4f-3978-44b3-9a4a-f48e2d2939d8', 'b79c27fc-9cf8-439f-b371-840f66da4c6e', 0, 0, 0);
INSERT INTO stock_levels (id, product_id, location_id, quantity, updated_at) VALUES ('987f8b19-2d0b-4a17-9670-d2b3124cc2eb', 'b79c27fc-9cf8-439f-b371-840f66da4c6e', 'db30e5ad-68ee-4337-beea-22396dda808d', 0, '2026-03-09T02:56:20.730Z') ON CONFLICT (product_id, location_id) DO UPDATE SET quantity = EXCLUDED.quantity;
INSERT INTO stock_ledger (id, product_id, location_id, txn_type, txn_ref, qty_change, qty_after, created_at) VALUES ('af45f9a5-dcd3-4911-94dc-01efb9ba67f7', 'b79c27fc-9cf8-439f-b371-840f66da4c6e', 'db30e5ad-68ee-4337-beea-22396dda808d', 'adjustment', 'ADJ-MMQ6PQNU0460', 0, 0, '2026-03-09T02:56:20.730Z');
INSERT INTO adjustment_lines (id, adjustment_id, product_id, counted_qty, system_qty, difference) VALUES ('0d55d2de-46db-4485-960c-62f17f063198', '57827e4f-3978-44b3-9a4a-f48e2d2939d8', 'fb2050b4-2cd7-445b-a36f-70ce79bb8273', 0, 0, 0);
INSERT INTO stock_levels (id, product_id, location_id, quantity, updated_at) VALUES ('5ded6aa1-3092-49ce-91cf-c276d39c3359', 'fb2050b4-2cd7-445b-a36f-70ce79bb8273', 'db30e5ad-68ee-4337-beea-22396dda808d', 0, '2026-03-09T02:56:20.730Z') ON CONFLICT (product_id, location_id) DO UPDATE SET quantity = EXCLUDED.quantity;
INSERT INTO stock_ledger (id, product_id, location_id, txn_type, txn_ref, qty_change, qty_after, created_at) VALUES ('635325a6-00df-4002-9553-c0fe0bf053cd', 'fb2050b4-2cd7-445b-a36f-70ce79bb8273', 'db30e5ad-68ee-4337-beea-22396dda808d', 'adjustment', 'ADJ-MMQ6PQNU0461', 0, 0, '2026-03-09T02:56:20.730Z');
INSERT INTO stock_adjustments (id, reference, location_id, reason, status, created_by, created_at) VALUES ('a54e2262-99c3-43a0-b652-a618062cee54', 'ADJ-MMQ6PQNU0462', '1050eaeb-bc5f-4e04-89ac-902a7a79622a', 'Damaged goods', 'done', 'def724a2-bc98-407c-9633-503918bfaa1f', '2026-03-10T08:35:20.730Z');
INSERT INTO adjustment_lines (id, adjustment_id, product_id, counted_qty, system_qty, difference) VALUES ('91f669a8-42ff-4195-a746-4d69db96e656', 'a54e2262-99c3-43a0-b652-a618062cee54', '3aedcc6c-cc44-4a12-a7ce-7120912e008b', 0, 0, 0);
INSERT INTO stock_levels (id, product_id, location_id, quantity, updated_at) VALUES ('ee06614c-329c-4a09-861a-3a02e51a8949', '3aedcc6c-cc44-4a12-a7ce-7120912e008b', '1050eaeb-bc5f-4e04-89ac-902a7a79622a', 0, '2026-03-10T08:35:20.730Z') ON CONFLICT (product_id, location_id) DO UPDATE SET quantity = EXCLUDED.quantity;
INSERT INTO stock_ledger (id, product_id, location_id, txn_type, txn_ref, qty_change, qty_after, created_at) VALUES ('a5cfee0d-cf8c-4df6-875b-e06e79df0b07', '3aedcc6c-cc44-4a12-a7ce-7120912e008b', '1050eaeb-bc5f-4e04-89ac-902a7a79622a', 'adjustment', 'ADJ-MMQ6PQNU0463', 0, 0, '2026-03-10T08:35:20.730Z');
INSERT INTO stock_adjustments (id, reference, location_id, reason, status, created_by, created_at) VALUES ('b67720b0-2fe8-4190-85f8-691d57eeb96d', 'ADJ-MMQ6PQNU0464', 'cf2c0920-a9e0-411e-bf22-1e2881815ba3', 'Audit correction', 'done', 'def724a2-bc98-407c-9633-503918bfaa1f', '2026-03-08T08:51:20.730Z');
INSERT INTO adjustment_lines (id, adjustment_id, product_id, counted_qty, system_qty, difference) VALUES ('51d5354b-c251-46c4-9e59-7ef2c7ebe529', 'b67720b0-2fe8-4190-85f8-691d57eeb96d', '9f750834-e2d8-4a5c-a53f-c549f9ede5c0', 0, 0, 0);
INSERT INTO stock_levels (id, product_id, location_id, quantity, updated_at) VALUES ('9892b268-dd49-4e33-9be1-6520fa1bfa2a', '9f750834-e2d8-4a5c-a53f-c549f9ede5c0', 'cf2c0920-a9e0-411e-bf22-1e2881815ba3', 0, '2026-03-08T08:51:20.730Z') ON CONFLICT (product_id, location_id) DO UPDATE SET quantity = EXCLUDED.quantity;
INSERT INTO stock_ledger (id, product_id, location_id, txn_type, txn_ref, qty_change, qty_after, created_at) VALUES ('0c6303aa-4517-4676-8c08-5d548b8818da', '9f750834-e2d8-4a5c-a53f-c549f9ede5c0', 'cf2c0920-a9e0-411e-bf22-1e2881815ba3', 'adjustment', 'ADJ-MMQ6PQNU0465', 0, 0, '2026-03-08T08:51:20.730Z');
INSERT INTO adjustment_lines (id, adjustment_id, product_id, counted_qty, system_qty, difference) VALUES ('8c700c4b-a70b-4629-b334-2fcc1577db73', 'b67720b0-2fe8-4190-85f8-691d57eeb96d', '3e2ce3c3-3e37-4268-a410-0cb4fb78e7c1', 0, 0, 0);
INSERT INTO stock_levels (id, product_id, location_id, quantity, updated_at) VALUES ('ad132c75-cb2b-4501-9e23-9fa5b768206d', '3e2ce3c3-3e37-4268-a410-0cb4fb78e7c1', 'cf2c0920-a9e0-411e-bf22-1e2881815ba3', 0, '2026-03-08T08:51:20.730Z') ON CONFLICT (product_id, location_id) DO UPDATE SET quantity = EXCLUDED.quantity;
INSERT INTO stock_ledger (id, product_id, location_id, txn_type, txn_ref, qty_change, qty_after, created_at) VALUES ('4277b509-8817-45c9-bc69-8fcb31f73f68', '3e2ce3c3-3e37-4268-a410-0cb4fb78e7c1', 'cf2c0920-a9e0-411e-bf22-1e2881815ba3', 'adjustment', 'ADJ-MMQ6PQNU0466', 0, 0, '2026-03-08T08:51:20.730Z');
INSERT INTO stock_adjustments (id, reference, location_id, reason, status, created_by, created_at) VALUES ('7318fdd1-bcb2-4f96-a8e9-3bee8a2c0068', 'ADJ-MMQ6PQNU0467', '66930ff7-e2cf-414b-ae08-4577ec2836dd', 'Shrinkage', 'done', 'de15c0c5-a19a-424a-aa23-0f02f56a9ba6', '2026-03-06T01:42:20.730Z');
INSERT INTO adjustment_lines (id, adjustment_id, product_id, counted_qty, system_qty, difference) VALUES ('d945d755-079b-4a65-8f25-77ef49fc1887', '7318fdd1-bcb2-4f96-a8e9-3bee8a2c0068', 'd088ec4f-fad7-43e5-b887-15d33233e2b5', 148, 154, -6);
INSERT INTO stock_levels (id, product_id, location_id, quantity, updated_at) VALUES ('8782c8a4-0e73-4740-8177-d0871727966f', 'd088ec4f-fad7-43e5-b887-15d33233e2b5', '66930ff7-e2cf-414b-ae08-4577ec2836dd', 148, '2026-03-06T01:42:20.730Z') ON CONFLICT (product_id, location_id) DO UPDATE SET quantity = EXCLUDED.quantity;
INSERT INTO stock_ledger (id, product_id, location_id, txn_type, txn_ref, qty_change, qty_after, created_at) VALUES ('4dd49a6b-e61f-4bbc-965d-c23515757ca2', 'd088ec4f-fad7-43e5-b887-15d33233e2b5', '66930ff7-e2cf-414b-ae08-4577ec2836dd', 'adjustment', 'ADJ-MMQ6PQNU0468', -6, 148, '2026-03-06T01:42:20.730Z');
INSERT INTO stock_adjustments (id, reference, location_id, reason, status, created_by, created_at) VALUES ('7c01b9e1-4432-4b57-8036-145f08feb8ca', 'ADJ-MMQ6PQNU0469', '1050eaeb-bc5f-4e04-89ac-902a7a79622a', 'Shrinkage', 'done', '230f72da-b2e5-42e3-8d80-7288ef1ebe00', '2026-03-07T06:47:20.730Z');
INSERT INTO adjustment_lines (id, adjustment_id, product_id, counted_qty, system_qty, difference) VALUES ('d7b71ea6-0f0e-4992-8ffb-087e7ef00521', '7c01b9e1-4432-4b57-8036-145f08feb8ca', '11396fec-6686-4512-aa0e-1fd12f13607f', 10, 0, 10);
INSERT INTO stock_levels (id, product_id, location_id, quantity, updated_at) VALUES ('fa3f76c7-75ed-4fa6-9f75-24334d0db3b8', '11396fec-6686-4512-aa0e-1fd12f13607f', '1050eaeb-bc5f-4e04-89ac-902a7a79622a', 10, '2026-03-07T06:47:20.730Z') ON CONFLICT (product_id, location_id) DO UPDATE SET quantity = EXCLUDED.quantity;
INSERT INTO stock_ledger (id, product_id, location_id, txn_type, txn_ref, qty_change, qty_after, created_at) VALUES ('c58100f8-d411-4e20-be6e-02583ab08024', '11396fec-6686-4512-aa0e-1fd12f13607f', '1050eaeb-bc5f-4e04-89ac-902a7a79622a', 'adjustment', 'ADJ-MMQ6PQNU0470', 10, 10, '2026-03-07T06:47:20.730Z');
INSERT INTO stock_adjustments (id, reference, location_id, reason, status, created_by, created_at) VALUES ('5594f70f-8f93-46ba-bd26-d59b95fd8127', 'ADJ-MMQ6PQNU0471', '66930ff7-e2cf-414b-ae08-4577ec2836dd', 'Shrinkage', 'done', '590049cb-4666-47f7-a73e-7be69fcbdb71', '2026-03-05T01:39:20.730Z');
INSERT INTO adjustment_lines (id, adjustment_id, product_id, counted_qty, system_qty, difference) VALUES ('0c779d57-2114-4fe4-a997-4cbbfc5796bc', '5594f70f-8f93-46ba-bd26-d59b95fd8127', '2bf7ab0f-c764-4bab-8bfb-c1328e539141', 0, 0, 0);
INSERT INTO stock_levels (id, product_id, location_id, quantity, updated_at) VALUES ('7101751e-9ddd-477c-bf81-b6550ad2210a', '2bf7ab0f-c764-4bab-8bfb-c1328e539141', '66930ff7-e2cf-414b-ae08-4577ec2836dd', 0, '2026-03-05T01:39:20.730Z') ON CONFLICT (product_id, location_id) DO UPDATE SET quantity = EXCLUDED.quantity;
INSERT INTO stock_ledger (id, product_id, location_id, txn_type, txn_ref, qty_change, qty_after, created_at) VALUES ('03f3cc70-fa9b-4962-a0c5-503ce3da3d44', '2bf7ab0f-c764-4bab-8bfb-c1328e539141', '66930ff7-e2cf-414b-ae08-4577ec2836dd', 'adjustment', 'ADJ-MMQ6PQNU0472', 0, 0, '2026-03-05T01:39:20.730Z');
INSERT INTO stock_adjustments (id, reference, location_id, reason, status, created_by, created_at) VALUES ('c7a8b175-9970-400b-8ebb-4c630d9aba91', 'ADJ-MMQ6PQNU0473', '3b93c1c0-daa7-4826-9a3c-90f99b2d9710', 'Damaged goods', 'done', 'd6443725-9296-4756-9f8c-7a98df672b31', '2026-03-12T06:00:20.730Z');
INSERT INTO adjustment_lines (id, adjustment_id, product_id, counted_qty, system_qty, difference) VALUES ('74775e2d-6830-46e6-97c0-31ffe3b42a71', 'c7a8b175-9970-400b-8ebb-4c630d9aba91', '055543a7-bf87-4cac-946a-c6d9832c109a', 24, 30, -6);
INSERT INTO stock_levels (id, product_id, location_id, quantity, updated_at) VALUES ('af38d9d3-39e6-42d6-baae-a18495e9bc15', '055543a7-bf87-4cac-946a-c6d9832c109a', '3b93c1c0-daa7-4826-9a3c-90f99b2d9710', 24, '2026-03-12T06:00:20.730Z') ON CONFLICT (product_id, location_id) DO UPDATE SET quantity = EXCLUDED.quantity;
INSERT INTO stock_ledger (id, product_id, location_id, txn_type, txn_ref, qty_change, qty_after, created_at) VALUES ('c6a3caeb-bd11-4868-8537-1008123eef34', '055543a7-bf87-4cac-946a-c6d9832c109a', '3b93c1c0-daa7-4826-9a3c-90f99b2d9710', 'adjustment', 'ADJ-MMQ6PQNU0474', -6, 24, '2026-03-12T06:00:20.730Z');
INSERT INTO adjustment_lines (id, adjustment_id, product_id, counted_qty, system_qty, difference) VALUES ('5cf514ea-d2f5-4695-9275-95930dde281a', 'c7a8b175-9970-400b-8ebb-4c630d9aba91', 'd2b3d8e3-b42d-421c-9486-66bf40968391', 0, 0, 0);
INSERT INTO stock_levels (id, product_id, location_id, quantity, updated_at) VALUES ('1616bdd8-0511-4aa1-85b6-9460cd483867', 'd2b3d8e3-b42d-421c-9486-66bf40968391', '3b93c1c0-daa7-4826-9a3c-90f99b2d9710', 0, '2026-03-12T06:00:20.730Z') ON CONFLICT (product_id, location_id) DO UPDATE SET quantity = EXCLUDED.quantity;
INSERT INTO stock_ledger (id, product_id, location_id, txn_type, txn_ref, qty_change, qty_after, created_at) VALUES ('950c6140-dca7-4166-9d07-0258792be94d', 'd2b3d8e3-b42d-421c-9486-66bf40968391', '3b93c1c0-daa7-4826-9a3c-90f99b2d9710', 'adjustment', 'ADJ-MMQ6PQNU0475', 0, 0, '2026-03-12T06:00:20.730Z');
INSERT INTO stock_adjustments (id, reference, location_id, reason, status, created_by, created_at) VALUES ('1a245220-6c59-49dd-95bc-98c09517ceb6', 'ADJ-MMQ6PQNU0476', 'cf2c0920-a9e0-411e-bf22-1e2881815ba3', 'Cycle count', 'done', '119476c5-3048-4c8a-b2b7-2fb24901fbc2', '2026-03-04T12:19:20.730Z');
INSERT INTO adjustment_lines (id, adjustment_id, product_id, counted_qty, system_qty, difference) VALUES ('80227d22-dbbb-4b7a-b237-c2f7ff863dec', '1a245220-6c59-49dd-95bc-98c09517ceb6', 'b0622c6e-94ff-454f-835c-1e6da5975727', 0, 0, 0);
INSERT INTO stock_levels (id, product_id, location_id, quantity, updated_at) VALUES ('d27d929a-627a-4ca0-a32f-0f08709893f1', 'b0622c6e-94ff-454f-835c-1e6da5975727', 'cf2c0920-a9e0-411e-bf22-1e2881815ba3', 0, '2026-03-04T12:19:20.730Z') ON CONFLICT (product_id, location_id) DO UPDATE SET quantity = EXCLUDED.quantity;
INSERT INTO stock_ledger (id, product_id, location_id, txn_type, txn_ref, qty_change, qty_after, created_at) VALUES ('9450a475-d368-4f58-865e-4341a908f257', 'b0622c6e-94ff-454f-835c-1e6da5975727', 'cf2c0920-a9e0-411e-bf22-1e2881815ba3', 'adjustment', 'ADJ-MMQ6PQNU0477', 0, 0, '2026-03-04T12:19:20.730Z');
INSERT INTO stock_adjustments (id, reference, location_id, reason, status, created_by, created_at) VALUES ('7c8bef60-6b9f-408a-8963-e2d86e4bd310', 'ADJ-MMQ6PQNU0478', '377d3890-ca20-4839-9a14-f0a807339209', 'Shrinkage', 'done', '230f72da-b2e5-42e3-8d80-7288ef1ebe00', '2026-03-09T02:23:20.730Z');
INSERT INTO adjustment_lines (id, adjustment_id, product_id, counted_qty, system_qty, difference) VALUES ('1485c848-7b86-4716-b82b-8a1c54087dca', '7c8bef60-6b9f-408a-8963-e2d86e4bd310', '5afd699a-66a5-41ae-9e4f-6aba016893c9', 1, 0, 1);
INSERT INTO stock_levels (id, product_id, location_id, quantity, updated_at) VALUES ('d07aadfb-a972-4972-8aac-c05027a453f9', '5afd699a-66a5-41ae-9e4f-6aba016893c9', '377d3890-ca20-4839-9a14-f0a807339209', 1, '2026-03-09T02:23:20.730Z') ON CONFLICT (product_id, location_id) DO UPDATE SET quantity = EXCLUDED.quantity;
INSERT INTO stock_ledger (id, product_id, location_id, txn_type, txn_ref, qty_change, qty_after, created_at) VALUES ('0f781480-dc70-4de6-b26f-fc5c11edb635', '5afd699a-66a5-41ae-9e4f-6aba016893c9', '377d3890-ca20-4839-9a14-f0a807339209', 'adjustment', 'ADJ-MMQ6PQNU0479', 1, 1, '2026-03-09T02:23:20.730Z');
INSERT INTO adjustment_lines (id, adjustment_id, product_id, counted_qty, system_qty, difference) VALUES ('3991c1ce-92ef-4e11-bc73-8da89e504dde', '7c8bef60-6b9f-408a-8963-e2d86e4bd310', '341564ac-060c-4c59-abb5-9e4789c3ee0d', 10, 0, 10);
INSERT INTO stock_levels (id, product_id, location_id, quantity, updated_at) VALUES ('b7841f20-bb7d-4142-8dfe-f555fafe749e', '341564ac-060c-4c59-abb5-9e4789c3ee0d', '377d3890-ca20-4839-9a14-f0a807339209', 10, '2026-03-09T02:23:20.730Z') ON CONFLICT (product_id, location_id) DO UPDATE SET quantity = EXCLUDED.quantity;
INSERT INTO stock_ledger (id, product_id, location_id, txn_type, txn_ref, qty_change, qty_after, created_at) VALUES ('b87963e9-bec4-4670-a31b-a19e47231fdc', '341564ac-060c-4c59-abb5-9e4789c3ee0d', '377d3890-ca20-4839-9a14-f0a807339209', 'adjustment', 'ADJ-MMQ6PQNU0480', 10, 10, '2026-03-09T02:23:20.730Z');
INSERT INTO stock_adjustments (id, reference, location_id, reason, status, created_by, created_at) VALUES ('d2ff09b4-8603-4ac9-8606-24f77de1b70e', 'ADJ-MMQ6PQNU0481', 'd2b6c2b8-93e7-4000-8c2e-f2a57631d60c', 'Cycle count', 'done', '95d50988-abc9-4f4a-a03f-0386de40da89', '2026-03-06T11:35:20.730Z');
INSERT INTO adjustment_lines (id, adjustment_id, product_id, counted_qty, system_qty, difference) VALUES ('22ccab10-cee7-4352-8721-0b67c7042379', 'd2ff09b4-8603-4ac9-8606-24f77de1b70e', '22edc269-5362-4ca5-841d-917a3625dfbc', 0, 0, 0);
INSERT INTO stock_levels (id, product_id, location_id, quantity, updated_at) VALUES ('bec13d04-0038-4d03-bd8b-ba7abf17ae70', '22edc269-5362-4ca5-841d-917a3625dfbc', 'd2b6c2b8-93e7-4000-8c2e-f2a57631d60c', 0, '2026-03-06T11:35:20.730Z') ON CONFLICT (product_id, location_id) DO UPDATE SET quantity = EXCLUDED.quantity;
INSERT INTO stock_ledger (id, product_id, location_id, txn_type, txn_ref, qty_change, qty_after, created_at) VALUES ('c1d24dd7-5362-4758-8043-a22c09728ae3', '22edc269-5362-4ca5-841d-917a3625dfbc', 'd2b6c2b8-93e7-4000-8c2e-f2a57631d60c', 'adjustment', 'ADJ-MMQ6PQNU0482', 0, 0, '2026-03-06T11:35:20.730Z');
INSERT INTO adjustment_lines (id, adjustment_id, product_id, counted_qty, system_qty, difference) VALUES ('2e3cc695-8650-446d-8662-1abc6831763e', 'd2ff09b4-8603-4ac9-8606-24f77de1b70e', '1ca9862f-d128-47f7-bc19-537e7d985236', 6, 0, 6);
INSERT INTO stock_levels (id, product_id, location_id, quantity, updated_at) VALUES ('43e814ae-f21b-4469-8c73-492925ee4180', '1ca9862f-d128-47f7-bc19-537e7d985236', 'd2b6c2b8-93e7-4000-8c2e-f2a57631d60c', 6, '2026-03-06T11:35:20.730Z') ON CONFLICT (product_id, location_id) DO UPDATE SET quantity = EXCLUDED.quantity;
INSERT INTO stock_ledger (id, product_id, location_id, txn_type, txn_ref, qty_change, qty_after, created_at) VALUES ('69a8ebcf-62ce-473f-8f57-3e6404ff3fd0', '1ca9862f-d128-47f7-bc19-537e7d985236', 'd2b6c2b8-93e7-4000-8c2e-f2a57631d60c', 'adjustment', 'ADJ-MMQ6PQNV0483', 6, 6, '2026-03-06T11:35:20.730Z');
INSERT INTO stock_adjustments (id, reference, location_id, reason, status, created_by, created_at) VALUES ('ae47eab8-7d18-4870-acb4-50f312098275', 'ADJ-MMQ6PQNV0484', '149415f8-3a14-4864-b6a5-d892fb7af719', 'Shrinkage', 'done', 'de15c0c5-a19a-424a-aa23-0f02f56a9ba6', '2026-03-08T06:32:20.731Z');
INSERT INTO adjustment_lines (id, adjustment_id, product_id, counted_qty, system_qty, difference) VALUES ('cc162cf8-9e0e-4282-a67b-ef77dffe6126', 'ae47eab8-7d18-4870-acb4-50f312098275', '949aad1e-b01e-4746-9104-b0537ff072bf', 0, 0, 0);
INSERT INTO stock_levels (id, product_id, location_id, quantity, updated_at) VALUES ('b9b5e364-a2ef-49ac-a25a-d5e5fcf027cd', '949aad1e-b01e-4746-9104-b0537ff072bf', '149415f8-3a14-4864-b6a5-d892fb7af719', 0, '2026-03-08T06:32:20.731Z') ON CONFLICT (product_id, location_id) DO UPDATE SET quantity = EXCLUDED.quantity;
INSERT INTO stock_ledger (id, product_id, location_id, txn_type, txn_ref, qty_change, qty_after, created_at) VALUES ('6c358f01-18b0-49ac-bc3b-6f90d8470b1a', '949aad1e-b01e-4746-9104-b0537ff072bf', '149415f8-3a14-4864-b6a5-d892fb7af719', 'adjustment', 'ADJ-MMQ6PQNV0485', 0, 0, '2026-03-08T06:32:20.731Z');
INSERT INTO stock_adjustments (id, reference, location_id, reason, status, created_by, created_at) VALUES ('cdcc5e73-ca4f-4867-a0bd-08920a8087a9', 'ADJ-MMQ6PQNV0486', 'db30e5ad-68ee-4337-beea-22396dda808d', 'Shrinkage', 'done', 'a5ff0611-f9b3-489f-a472-d356909d5f83', '2026-03-13T12:12:20.731Z');
INSERT INTO adjustment_lines (id, adjustment_id, product_id, counted_qty, system_qty, difference) VALUES ('aabded74-d0a4-4eda-9e21-b394e1c4a15a', 'cdcc5e73-ca4f-4867-a0bd-08920a8087a9', '9ae0e00b-cccb-4bfd-b146-0add98ebf2e7', 17, 11, 6);
INSERT INTO stock_levels (id, product_id, location_id, quantity, updated_at) VALUES ('fd62438f-7d67-4435-9d0b-1f3201d4616e', '9ae0e00b-cccb-4bfd-b146-0add98ebf2e7', 'db30e5ad-68ee-4337-beea-22396dda808d', 17, '2026-03-13T12:12:20.731Z') ON CONFLICT (product_id, location_id) DO UPDATE SET quantity = EXCLUDED.quantity;
INSERT INTO stock_ledger (id, product_id, location_id, txn_type, txn_ref, qty_change, qty_after, created_at) VALUES ('33e70956-bc89-440b-908a-8aed753e1ca7', '9ae0e00b-cccb-4bfd-b146-0add98ebf2e7', 'db30e5ad-68ee-4337-beea-22396dda808d', 'adjustment', 'ADJ-MMQ6PQNV0487', 6, 17, '2026-03-13T12:12:20.731Z');
INSERT INTO adjustment_lines (id, adjustment_id, product_id, counted_qty, system_qty, difference) VALUES ('a70a4ebe-e5bf-4ea4-b657-0de6d2a6b2cf', 'cdcc5e73-ca4f-4867-a0bd-08920a8087a9', 'ee1dbb2e-1c80-4938-8f26-fb741deae50b', 0, 0, 0);
INSERT INTO stock_levels (id, product_id, location_id, quantity, updated_at) VALUES ('3893d46f-6762-464b-b088-9313d7b84be9', 'ee1dbb2e-1c80-4938-8f26-fb741deae50b', 'db30e5ad-68ee-4337-beea-22396dda808d', 0, '2026-03-13T12:12:20.731Z') ON CONFLICT (product_id, location_id) DO UPDATE SET quantity = EXCLUDED.quantity;
INSERT INTO stock_ledger (id, product_id, location_id, txn_type, txn_ref, qty_change, qty_after, created_at) VALUES ('86d08a9c-ba27-4db0-afdc-aee884b12be1', 'ee1dbb2e-1c80-4938-8f26-fb741deae50b', 'db30e5ad-68ee-4337-beea-22396dda808d', 'adjustment', 'ADJ-MMQ6PQNV0488', 0, 0, '2026-03-13T12:12:20.731Z');
INSERT INTO stock_adjustments (id, reference, location_id, reason, status, created_by, created_at) VALUES ('06b376f3-bc5c-40b1-94d9-dee429c8435a', 'ADJ-MMQ6PQNV0489', '94ae51e4-66f5-4ca3-ab58-71c577fd7ea7', 'Shrinkage', 'done', '83a03042-67f5-458e-be99-a02d92650c39', '2026-03-12T08:58:20.731Z');
INSERT INTO adjustment_lines (id, adjustment_id, product_id, counted_qty, system_qty, difference) VALUES ('1ba2cc55-2d11-4de8-88fa-865edb93707e', '06b376f3-bc5c-40b1-94d9-dee429c8435a', 'abffdbb7-5129-405c-aaad-7505948fb8d1', 0, 0, 0);
INSERT INTO stock_levels (id, product_id, location_id, quantity, updated_at) VALUES ('e01a16cf-c64c-4b6e-a704-091a632ab1b7', 'abffdbb7-5129-405c-aaad-7505948fb8d1', '94ae51e4-66f5-4ca3-ab58-71c577fd7ea7', 0, '2026-03-12T08:58:20.731Z') ON CONFLICT (product_id, location_id) DO UPDATE SET quantity = EXCLUDED.quantity;
INSERT INTO stock_ledger (id, product_id, location_id, txn_type, txn_ref, qty_change, qty_after, created_at) VALUES ('c283c1d0-a086-44a9-b1be-051e4660ab51', 'abffdbb7-5129-405c-aaad-7505948fb8d1', '94ae51e4-66f5-4ca3-ab58-71c577fd7ea7', 'adjustment', 'ADJ-MMQ6PQNV0490', 0, 0, '2026-03-12T08:58:20.731Z');
INSERT INTO adjustment_lines (id, adjustment_id, product_id, counted_qty, system_qty, difference) VALUES ('a9fcf9bf-f615-461d-ba10-b373855037e7', '06b376f3-bc5c-40b1-94d9-dee429c8435a', 'b79c27fc-9cf8-439f-b371-840f66da4c6e', 3, 0, 3);
INSERT INTO stock_levels (id, product_id, location_id, quantity, updated_at) VALUES ('50c03567-4d03-4c07-b3db-a4001257d686', 'b79c27fc-9cf8-439f-b371-840f66da4c6e', '94ae51e4-66f5-4ca3-ab58-71c577fd7ea7', 3, '2026-03-12T08:58:20.731Z') ON CONFLICT (product_id, location_id) DO UPDATE SET quantity = EXCLUDED.quantity;
INSERT INTO stock_ledger (id, product_id, location_id, txn_type, txn_ref, qty_change, qty_after, created_at) VALUES ('4350e9ae-4f23-45c1-b670-2d8d0a712e3a', 'b79c27fc-9cf8-439f-b371-840f66da4c6e', '94ae51e4-66f5-4ca3-ab58-71c577fd7ea7', 'adjustment', 'ADJ-MMQ6PQNV0491', 3, 3, '2026-03-12T08:58:20.731Z');
INSERT INTO stock_adjustments (id, reference, location_id, reason, status, created_by, created_at) VALUES ('f68928c6-d012-4b39-8c64-f3c9e5570b52', 'ADJ-MMQ6PQNV0492', '03aea7d3-ebec-437b-86c5-48ad21188edc', 'Cycle count', 'done', '119476c5-3048-4c8a-b2b7-2fb24901fbc2', '2026-03-06T04:51:20.731Z');
INSERT INTO adjustment_lines (id, adjustment_id, product_id, counted_qty, system_qty, difference) VALUES ('382116ae-4d78-484c-b633-5691db125155', 'f68928c6-d012-4b39-8c64-f3c9e5570b52', '67a18037-e61f-443d-9abf-c942bd70afa8', 65, 70, -5);
INSERT INTO stock_levels (id, product_id, location_id, quantity, updated_at) VALUES ('b296cce4-f787-407b-bdf1-14265155ef4e', '67a18037-e61f-443d-9abf-c942bd70afa8', '03aea7d3-ebec-437b-86c5-48ad21188edc', 65, '2026-03-06T04:51:20.731Z') ON CONFLICT (product_id, location_id) DO UPDATE SET quantity = EXCLUDED.quantity;
INSERT INTO stock_ledger (id, product_id, location_id, txn_type, txn_ref, qty_change, qty_after, created_at) VALUES ('b822e11d-72b4-4bbf-8688-e074f1840a9a', '67a18037-e61f-443d-9abf-c942bd70afa8', '03aea7d3-ebec-437b-86c5-48ad21188edc', 'adjustment', 'ADJ-MMQ6PQNV0493', -5, 65, '2026-03-06T04:51:20.731Z');
INSERT INTO adjustment_lines (id, adjustment_id, product_id, counted_qty, system_qty, difference) VALUES ('f450dc81-d2a9-40f4-acb2-9beeefe84653', 'f68928c6-d012-4b39-8c64-f3c9e5570b52', '9f750834-e2d8-4a5c-a53f-c549f9ede5c0', 0, 0, 0);
INSERT INTO stock_levels (id, product_id, location_id, quantity, updated_at) VALUES ('8a8dc1bf-26d5-4ec4-9799-c76d561de84e', '9f750834-e2d8-4a5c-a53f-c549f9ede5c0', '03aea7d3-ebec-437b-86c5-48ad21188edc', 0, '2026-03-06T04:51:20.731Z') ON CONFLICT (product_id, location_id) DO UPDATE SET quantity = EXCLUDED.quantity;
INSERT INTO stock_ledger (id, product_id, location_id, txn_type, txn_ref, qty_change, qty_after, created_at) VALUES ('602e5ee6-98e0-40e6-9a62-b122eea46687', '9f750834-e2d8-4a5c-a53f-c549f9ede5c0', '03aea7d3-ebec-437b-86c5-48ad21188edc', 'adjustment', 'ADJ-MMQ6PQNV0494', 0, 0, '2026-03-06T04:51:20.731Z');
INSERT INTO stock_adjustments (id, reference, location_id, reason, status, created_by, created_at) VALUES ('8ebc94b4-4e9f-4c02-8911-9e64ce8b8723', 'ADJ-MMQ6PQNV0495', '3486a17a-96ca-4822-80c8-59ad7b37683f', 'Shrinkage', 'done', '5dca3407-7d37-425d-abb3-e85abb4ec7aa', '2026-03-08T14:55:20.731Z');
INSERT INTO adjustment_lines (id, adjustment_id, product_id, counted_qty, system_qty, difference) VALUES ('d1b3828b-2498-49a4-8619-d91df0ba202e', '8ebc94b4-4e9f-4c02-8911-9e64ce8b8723', '5afd699a-66a5-41ae-9e4f-6aba016893c9', 0, 0, 0);
INSERT INTO stock_levels (id, product_id, location_id, quantity, updated_at) VALUES ('f85aa3d6-b856-48f3-a9d6-3bb53e6f3135', '5afd699a-66a5-41ae-9e4f-6aba016893c9', '3486a17a-96ca-4822-80c8-59ad7b37683f', 0, '2026-03-08T14:55:20.731Z') ON CONFLICT (product_id, location_id) DO UPDATE SET quantity = EXCLUDED.quantity;
INSERT INTO stock_ledger (id, product_id, location_id, txn_type, txn_ref, qty_change, qty_after, created_at) VALUES ('4baf0cad-aebd-4549-878a-ff6b23cb0626', '5afd699a-66a5-41ae-9e4f-6aba016893c9', '3486a17a-96ca-4822-80c8-59ad7b37683f', 'adjustment', 'ADJ-MMQ6PQNV0496', 0, 0, '2026-03-08T14:55:20.731Z');
INSERT INTO stock_adjustments (id, reference, location_id, reason, status, created_by, created_at) VALUES ('db172c11-5cdb-4d8b-a846-d88a1bf7d477', 'ADJ-MMQ6PQNV0497', 'aa26af2f-9b28-4543-a9f2-c67bf33072d2', 'Audit correction', 'done', '6c15979c-728c-4fc1-a79e-1cadd1729b4f', '2026-03-12T02:52:20.731Z');
INSERT INTO adjustment_lines (id, adjustment_id, product_id, counted_qty, system_qty, difference) VALUES ('56db6322-6de2-4b73-a87b-fcc6c8ade442', 'db172c11-5cdb-4d8b-a846-d88a1bf7d477', '379facbf-0ad1-4e0c-bb0d-6613c91f762b', 0, 0, 0);
INSERT INTO stock_levels (id, product_id, location_id, quantity, updated_at) VALUES ('0fdbbdaa-0887-48c8-8326-d48b1c48c60e', '379facbf-0ad1-4e0c-bb0d-6613c91f762b', 'aa26af2f-9b28-4543-a9f2-c67bf33072d2', 0, '2026-03-12T02:52:20.731Z') ON CONFLICT (product_id, location_id) DO UPDATE SET quantity = EXCLUDED.quantity;
INSERT INTO stock_ledger (id, product_id, location_id, txn_type, txn_ref, qty_change, qty_after, created_at) VALUES ('5ae08851-0cf0-4648-bff2-a1c7396ffc05', '379facbf-0ad1-4e0c-bb0d-6613c91f762b', 'aa26af2f-9b28-4543-a9f2-c67bf33072d2', 'adjustment', 'ADJ-MMQ6PQNV0498', 0, 0, '2026-03-12T02:52:20.731Z');
INSERT INTO stock_adjustments (id, reference, location_id, reason, status, created_by, created_at) VALUES ('62703c8c-e58c-4cf1-ae6b-17e6911abe12', 'ADJ-MMQ6PQNV0499', 'db30e5ad-68ee-4337-beea-22396dda808d', 'Damaged goods', 'done', 'de15c0c5-a19a-424a-aa23-0f02f56a9ba6', '2026-03-09T14:34:20.731Z');
INSERT INTO adjustment_lines (id, adjustment_id, product_id, counted_qty, system_qty, difference) VALUES ('d650aecc-e8e9-4c37-991d-b301f00f6aea', '62703c8c-e58c-4cf1-ae6b-17e6911abe12', 'd2b3d8e3-b42d-421c-9486-66bf40968391', 0, 0, 0);
INSERT INTO stock_levels (id, product_id, location_id, quantity, updated_at) VALUES ('8ce21879-e9d8-4447-8cfa-7081a3b8afa7', 'd2b3d8e3-b42d-421c-9486-66bf40968391', 'db30e5ad-68ee-4337-beea-22396dda808d', 0, '2026-03-09T14:34:20.731Z') ON CONFLICT (product_id, location_id) DO UPDATE SET quantity = EXCLUDED.quantity;
INSERT INTO stock_ledger (id, product_id, location_id, txn_type, txn_ref, qty_change, qty_after, created_at) VALUES ('2698fcdb-ddc9-48cb-8832-35ee14a693e1', 'd2b3d8e3-b42d-421c-9486-66bf40968391', 'db30e5ad-68ee-4337-beea-22396dda808d', 'adjustment', 'ADJ-MMQ6PQNV0500', 0, 0, '2026-03-09T14:34:20.731Z');
INSERT INTO stock_adjustments (id, reference, location_id, reason, status, created_by, created_at) VALUES ('72c28956-745e-4b13-9c8a-be7af78b78aa', 'ADJ-MMQ6PQNV0501', '377d3890-ca20-4839-9a14-f0a807339209', 'Shrinkage', 'done', '331ee985-db3e-46b1-8ec1-fd4e36b596f9', '2026-03-13T15:13:20.731Z');
INSERT INTO adjustment_lines (id, adjustment_id, product_id, counted_qty, system_qty, difference) VALUES ('fb77ffe4-69d7-4e42-b718-77479e9942e4', '72c28956-745e-4b13-9c8a-be7af78b78aa', '77e55e80-d93d-481c-a018-853695be93cd', 5, 0, 5);
INSERT INTO stock_levels (id, product_id, location_id, quantity, updated_at) VALUES ('1799665a-d0d2-42fa-8114-8e4d5b55e2d7', '77e55e80-d93d-481c-a018-853695be93cd', '377d3890-ca20-4839-9a14-f0a807339209', 5, '2026-03-13T15:13:20.731Z') ON CONFLICT (product_id, location_id) DO UPDATE SET quantity = EXCLUDED.quantity;
INSERT INTO stock_ledger (id, product_id, location_id, txn_type, txn_ref, qty_change, qty_after, created_at) VALUES ('97ce3129-afd6-46ba-8a34-d5eccfec2109', '77e55e80-d93d-481c-a018-853695be93cd', '377d3890-ca20-4839-9a14-f0a807339209', 'adjustment', 'ADJ-MMQ6PQNV0502', 5, 5, '2026-03-13T15:13:20.731Z');
INSERT INTO adjustment_lines (id, adjustment_id, product_id, counted_qty, system_qty, difference) VALUES ('d5426eb8-142b-4fbd-b7ee-ddd21a9464a8', '72c28956-745e-4b13-9c8a-be7af78b78aa', '67a18037-e61f-443d-9abf-c942bd70afa8', 0, 0, 0);
INSERT INTO stock_levels (id, product_id, location_id, quantity, updated_at) VALUES ('c1607a1c-c664-41d2-8215-242833db8ffe', '67a18037-e61f-443d-9abf-c942bd70afa8', '377d3890-ca20-4839-9a14-f0a807339209', 0, '2026-03-13T15:13:20.731Z') ON CONFLICT (product_id, location_id) DO UPDATE SET quantity = EXCLUDED.quantity;
INSERT INTO stock_ledger (id, product_id, location_id, txn_type, txn_ref, qty_change, qty_after, created_at) VALUES ('f468cf3e-41d4-4285-a0f9-2ae184a80660', '67a18037-e61f-443d-9abf-c942bd70afa8', '377d3890-ca20-4839-9a14-f0a807339209', 'adjustment', 'ADJ-MMQ6PQNV0503', 0, 0, '2026-03-13T15:13:20.731Z');
INSERT INTO stock_adjustments (id, reference, location_id, reason, status, created_by, created_at) VALUES ('5dc54dc4-5b30-4fb7-a803-2b883cc4f03a', 'ADJ-MMQ6PQNV0504', '1050eaeb-bc5f-4e04-89ac-902a7a79622a', 'Shrinkage', 'done', '89ed61cf-8cca-4a3f-b6f7-5cd247eb1899', '2026-03-05T13:14:20.731Z');
INSERT INTO adjustment_lines (id, adjustment_id, product_id, counted_qty, system_qty, difference) VALUES ('114d43d6-e7c4-41ac-a10a-0201b4eeb220', '5dc54dc4-5b30-4fb7-a803-2b883cc4f03a', 'b79c27fc-9cf8-439f-b371-840f66da4c6e', 1, 0, 1);
INSERT INTO stock_levels (id, product_id, location_id, quantity, updated_at) VALUES ('ce1175eb-2671-413f-86c5-970385f79672', 'b79c27fc-9cf8-439f-b371-840f66da4c6e', '1050eaeb-bc5f-4e04-89ac-902a7a79622a', 1, '2026-03-05T13:14:20.731Z') ON CONFLICT (product_id, location_id) DO UPDATE SET quantity = EXCLUDED.quantity;
INSERT INTO stock_ledger (id, product_id, location_id, txn_type, txn_ref, qty_change, qty_after, created_at) VALUES ('e4df66d4-2f29-4c3d-b746-5aa883993232', 'b79c27fc-9cf8-439f-b371-840f66da4c6e', '1050eaeb-bc5f-4e04-89ac-902a7a79622a', 'adjustment', 'ADJ-MMQ6PQNV0505', 1, 1, '2026-03-05T13:14:20.731Z');
INSERT INTO adjustment_lines (id, adjustment_id, product_id, counted_qty, system_qty, difference) VALUES ('b590a166-3a20-4c57-b988-3c1225ea9ea8', '5dc54dc4-5b30-4fb7-a803-2b883cc4f03a', '67a18037-e61f-443d-9abf-c942bd70afa8', 0, 0, 0);
INSERT INTO stock_levels (id, product_id, location_id, quantity, updated_at) VALUES ('1a509aa0-ac5f-4dc4-aaf0-c2a2b4fb3691', '67a18037-e61f-443d-9abf-c942bd70afa8', '1050eaeb-bc5f-4e04-89ac-902a7a79622a', 0, '2026-03-05T13:14:20.731Z') ON CONFLICT (product_id, location_id) DO UPDATE SET quantity = EXCLUDED.quantity;
INSERT INTO stock_ledger (id, product_id, location_id, txn_type, txn_ref, qty_change, qty_after, created_at) VALUES ('515fe495-66c2-47c2-9918-e8d7ef4b8fd0', '67a18037-e61f-443d-9abf-c942bd70afa8', '1050eaeb-bc5f-4e04-89ac-902a7a79622a', 'adjustment', 'ADJ-MMQ6PQNV0506', 0, 0, '2026-03-05T13:14:20.731Z');
INSERT INTO stock_adjustments (id, reference, location_id, reason, status, created_by, created_at) VALUES ('9bef5065-b60e-41b6-885a-111a9f406e7c', 'ADJ-MMQ6PQNV0507', 'aa0bfb79-7358-4643-a1ca-e90eabdee0fd', 'Shrinkage', 'done', 'b0da52ea-883d-4771-b79f-f8dc77251641', '2026-03-12T13:14:20.731Z');
INSERT INTO adjustment_lines (id, adjustment_id, product_id, counted_qty, system_qty, difference) VALUES ('24e1cbe4-57d7-42a2-a8b1-1b67cf1b3cbd', '9bef5065-b60e-41b6-885a-111a9f406e7c', 'f381d105-3cbd-4328-9598-29bd0cd22b65', 0, 0, 0);
INSERT INTO stock_levels (id, product_id, location_id, quantity, updated_at) VALUES ('3a81a213-a00f-423a-9c42-f5d8c5625559', 'f381d105-3cbd-4328-9598-29bd0cd22b65', 'aa0bfb79-7358-4643-a1ca-e90eabdee0fd', 0, '2026-03-12T13:14:20.731Z') ON CONFLICT (product_id, location_id) DO UPDATE SET quantity = EXCLUDED.quantity;
INSERT INTO stock_ledger (id, product_id, location_id, txn_type, txn_ref, qty_change, qty_after, created_at) VALUES ('adec54b4-efae-4307-8222-64a714936229', 'f381d105-3cbd-4328-9598-29bd0cd22b65', 'aa0bfb79-7358-4643-a1ca-e90eabdee0fd', 'adjustment', 'ADJ-MMQ6PQNV0508', 0, 0, '2026-03-12T13:14:20.731Z');
INSERT INTO adjustment_lines (id, adjustment_id, product_id, counted_qty, system_qty, difference) VALUES ('a837e718-13d4-45be-abd6-756f51621a43', '9bef5065-b60e-41b6-885a-111a9f406e7c', 'fb2050b4-2cd7-445b-a36f-70ce79bb8273', 0, 0, 0);
INSERT INTO stock_levels (id, product_id, location_id, quantity, updated_at) VALUES ('ea86cc9a-cd7d-4911-ad6c-437bdc29acd2', 'fb2050b4-2cd7-445b-a36f-70ce79bb8273', 'aa0bfb79-7358-4643-a1ca-e90eabdee0fd', 0, '2026-03-12T13:14:20.731Z') ON CONFLICT (product_id, location_id) DO UPDATE SET quantity = EXCLUDED.quantity;
INSERT INTO stock_ledger (id, product_id, location_id, txn_type, txn_ref, qty_change, qty_after, created_at) VALUES ('f9abd9f1-479f-4602-9247-70d141538be4', 'fb2050b4-2cd7-445b-a36f-70ce79bb8273', 'aa0bfb79-7358-4643-a1ca-e90eabdee0fd', 'adjustment', 'ADJ-MMQ6PQNV0509', 0, 0, '2026-03-12T13:14:20.731Z');
INSERT INTO stock_adjustments (id, reference, location_id, reason, status, created_by, created_at) VALUES ('767fae58-0fbf-4a85-a6f0-c6248387cb14', 'ADJ-MMQ6PQNV0510', 'cf2c0920-a9e0-411e-bf22-1e2881815ba3', 'Cycle count', 'done', '6525c1b8-27fd-4a44-b30b-9d65c1474f4d', '2026-03-04T04:48:20.731Z');
INSERT INTO adjustment_lines (id, adjustment_id, product_id, counted_qty, system_qty, difference) VALUES ('5cc9edff-8991-4a13-9e1d-f6ef230ae3d7', '767fae58-0fbf-4a85-a6f0-c6248387cb14', 'd2b7a318-a871-4f4d-a9a4-4a5e20e2c282', 0, 0, 0);
INSERT INTO stock_levels (id, product_id, location_id, quantity, updated_at) VALUES ('aa567beb-3a8d-4219-bf6e-43c5c57df230', 'd2b7a318-a871-4f4d-a9a4-4a5e20e2c282', 'cf2c0920-a9e0-411e-bf22-1e2881815ba3', 0, '2026-03-04T04:48:20.731Z') ON CONFLICT (product_id, location_id) DO UPDATE SET quantity = EXCLUDED.quantity;
INSERT INTO stock_ledger (id, product_id, location_id, txn_type, txn_ref, qty_change, qty_after, created_at) VALUES ('10de1c0e-8666-4a9b-b67a-c1f5a1f1058f', 'd2b7a318-a871-4f4d-a9a4-4a5e20e2c282', 'cf2c0920-a9e0-411e-bf22-1e2881815ba3', 'adjustment', 'ADJ-MMQ6PQNV0511', 0, 0, '2026-03-04T04:48:20.731Z');
INSERT INTO adjustment_lines (id, adjustment_id, product_id, counted_qty, system_qty, difference) VALUES ('05397a47-cd86-47e3-a518-a22f89e12953', '767fae58-0fbf-4a85-a6f0-c6248387cb14', '11396fec-6686-4512-aa0e-1fd12f13607f', 0, 0, 0);
INSERT INTO stock_levels (id, product_id, location_id, quantity, updated_at) VALUES ('da1dc192-33cb-4e13-87d2-361737a02c19', '11396fec-6686-4512-aa0e-1fd12f13607f', 'cf2c0920-a9e0-411e-bf22-1e2881815ba3', 0, '2026-03-04T04:48:20.731Z') ON CONFLICT (product_id, location_id) DO UPDATE SET quantity = EXCLUDED.quantity;
INSERT INTO stock_ledger (id, product_id, location_id, txn_type, txn_ref, qty_change, qty_after, created_at) VALUES ('4d78edf1-4fce-4b21-a8a2-e93d11541880', '11396fec-6686-4512-aa0e-1fd12f13607f', 'cf2c0920-a9e0-411e-bf22-1e2881815ba3', 'adjustment', 'ADJ-MMQ6PQNV0512', 0, 0, '2026-03-04T04:48:20.731Z');
INSERT INTO stock_adjustments (id, reference, location_id, reason, status, created_by, created_at) VALUES ('64ff0e5f-93ad-45cc-b0b8-a6f9aea2b582', 'ADJ-MMQ6PQNV0513', '03aea7d3-ebec-437b-86c5-48ad21188edc', 'Damaged goods', 'done', '7609277e-2130-422a-be54-c69ea35f3062', '2026-03-07T08:54:20.731Z');
INSERT INTO adjustment_lines (id, adjustment_id, product_id, counted_qty, system_qty, difference) VALUES ('c07a883d-db14-4aaa-bc78-0104b825d4f2', '64ff0e5f-93ad-45cc-b0b8-a6f9aea2b582', 'fcbf99fa-d095-44e2-a0c3-bd8a62d49de2', 0, 0, 0);
INSERT INTO stock_levels (id, product_id, location_id, quantity, updated_at) VALUES ('f5aa73df-7e91-46ea-accc-d601613aaf04', 'fcbf99fa-d095-44e2-a0c3-bd8a62d49de2', '03aea7d3-ebec-437b-86c5-48ad21188edc', 0, '2026-03-07T08:54:20.731Z') ON CONFLICT (product_id, location_id) DO UPDATE SET quantity = EXCLUDED.quantity;
INSERT INTO stock_ledger (id, product_id, location_id, txn_type, txn_ref, qty_change, qty_after, created_at) VALUES ('33009a15-a40b-4828-8ff1-c34be41f0df5', 'fcbf99fa-d095-44e2-a0c3-bd8a62d49de2', '03aea7d3-ebec-437b-86c5-48ad21188edc', 'adjustment', 'ADJ-MMQ6PQNV0514', 0, 0, '2026-03-07T08:54:20.731Z');
INSERT INTO stock_adjustments (id, reference, location_id, reason, status, created_by, created_at) VALUES ('4578ed6d-ec12-4e13-8e09-06150ac06a08', 'ADJ-MMQ6PQNV0515', 'a1cab631-22d0-463e-bf9b-71ecd48a580c', 'Damaged goods', 'done', '89ed61cf-8cca-4a3f-b6f7-5cd247eb1899', '2026-03-11T13:33:20.731Z');
INSERT INTO adjustment_lines (id, adjustment_id, product_id, counted_qty, system_qty, difference) VALUES ('51eece83-6e9c-427d-8f0c-631f27ed4de8', '4578ed6d-ec12-4e13-8e09-06150ac06a08', '335d8910-4c05-4cfb-824f-5eba82ecbf57', 0, 0, 0);
INSERT INTO stock_levels (id, product_id, location_id, quantity, updated_at) VALUES ('ffe7e96e-ac6b-432e-8b7d-62a23fb293cb', '335d8910-4c05-4cfb-824f-5eba82ecbf57', 'a1cab631-22d0-463e-bf9b-71ecd48a580c', 0, '2026-03-11T13:33:20.731Z') ON CONFLICT (product_id, location_id) DO UPDATE SET quantity = EXCLUDED.quantity;
INSERT INTO stock_ledger (id, product_id, location_id, txn_type, txn_ref, qty_change, qty_after, created_at) VALUES ('d75fe9db-3389-435a-9fe9-24ef050a52fb', '335d8910-4c05-4cfb-824f-5eba82ecbf57', 'a1cab631-22d0-463e-bf9b-71ecd48a580c', 'adjustment', 'ADJ-MMQ6PQNV0516', 0, 0, '2026-03-11T13:33:20.731Z');
INSERT INTO stock_adjustments (id, reference, location_id, reason, status, created_by, created_at) VALUES ('e9c0d244-5ef6-43b9-85f8-1f6603a4b8fd', 'ADJ-MMQ6PQNV0517', '3486a17a-96ca-4822-80c8-59ad7b37683f', 'Audit correction', 'done', 'e779c618-17f6-4392-83aa-33abca817e14', '2026-03-11T08:39:20.731Z');
INSERT INTO adjustment_lines (id, adjustment_id, product_id, counted_qty, system_qty, difference) VALUES ('89fa3039-5599-4cd9-bd25-c5e4578518e2', 'e9c0d244-5ef6-43b9-85f8-1f6603a4b8fd', '2bf7ab0f-c764-4bab-8bfb-c1328e539141', 0, 0, 0);
INSERT INTO stock_levels (id, product_id, location_id, quantity, updated_at) VALUES ('c7553473-d7f5-4ab0-a3e9-0219b98dc96d', '2bf7ab0f-c764-4bab-8bfb-c1328e539141', '3486a17a-96ca-4822-80c8-59ad7b37683f', 0, '2026-03-11T08:39:20.731Z') ON CONFLICT (product_id, location_id) DO UPDATE SET quantity = EXCLUDED.quantity;
INSERT INTO stock_ledger (id, product_id, location_id, txn_type, txn_ref, qty_change, qty_after, created_at) VALUES ('5d43fdaf-b57e-4f5f-8ddf-05d4e825417b', '2bf7ab0f-c764-4bab-8bfb-c1328e539141', '3486a17a-96ca-4822-80c8-59ad7b37683f', 'adjustment', 'ADJ-MMQ6PQNV0518', 0, 0, '2026-03-11T08:39:20.731Z');
INSERT INTO stock_adjustments (id, reference, location_id, reason, status, created_by, created_at) VALUES ('584bbefa-aa72-43cd-8014-d8301e11c97c', 'ADJ-MMQ6PQNV0519', '3314d3ae-1334-48be-a617-7242f0ce20ed', 'Damaged goods', 'done', 'ca38621e-8066-48b0-b5f4-acfc332f51bd', '2026-03-08T08:16:20.731Z');
INSERT INTO adjustment_lines (id, adjustment_id, product_id, counted_qty, system_qty, difference) VALUES ('425075f2-dbb5-4fb1-8813-8cbb01e74042', '584bbefa-aa72-43cd-8014-d8301e11c97c', '1ca9862f-d128-47f7-bc19-537e7d985236', 5, 0, 5);
INSERT INTO stock_levels (id, product_id, location_id, quantity, updated_at) VALUES ('64179560-0379-4476-ac47-e1f61ad62cb6', '1ca9862f-d128-47f7-bc19-537e7d985236', '3314d3ae-1334-48be-a617-7242f0ce20ed', 5, '2026-03-08T08:16:20.731Z') ON CONFLICT (product_id, location_id) DO UPDATE SET quantity = EXCLUDED.quantity;
INSERT INTO stock_ledger (id, product_id, location_id, txn_type, txn_ref, qty_change, qty_after, created_at) VALUES ('0c4c7905-d5fb-4499-af47-c9ad98ba8010', '1ca9862f-d128-47f7-bc19-537e7d985236', '3314d3ae-1334-48be-a617-7242f0ce20ed', 'adjustment', 'ADJ-MMQ6PQNV0520', 5, 5, '2026-03-08T08:16:20.731Z');
INSERT INTO adjustment_lines (id, adjustment_id, product_id, counted_qty, system_qty, difference) VALUES ('6029897b-b590-42db-9c01-399238ad7229', '584bbefa-aa72-43cd-8014-d8301e11c97c', 'a3f90fe5-0d1b-450b-8244-3c931e9c51b4', 428, 420, 8);
INSERT INTO stock_levels (id, product_id, location_id, quantity, updated_at) VALUES ('5b427671-429a-4493-ad0b-b08daed80912', 'a3f90fe5-0d1b-450b-8244-3c931e9c51b4', '3314d3ae-1334-48be-a617-7242f0ce20ed', 428, '2026-03-08T08:16:20.731Z') ON CONFLICT (product_id, location_id) DO UPDATE SET quantity = EXCLUDED.quantity;
INSERT INTO stock_ledger (id, product_id, location_id, txn_type, txn_ref, qty_change, qty_after, created_at) VALUES ('258cb76c-464b-409a-86e8-34432a8cce48', 'a3f90fe5-0d1b-450b-8244-3c931e9c51b4', '3314d3ae-1334-48be-a617-7242f0ce20ed', 'adjustment', 'ADJ-MMQ6PQNV0521', 8, 428, '2026-03-08T08:16:20.731Z');
INSERT INTO stock_adjustments (id, reference, location_id, reason, status, created_by, created_at) VALUES ('c3104486-6d8a-4750-8423-1b84368d7c11', 'ADJ-MMQ6PQNV0522', '52a0d542-7526-475e-ba69-9eb68de75cda', 'Cycle count', 'done', '89ed61cf-8cca-4a3f-b6f7-5cd247eb1899', '2026-03-11T10:43:20.731Z');
INSERT INTO adjustment_lines (id, adjustment_id, product_id, counted_qty, system_qty, difference) VALUES ('a9bf3897-8f10-405b-bc1b-b18e1132b676', 'c3104486-6d8a-4750-8423-1b84368d7c11', 'c009c438-fed7-40b0-8cf6-7833258eb0dc', 2, 0, 2);
INSERT INTO stock_levels (id, product_id, location_id, quantity, updated_at) VALUES ('eddebe49-307a-4d2c-a426-a4d9e4a729d6', 'c009c438-fed7-40b0-8cf6-7833258eb0dc', '52a0d542-7526-475e-ba69-9eb68de75cda', 2, '2026-03-11T10:43:20.731Z') ON CONFLICT (product_id, location_id) DO UPDATE SET quantity = EXCLUDED.quantity;
INSERT INTO stock_ledger (id, product_id, location_id, txn_type, txn_ref, qty_change, qty_after, created_at) VALUES ('49634078-bba0-4587-bc13-0428caaf3e15', 'c009c438-fed7-40b0-8cf6-7833258eb0dc', '52a0d542-7526-475e-ba69-9eb68de75cda', 'adjustment', 'ADJ-MMQ6PQNV0523', 2, 2, '2026-03-11T10:43:20.731Z');
INSERT INTO stock_adjustments (id, reference, location_id, reason, status, created_by, created_at) VALUES ('ebe8425e-b80e-419d-9ce2-3e6240d66b97', 'ADJ-MMQ6PQNV0524', '66930ff7-e2cf-414b-ae08-4577ec2836dd', 'Audit correction', 'done', '51eb0bc5-3fdb-4cec-8a98-77ec45ac4069', '2026-03-07T01:44:20.731Z');
INSERT INTO adjustment_lines (id, adjustment_id, product_id, counted_qty, system_qty, difference) VALUES ('3a0ffcfe-63cf-458e-b5e0-baf15fd2e11d', 'ebe8425e-b80e-419d-9ce2-3e6240d66b97', '894d7f03-cb13-4ab2-856e-ce053c948fe5', 0, 0, 0);
INSERT INTO stock_levels (id, product_id, location_id, quantity, updated_at) VALUES ('66b63082-dbed-407f-b970-a240ac795a08', '894d7f03-cb13-4ab2-856e-ce053c948fe5', '66930ff7-e2cf-414b-ae08-4577ec2836dd', 0, '2026-03-07T01:44:20.731Z') ON CONFLICT (product_id, location_id) DO UPDATE SET quantity = EXCLUDED.quantity;
INSERT INTO stock_ledger (id, product_id, location_id, txn_type, txn_ref, qty_change, qty_after, created_at) VALUES ('f6260a5c-5734-40aa-a8be-0ef2f0fbe3b2', '894d7f03-cb13-4ab2-856e-ce053c948fe5', '66930ff7-e2cf-414b-ae08-4577ec2836dd', 'adjustment', 'ADJ-MMQ6PQNV0525', 0, 0, '2026-03-07T01:44:20.731Z');
INSERT INTO adjustment_lines (id, adjustment_id, product_id, counted_qty, system_qty, difference) VALUES ('5eb285c5-b27c-4ce4-b8f4-f4af1a1d991e', 'ebe8425e-b80e-419d-9ce2-3e6240d66b97', 'd088ec4f-fad7-43e5-b887-15d33233e2b5', 140, 148, -8);
INSERT INTO stock_levels (id, product_id, location_id, quantity, updated_at) VALUES ('0c1324c6-ff71-480f-af26-bb18112d9756', 'd088ec4f-fad7-43e5-b887-15d33233e2b5', '66930ff7-e2cf-414b-ae08-4577ec2836dd', 140, '2026-03-07T01:44:20.731Z') ON CONFLICT (product_id, location_id) DO UPDATE SET quantity = EXCLUDED.quantity;
INSERT INTO stock_ledger (id, product_id, location_id, txn_type, txn_ref, qty_change, qty_after, created_at) VALUES ('5856183e-ab21-4757-a284-666f9aeccf01', 'd088ec4f-fad7-43e5-b887-15d33233e2b5', '66930ff7-e2cf-414b-ae08-4577ec2836dd', 'adjustment', 'ADJ-MMQ6PQNV0526', -8, 140, '2026-03-07T01:44:20.731Z');
INSERT INTO stock_adjustments (id, reference, location_id, reason, status, created_by, created_at) VALUES ('6026ea4e-9375-4a9d-a85c-9e1b4f016abc', 'ADJ-MMQ6PQNV0527', '32e7dce7-4b31-4da9-b31b-1cf593dda08d', 'Audit correction', 'done', '7609277e-2130-422a-be54-c69ea35f3062', '2026-03-11T11:09:20.731Z');
INSERT INTO adjustment_lines (id, adjustment_id, product_id, counted_qty, system_qty, difference) VALUES ('57ac7aed-93fe-45c3-a049-33d6f71d9d8b', '6026ea4e-9375-4a9d-a85c-9e1b4f016abc', '3aedcc6c-cc44-4a12-a7ce-7120912e008b', 2, 0, 2);
INSERT INTO stock_levels (id, product_id, location_id, quantity, updated_at) VALUES ('fcf9788e-ea13-402e-81bc-e728961b8b29', '3aedcc6c-cc44-4a12-a7ce-7120912e008b', '32e7dce7-4b31-4da9-b31b-1cf593dda08d', 2, '2026-03-11T11:09:20.731Z') ON CONFLICT (product_id, location_id) DO UPDATE SET quantity = EXCLUDED.quantity;
INSERT INTO stock_ledger (id, product_id, location_id, txn_type, txn_ref, qty_change, qty_after, created_at) VALUES ('dbd5b6bb-05c9-40ac-83a9-e3607fe19af5', '3aedcc6c-cc44-4a12-a7ce-7120912e008b', '32e7dce7-4b31-4da9-b31b-1cf593dda08d', 'adjustment', 'ADJ-MMQ6PQNV0528', 2, 2, '2026-03-11T11:09:20.731Z');
INSERT INTO adjustment_lines (id, adjustment_id, product_id, counted_qty, system_qty, difference) VALUES ('9bf07749-73dd-463c-be3c-a13f86d8906d', '6026ea4e-9375-4a9d-a85c-9e1b4f016abc', '055543a7-bf87-4cac-946a-c6d9832c109a', 9, 0, 9);
INSERT INTO stock_levels (id, product_id, location_id, quantity, updated_at) VALUES ('182d470a-fc32-462c-8958-00228069e4c8', '055543a7-bf87-4cac-946a-c6d9832c109a', '32e7dce7-4b31-4da9-b31b-1cf593dda08d', 9, '2026-03-11T11:09:20.731Z') ON CONFLICT (product_id, location_id) DO UPDATE SET quantity = EXCLUDED.quantity;
INSERT INTO stock_ledger (id, product_id, location_id, txn_type, txn_ref, qty_change, qty_after, created_at) VALUES ('4d67d300-600f-4625-8fe7-88bccfb9930e', '055543a7-bf87-4cac-946a-c6d9832c109a', '32e7dce7-4b31-4da9-b31b-1cf593dda08d', 'adjustment', 'ADJ-MMQ6PQNV0529', 9, 9, '2026-03-11T11:09:20.731Z');
INSERT INTO stock_adjustments (id, reference, location_id, reason, status, created_by, created_at) VALUES ('f1c08e6c-e4ff-4a6e-968b-bb653f73bbf0', 'ADJ-MMQ6PQNV0530', 'd2b6c2b8-93e7-4000-8c2e-f2a57631d60c', 'Cycle count', 'draft', 'a5c0e6f5-ac94-441c-b546-5cddd809243b', '2026-03-08T14:28:20.731Z');
INSERT INTO adjustment_lines (id, adjustment_id, product_id, counted_qty, system_qty, difference) VALUES ('a6c7f3b7-3386-4994-95ee-90b7c877012f', 'f1c08e6c-e4ff-4a6e-968b-bb653f73bbf0', '4cecf198-08ad-46bf-8f28-3830403c166c', 0, 0, 0);
INSERT INTO adjustment_lines (id, adjustment_id, product_id, counted_qty, system_qty, difference) VALUES ('68b03f45-c909-4e83-85d7-5aed16f4f06e', 'f1c08e6c-e4ff-4a6e-968b-bb653f73bbf0', '77706992-46a5-470a-bbc3-390658ac1579', 2, 0, 2);
INSERT INTO stock_adjustments (id, reference, location_id, reason, status, created_by, created_at) VALUES ('1f9d5558-4bfe-4cf5-b3a4-178686f5fdec', 'ADJ-MMQ6PQNV0531', '3b93c1c0-daa7-4826-9a3c-90f99b2d9710', 'Audit correction', 'draft', 'de15c0c5-a19a-424a-aa23-0f02f56a9ba6', '2026-03-12T10:11:20.731Z');
INSERT INTO adjustment_lines (id, adjustment_id, product_id, counted_qty, system_qty, difference) VALUES ('0c1023d0-6080-4ce3-92db-a79bed96b3ee', '1f9d5558-4bfe-4cf5-b3a4-178686f5fdec', '1ca9862f-d128-47f7-bc19-537e7d985236', 0, 0, 0);
INSERT INTO adjustment_lines (id, adjustment_id, product_id, counted_qty, system_qty, difference) VALUES ('957fb2da-57db-426a-9035-7db494118c55', '1f9d5558-4bfe-4cf5-b3a4-178686f5fdec', '9f750834-e2d8-4a5c-a53f-c549f9ede5c0', 1, 0, 1);
INSERT INTO stock_adjustments (id, reference, location_id, reason, status, created_by, created_at) VALUES ('60a1a12a-a667-400a-95a8-730463b75b16', 'ADJ-MMQ6PQNV0532', 'd2b6c2b8-93e7-4000-8c2e-f2a57631d60c', 'Shrinkage', 'draft', '7c7cc594-72c0-464f-917a-ab5da13a3aa9', '2026-03-10T14:40:20.731Z');
INSERT INTO adjustment_lines (id, adjustment_id, product_id, counted_qty, system_qty, difference) VALUES ('7ca5b088-7aad-4e24-8106-3373455cb0ed', '60a1a12a-a667-400a-95a8-730463b75b16', 'a3f90fe5-0d1b-450b-8244-3c931e9c51b4', 3, 0, 3);
INSERT INTO stock_adjustments (id, reference, location_id, reason, status, created_by, created_at) VALUES ('c3e85121-63c6-4020-8bf1-0f2c4c21f147', 'ADJ-MMQ6PQNV0533', '3486a17a-96ca-4822-80c8-59ad7b37683f', 'Audit correction', 'draft', '3559524c-09a4-4b96-a97e-c5bc2d49bbb7', '2026-03-08T08:41:20.731Z');
INSERT INTO adjustment_lines (id, adjustment_id, product_id, counted_qty, system_qty, difference) VALUES ('09a8b6f5-36c4-4f5d-a859-32eeb49f329d', 'c3e85121-63c6-4020-8bf1-0f2c4c21f147', '5e65ff4b-3cb2-4c5d-b204-93b3255a0f0a', 0, 0, 0);
INSERT INTO adjustment_lines (id, adjustment_id, product_id, counted_qty, system_qty, difference) VALUES ('6b8bfcd1-6517-4341-b4f6-2cbb401206f6', 'c3e85121-63c6-4020-8bf1-0f2c4c21f147', '0a547981-603e-443e-ac30-68e39c8ecdee', 1, 0, 1);
INSERT INTO stock_adjustments (id, reference, location_id, reason, status, created_by, created_at) VALUES ('4b55d01b-eb8d-43b2-ad66-4a6855534859', 'ADJ-MMQ6PQNV0534', '66930ff7-e2cf-414b-ae08-4577ec2836dd', 'Shrinkage', 'draft', '393bbde3-8e3d-4998-956c-b4b1220b1756', '2026-03-06T11:05:20.731Z');
INSERT INTO adjustment_lines (id, adjustment_id, product_id, counted_qty, system_qty, difference) VALUES ('2f67621b-a7ff-4f85-a92f-57f12a3039d8', '4b55d01b-eb8d-43b2-ad66-4a6855534859', '0a547981-603e-443e-ac30-68e39c8ecdee', 9, 0, 9);
INSERT INTO stock_adjustments (id, reference, location_id, reason, status, created_by, created_at) VALUES ('f72f16b0-1180-4933-a837-fcc0d5756c5f', 'ADJ-MMQ6PQNV0535', '03aea7d3-ebec-437b-86c5-48ad21188edc', 'Cycle count', 'draft', '89ed61cf-8cca-4a3f-b6f7-5cd247eb1899', '2026-03-13T01:35:20.731Z');
INSERT INTO adjustment_lines (id, adjustment_id, product_id, counted_qty, system_qty, difference) VALUES ('6fdbe05b-c7dc-48e4-823f-d399596e908c', 'f72f16b0-1180-4933-a837-fcc0d5756c5f', '4c5a10a2-fb8c-45c4-8323-552053be7c49', 0, 0, 0);
INSERT INTO stock_adjustments (id, reference, location_id, reason, status, created_by, created_at) VALUES ('b078902b-0c43-419c-a01a-fc990bce1c15', 'ADJ-MMQ6PQNV0536', 'a9b3032a-32eb-41ac-ad9b-462d27a72500', 'Audit correction', 'draft', '119476c5-3048-4c8a-b2b7-2fb24901fbc2', '2026-03-08T00:59:20.731Z');
INSERT INTO adjustment_lines (id, adjustment_id, product_id, counted_qty, system_qty, difference) VALUES ('0cbde36c-8331-444d-a6c4-5cad86ff8ea3', 'b078902b-0c43-419c-a01a-fc990bce1c15', '1ca9862f-d128-47f7-bc19-537e7d985236', 7, 0, 7);
INSERT INTO stock_adjustments (id, reference, location_id, reason, status, created_by, created_at) VALUES ('601afcd5-b077-4c75-964f-06580b7e22ed', 'ADJ-MMQ6PQNV0537', '52a0d542-7526-475e-ba69-9eb68de75cda', 'Shrinkage', 'draft', '21074ecf-55dd-4b77-ba3c-7a6cf6b68c66', '2026-03-06T01:08:20.731Z');
INSERT INTO adjustment_lines (id, adjustment_id, product_id, counted_qty, system_qty, difference) VALUES ('7dac63df-8bdb-4219-bc6a-177e5a64b82f', '601afcd5-b077-4c75-964f-06580b7e22ed', 'bae0590b-d7cc-40d6-b857-fbf7d0c17ae1', 0, 0, 0);
INSERT INTO stock_adjustments (id, reference, location_id, reason, status, created_by, created_at) VALUES ('7a317cb0-606e-44b2-b21a-82ec85c3b5e0', 'ADJ-MMQ6PQNV0538', '3b93c1c0-daa7-4826-9a3c-90f99b2d9710', 'Audit correction', 'draft', 'a5ff0611-f9b3-489f-a472-d356909d5f83', '2026-03-06T02:29:20.731Z');
INSERT INTO adjustment_lines (id, adjustment_id, product_id, counted_qty, system_qty, difference) VALUES ('baed1899-e787-45e2-927e-bf0aa9b644b8', '7a317cb0-606e-44b2-b21a-82ec85c3b5e0', '5ee1e659-db33-491b-a1c1-22d704fb03fc', 0, 0, 0);
INSERT INTO stock_adjustments (id, reference, location_id, reason, status, created_by, created_at) VALUES ('9b16aad4-914b-4032-9c83-2dd0eb3cdfe6', 'ADJ-MMQ6PQNV0539', 'aa0bfb79-7358-4643-a1ca-e90eabdee0fd', 'Damaged goods', 'draft', '393bbde3-8e3d-4998-956c-b4b1220b1756', '2026-03-07T05:56:20.731Z');
INSERT INTO adjustment_lines (id, adjustment_id, product_id, counted_qty, system_qty, difference) VALUES ('7edd2bce-2a45-4271-8b9e-a58b81775bae', '9b16aad4-914b-4032-9c83-2dd0eb3cdfe6', '67a18037-e61f-443d-9abf-c942bd70afa8', 5, 0, 5);

